  0
SECTION
  2
HEADER
  9
$ACADVER
  1
AC1032
  9
$ACADMAINTVER
 90
      251
  9
$DWGCODEPAGE
  3
ANSI_1252
  9
$REQUIREDVERSIONS
160
                 0
  9
$INSBASE
 10
0.0
 20
0.0
 30
0.0
  9
$EXTMIN
 10
1.000000000000000E+20
 20
1.000000000000000E+20
 30
1.000000000000000E+20
  9
$EXTMAX
 10
-1.000000000000000E+20
 20
-1.000000000000000E+20
 30
-1.000000000000000E+20
  9
$LIMMIN
 10
0.0
 20
0.0
  9
$LIMMAX
 10
12.0
 20
9.0
  9
$ORTHOMODE
 70
     0
  9
$REGENMODE
 70
     1
  9
$FILLMODE
 70
     1
  9
$QTEXTMODE
 70
     0
  9
$MIRRTEXT
 70
     0
  9
$LTSCALE
 40
1.0
  9
$ATTMODE
 70
     1
  9
$TEXTSIZE
 40
0.2
  9
$TRACEWID
 40
0.05
  9
$TEXTSTYLE
  7
Standard
  9
$CLAYER
  8
0
  9
$CELTYPE
  6
ByLayer
  9
$CECOLOR
 62
   256
  9
$CELTSCALE
 40
1.0
  9
$DISPSILH
 70
     0
  9
$DIMSCALE
 40
1.0
  9
$DIMASZ
 40
0.18
  9
$DIMEXO
 40
0.0625
  9
$DIMDLI
 40
0.38
  9
$DIMRND
 40
0.0
  9
$DIMDLE
 40
0.0
  9
$DIMEXE
 40
0.18
  9
$DIMTP
 40
0.0
  9
$DIMTM
 40
0.0
  9
$DIMTXT
 40
0.18
  9
$DIMCEN
 40
0.09
  9
$DIMTSZ
 40
0.0
  9
$DIMTOL
 70
     0
  9
$DIMLIM
 70
     0
  9
$DIMTIH
 70
     1
  9
$DIMTOH
 70
     1
  9
$DIMSE1
 70
     0
  9
$DIMSE2
 70
     0
  9
$DIMTAD
 70
     0
  9
$DIMZIN
 70
     0
  9
$DIMBLK
  1

  9
$DIMASO
 70
     1
  9
$DIMSHO
 70
     1
  9
$DIMPOST
  1

  9
$DIMAPOST
  1

  9
$DIMALT
 70
     0
  9
$DIMALTD
 70
     2
  9
$DIMALTF
 40
25.4
  9
$DIMLFAC
 40
1.0
  9
$DIMTOFL
 70
     0
  9
$DIMTVP
 40
0.0
  9
$DIMTIX
 70
     0
  9
$DIMSOXD
 70
     0
  9
$DIMSAH
 70
     0
  9
$DIMBLK1
  1

  9
$DIMBLK2
  1

  9
$DIMSTYLE
  2
Standard
  9
$DIMCLRD
 70
     0
  9
$DIMCLRE
 70
     0
  9
$DIMCLRT
 70
     0
  9
$DIMTFAC
 40
1.0
  9
$DIMGAP
 40
0.09
  9
$DIMJUST
 70
     0
  9
$DIMSD1
 70
     0
  9
$DIMSD2
 70
     0
  9
$DIMTOLJ
 70
     1
  9
$DIMTZIN
 70
     0
  9
$DIMALTZ
 70
     0
  9
$DIMALTTZ
 70
     0
  9
$DIMUPT
 70
     0
  9
$DIMDEC
 70
     4
  9
$DIMTDEC
 70
     4
  9
$DIMALTU
 70
     2
  9
$DIMALTTD
 70
     2
  9
$DIMTXSTY
  7
Standard
  9
$DIMAUNIT
 70
     0
  9
$DIMADEC
 70
     0
  9
$DIMALTRND
 40
0.0
  9
$DIMAZIN
 70
     0
  9
$DIMDSEP
 70
    46
  9
$DIMATFIT
 70
     3
  9
$DIMFRAC
 70
     0
  9
$DIMLDRBLK
  1

  9
$DIMLUNIT
 70
     2
  9
$DIMLWD
 70
    -2
  9
$DIMLWE
 70
    -2
  9
$DIMTMOVE
 70
     0
  9
$DIMFXL
 40
1.0
  9
$DIMFXLON
 70
     0
  9
$DIMJOGANG
 40
0.7853981633974483
  9
$DIMTFILL
 70
     0
  9
$DIMTFILLCLR
 70
     0
  9
$DIMARCSYM
 70
     0
  9
$DIMLTYPE
  6

  9
$DIMLTEX1
  6

  9
$DIMLTEX2
  6

  9
$DIMTXTDIRECTION
 70
     0
  9
$LUNITS
 70
     2
  9
$LUPREC
 70
     4
  9
$SKETCHINC
 40
0.1
  9
$FILLETRAD
 40
0.0
  9
$AUNITS
 70
     0
  9
$AUPREC
 70
     0
  9
$MENU
  1
.
  9
$ELEVATION
 40
0.0
  9
$PELEVATION
 40
0.0
  9
$THICKNESS
 40
0.0
  9
$LIMCHECK
 70
     0
  9
$CHAMFERA
 40
0.0
  9
$CHAMFERB
 40
0.0
  9
$CHAMFERC
 40
0.0
  9
$CHAMFERD
 40
0.0
  9
$SKPOLY
 70
     0
  9
$TDCREATE
 40
2461201.524756944
  9
$TDUCREATE
 40
2461201.483090278
  9
$TDUPDATE
 40
2461201.524756944
  9
$TDUUPDATE
 40
2461201.483090278
  9
$TDINDWG
 40
0.0000000000
  9
$TDUSRTIMER
 40
0.0000000000
  9
$USRTIMER
 70
     1
  9
$ANGBASE
 50
0.0
  9
$ANGDIR
 70
     0
  9
$PDMODE
 70
     0
  9
$PDSIZE
 40
0.0
  9
$PLINEWID
 40
0.0
  9
$SPLFRAME
 70
     0
  9
$SPLINETYPE
 70
     6
  9
$SPLINESEGS
 70
     8
  9
$HANDSEED
  5
F5
  9
$SURFTAB1
 70
     6
  9
$SURFTAB2
 70
     6
  9
$SURFTYPE
 70
     6
  9
$SURFU
 70
     6
  9
$SURFV
 70
     6
  9
$UCSBASE
  2

  9
$UCSNAME
  2

  9
$UCSORG
 10
0.0
 20
0.0
 30
0.0
  9
$UCSXDIR
 10
1.0
 20
0.0
 30
0.0
  9
$UCSYDIR
 10
0.0
 20
1.0
 30
0.0
  9
$UCSORTHOREF
  2

  9
$UCSORTHOVIEW
 70
     0
  9
$UCSORGTOP
 10
0.0
 20
0.0
 30
0.0
  9
$UCSORGBOTTOM
 10
0.0
 20
0.0
 30
0.0
  9
$UCSORGLEFT
 10
0.0
 20
0.0
 30
0.0
  9
$UCSORGRIGHT
 10
0.0
 20
0.0
 30
0.0
  9
$UCSORGFRONT
 10
0.0
 20
0.0
 30
0.0
  9
$UCSORGBACK
 10
0.0
 20
0.0
 30
0.0
  9
$PUCSBASE
  2

  9
$PUCSNAME
  2

  9
$PUCSORG
 10
0.0
 20
0.0
 30
0.0
  9
$PUCSXDIR
 10
1.0
 20
0.0
 30
0.0
  9
$PUCSYDIR
 10
0.0
 20
1.0
 30
0.0
  9
$PUCSORTHOREF
  2

  9
$PUCSORTHOVIEW
 70
     0
  9
$PUCSORGTOP
 10
0.0
 20
0.0
 30
0.0
  9
$PUCSORGBOTTOM
 10
0.0
 20
0.0
 30
0.0
  9
$PUCSORGLEFT
 10
0.0
 20
0.0
 30
0.0
  9
$PUCSORGRIGHT
 10
0.0
 20
0.0
 30
0.0
  9
$PUCSORGFRONT
 10
0.0
 20
0.0
 30
0.0
  9
$PUCSORGBACK
 10
0.0
 20
0.0
 30
0.0
  9
$USERI1
 70
     0
  9
$USERI2
 70
     0
  9
$USERI3
 70
     0
  9
$USERI4
 70
     0
  9
$USERI5
 70
     0
  9
$USERR1
 40
0.0
  9
$USERR2
 40
0.0
  9
$USERR3
 40
0.0
  9
$USERR4
 40
0.0
  9
$USERR5
 40
0.0
  9
$WORLDVIEW
 70
     1
  9
$SHADEDGE
 70
     3
  9
$SHADEDIF
 70
    70
  9
$TILEMODE
 70
     1
  9
$MAXACTVP
 70
    64
  9
$PINSBASE
 10
0.0
 20
0.0
 30
0.0
  9
$PLIMCHECK
 70
     0
  9
$PEXTMIN
 10
1.000000000000000E+20
 20
1.000000000000000E+20
 30
1.000000000000000E+20
  9
$PEXTMAX
 10
-1.000000000000000E+20
 20
-1.000000000000000E+20
 30
-1.000000000000000E+20
  9
$PLIMMIN
 10
0.0
 20
0.0
  9
$PLIMMAX
 10
12.0
 20
9.0
  9
$UNITMODE
 70
     0
  9
$VISRETAIN
 70
     1
  9
$PLINEGEN
 70
     0
  9
$PSLTSCALE
 70
     1
  9
$TREEDEPTH
 70
  3020
  9
$CMLSTYLE
  2
Standard
  9
$CMLJUST
 70
     0
  9
$CMLSCALE
 40
1.0
  9
$PROXYGRAPHICS
 70
     1
  9
$MEASUREMENT
 70
     0
  9
$CELWEIGHT
370
    -1
  9
$ENDCAPS
280
     0
  9
$JOINSTYLE
280
     0
  9
$LWDISPLAY
290
     1
  9
$INSUNITS
 70
     0
  9
$HYPERLINKBASE
  1

  9
$STYLESHEET
  1

  9
$XEDIT
290
     1
  9
$CEPSNTYPE
380
     0
  9
$PSTYLEMODE
290
     1
  9
$FINGERPRINTGUID
  2
{8E8E3F36-0037-3645-ACDB-3D011895F104}
  9
$VERSIONGUID
  2
{FC4B2D39-351B-BB41-AEE2-A7512F40C5C2}
  9
$EXTNAMES
290
     1
  9
$PSVPSCALE
 40
0.0
  9
$OLESTARTUP
290
     0
  9
$SORTENTS
280
   127
  9
$INDEXCTL
280
     0
  9
$HIDETEXT
280
     1
  9
$XCLIPFRAME
280
     2
  9
$HALOGAP
280
     0
  9
$OBSCOLOR
 70
   257
  9
$OBSLTYPE
280
     0
  9
$INTERSECTIONDISPLAY
280
     0
  9
$INTERSECTIONCOLOR
 70
   257
  9
$DIMASSOC
280
     2
  9
$PROJECTNAME
  1

  9
$CAMERADISPLAY
290
     0
  9
$LENSLENGTH
 40
50.0
  9
$CAMERAHEIGHT
 40
0.0
  9
$STEPSPERSEC
 40
2.0
  9
$STEPSIZE
 40
6.0
  9
$3DDWFPREC
 40
2.0
  9
$PSOLWIDTH
 40
0.25
  9
$PSOLHEIGHT
 40
4.0
  9
$LOFTANG1
 40
1.570796326794896
  9
$LOFTANG2
 40
1.570796326794896
  9
$LOFTMAG1
 40
0.0
  9
$LOFTMAG2
 40
0.0
  9
$LOFTPARAM
 70
     7
  9
$LOFTNORMALS
280
     1
  9
$LATITUDE
 40
37.795
  9
$LONGITUDE
 40
-122.394
  9
$NORTHDIRECTION
 40
0.0
  9
$TIMEZONE
 70
 -8000
  9
$LIGHTGLYPHDISPLAY
280
     1
  9
$TILEMODELIGHTSYNCH
280
     1
  9
$CMATERIAL
347
11
  9
$SOLIDHIST
280
     0
  9
$SHOWHIST
280
     1
  9
$DWFFRAME
280
     2
  9
$DGNFRAME
280
     0
  9
$REALWORLDSCALE
290
     1
  9
$INTERFERECOLOR
 62
     1
  9
$INTERFEREOBJVS
345
33
  9
$INTERFEREVPVS
346
30
  9
$CSHADOW
280
     0
  9
$SHADOWPLANELOCATION
 40
0.0
  0
ENDSEC
  0
SECTION
  2
CLASSES
  0
CLASS
  1
ACDBDICTIONARYWDFLT
  2
AcDbDictionaryWithDefault
  3
ObjectDBX Classes
 90
        0
 91
        1
280
     0
281
     0
  0
CLASS
  1
MATERIAL
  2
AcDbMaterial
  3
ObjectDBX Classes
 90
     1153
 91
        3
280
     0
281
     0
  0
CLASS
  1
VISUALSTYLE
  2
AcDbVisualStyle
  3
ObjectDBX Classes
 90
     4095
 91
       24
280
     0
281
     0
  0
CLASS
  1
SCALE
  2
AcDbScale
  3
ObjectDBX Classes
 90
     1153
 91
       17
280
     0
281
     0
  0
CLASS
  1
TABLESTYLE
  2
AcDbTableStyle
  3
ObjectDBX Classes
 90
     4095
 91
        1
280
     0
281
     0
  0
CLASS
  1
MLEADERSTYLE
  2
AcDbMLeaderStyle
  3
ACDB_MLEADERSTYLE_CLASS
 90
     4095
 91
        1
280
     0
281
     0
  0
CLASS
  1
ACDBSECTIONVIEWSTYLE
  2
AcDbSectionViewStyle
  3
ObjectDBX Classes
 90
     1025
 91
        1
280
     0
281
     0
  0
CLASS
  1
ACDBDETAILVIEWSTYLE
  2
AcDbDetailViewStyle
  3
ObjectDBX Classes
 90
     1025
 91
        1
280
     0
281
     0
  0
CLASS
  1
DICTIONARYVAR
  2
AcDbDictionaryVar
  3
ObjectDBX Classes
 90
        0
 91
        5
280
     0
281
     0
  0
CLASS
  1
CELLSTYLEMAP
  2
AcDbCellStyleMap
  3
ObjectDBX Classes
 90
     1152
 91
        1
280
     0
281
     0
  0
ENDSEC
  0
SECTION
  2
TABLES
  0
TABLE
  2
VPORT
  5
8
330
0
100
AcDbSymbolTable
 70
     1
  0
VPORT
  5
57
330
8
100
AcDbSymbolTableRecord
100
AcDbViewportTableRecord
  2
*Active
 70
     0
 10
0.0
 20
0.0
 11
1.0
 21
1.0
 12
0.0
 22
0.0
 13
0.0
 23
0.0
 14
1.0
 24
1.0
 15
0.0
 25
0.0
 16
0.0
 26
0.0
 36
1.0
 17
1280.0
 27
-800.0
 37
0.0
 40
1632.0
 41
1.599999999999999
 42
50.0
 43
0.0
 44
0.0
 50
0.0
 51
0.0
 71
     0
 72
   100
 73
     1
 74
     1
 75
     0
 76
     0
 77
     0
 78
     0
281
     0
 65
     1
110
0.0
120
0.0
130
0.0
111
1.0
121
0.0
131
0.0
112
0.0
122
1.0
132
0.0
 79
     0
146
0.0
 60
     3
 61
     5
292
     1
282
     1
141
0.0
142
0.0
 63
   250
421
  3355443
  0
ENDTAB
  0
TABLE
  2
LTYPE
  5
5
330
0
100
AcDbSymbolTable
 70
     1
  0
LTYPE
  5
5B
330
5
100
AcDbSymbolTableRecord
100
AcDbLinetypeTableRecord
  2
ByBlock
 70
     0
  3

 72
    65
 73
     0
 40
0.0
  0
LTYPE
  5
5C
330
5
100
AcDbSymbolTableRecord
100
AcDbLinetypeTableRecord
  2
ByLayer
 70
     0
  3

 72
    65
 73
     0
 40
0.0
  0
LTYPE
  5
5D
330
5
100
AcDbSymbolTableRecord
100
AcDbLinetypeTableRecord
  2
Continuous
 70
     0
  3
Solid line
 72
    65
 73
     0
 40
0.0
  0
ENDTAB
  0
TABLE
  2
LAYER
  5
2
330
0
100
AcDbSymbolTable
 70
     2
  0
LAYER
  5
54
330
2
100
AcDbSymbolTableRecord
100
AcDbLayerTableRecord
  2
0
 70
     0
 62
     7
  6
Continuous
370
    -3
390
F
347
21
348
0
  0
LAYER
  5
78
330
2
100
AcDbSymbolTableRecord
100
AcDbLayerTableRecord
  2
Layer 1
 70
     0
 62
     7
  6
Continuous
370
     0
390
F
347
21
348
0
  0
ENDTAB
  0
TABLE
  2
STYLE
  5
3
330
0
100
AcDbSymbolTable
 70
     2
  0
STYLE
  5
55
330
3
100
AcDbSymbolTableRecord
100
AcDbTextStyleTableRecord
  2
Standard
 70
     0
 40
0.0
 41
1.0
 50
0.0
 71
     0
 42
0.2
  3
txt
  4

  0
STYLE
  5
5A
330
3
100
AcDbSymbolTableRecord
100
AcDbTextStyleTableRecord
  2
Annotative
 70
     0
 40
0.0
 41
1.0
 50
0.0
 71
     0
 42
0.2
  3
txt
  4

1001
AcadAnnotative
1000
AnnotativeData
1002
{
1070
     1
1070
     1
1002
}
  0
ENDTAB
  0
TABLE
  2
VIEW
  5
6
330
0
100
AcDbSymbolTable
 70
     0
  0
ENDTAB
  0
TABLE
  2
UCS
  5
7
330
0
100
AcDbSymbolTable
 70
     0
  0
ENDTAB
  0
TABLE
  2
APPID
  5
9
330
0
100
AcDbSymbolTable
 70
     2
  0
APPID
  5
56
330
9
100
AcDbSymbolTableRecord
100
AcDbRegAppTableRecord
  2
ACAD
 70
     0
  0
APPID
  5
5E
330
9
100
AcDbSymbolTableRecord
100
AcDbRegAppTableRecord
  2
AcadAnnotative
 70
     0
  0
ENDTAB
  0
TABLE
  2
DIMSTYLE
  5
A
330
0
100
AcDbSymbolTable
 70
     2
100
AcDbDimStyleTable
 71
     0
  0
DIMSTYLE
105
58
330
A
100
AcDbSymbolTableRecord
100
AcDbDimStyleTableRecord
  2
Standard
 70
     0
340
55
  0
DIMSTYLE
105
59
330
A
100
AcDbSymbolTableRecord
100
AcDbDimStyleTableRecord
  2
Annotative
 70
     0
340
55
1001
AcadAnnotative
1000
AnnotativeData
1002
{
1070
     1
1070
     1
1002
}
  0
ENDTAB
  0
TABLE
  2
BLOCK_RECORD
  5
1
330
0
100
AcDbSymbolTable
 70
     4
  0
BLOCK_RECORD
  5
70
330
1
100
AcDbSymbolTableRecord
100
AcDbBlockTableRecord
  2
*Model_Space
340
73
 70
     0
280
     1
281
     0
  0
BLOCK_RECORD
  5
6C
330
1
100
AcDbSymbolTableRecord
100
AcDbBlockTableRecord
  2
*Paper_Space
340
6F
 70
     0
280
     1
281
     0
  0
BLOCK_RECORD
  5
74
330
1
100
AcDbSymbolTableRecord
100
AcDbBlockTableRecord
  2
*Paper_Space0
340
77
 70
     0
280
     1
281
     0
  0
BLOCK_RECORD
  5
7B
330
1
100
AcDbSymbolTableRecord
100
AcDbBlockTableRecord
  2
Block_0
340
0
102
{BLKREFS
331
7C
102
}
 70
     0
280
     1
281
     0
  0
BLOCK_RECORD
  5
A1
330
1
100
AcDbSymbolTableRecord
100
AcDbBlockTableRecord
  2
Block_1
340
0
102
{BLKREFS
331
A2
102
}
 70
     0
280
     1
281
     0
  0
BLOCK_RECORD
  5
B5
330
1
100
AcDbSymbolTableRecord
100
AcDbBlockTableRecord
  2
Block_2
340
0
102
{BLKREFS
331
B6
102
}
 70
     0
280
     1
281
     0
  0
ENDTAB
  0
ENDSEC
  0
SECTION
  2
BLOCKS
  0
BLOCK
  5
71
330
70
100
AcDbEntity
  8
0
100
AcDbBlockBegin
  2
*Model_Space
 70
     0
 10
0.0
 20
0.0
 30
0.0
  3
*Model_Space
  1

  0
ENDBLK
  5
72
330
70
100
AcDbEntity
  8
0
100
AcDbBlockEnd
  0
BLOCK
  5
6D
330
6C
100
AcDbEntity
 67
     1
  8
0
100
AcDbBlockBegin
  2
*Paper_Space
 70
     0
 10
0.0
 20
0.0
 30
0.0
  3
*Paper_Space
  1

  0
ENDBLK
  5
6E
330
6C
100
AcDbEntity
 67
     1
  8
0
100
AcDbBlockEnd
  0
BLOCK
  5
75
330
74
100
AcDbEntity
 67
     1
  8
0
100
AcDbBlockBegin
  2
*Paper_Space0
 70
     0
 10
0.0
 20
0.0
 30
0.0
  3
*Paper_Space0
  1

  0
ENDBLK
  5
76
330
74
100
AcDbEntity
 67
     1
  8
0
100
AcDbBlockEnd
  0
BLOCK
  5
7D
330
7B
100
AcDbEntity
  8
0
100
AcDbBlockBegin
  2
Block_0
 70
     0
 10
0.0
 20
0.0
 30
0.0
  3
Block_0
  1

  0
SPLINE
  5
7F
330
7B
100
AcDbEntity
  8
Layer 1
100
AcDbSpline
210
0.0
220
0.0
230
1.0
 70
    11
 71
     3
 72
    38
 73
    34
 74
     0
 42
0.0000000001
 43
0.0000000001
 40
0.0
 40
0.0
 40
0.0
 40
0.0
 40
1.0
 40
1.0
 40
1.0
 40
2.0
 40
2.0
 40
2.0
 40
3.0
 40
3.0
 40
3.0
 40
4.0
 40
4.0
 40
4.0
 40
5.0
 40
5.0
 40
5.0
 40
6.0
 40
6.0
 40
6.0
 40
7.0
 40
7.0
 40
7.0
 40
8.0
 40
8.0
 40
8.0
 40
9.0
 40
9.0
 40
9.0
 40
10.0
 40
10.0
 40
10.0
 40
11.0
 40
11.0
 40
11.0
 40
11.0
 10
201.41455078125
 20
-388.587890625
 30
0.0
 10
201.41455078125
 20
-388.587890625
 30
0.0
 10
201.55810546875
 20
-388.73193359375
 30
0.0
 10
201.55810546875
 20
-388.73193359375
 30
0.0
 10
201.55810546875
 20
-388.73193359375
 30
0.0
 10
201.55810546875
 20
-410.18505859375
 30
0.0
 10
201.55810546875
 20
-410.18505859375
 30
0.0
 10
201.55810546875
 20
-410.18505859375
 30
0.0
 10
213.29296875
 20
-410.18505859375
 30
0.0
 10
213.29296875
 20
-410.18505859375
 30
0.0
 10
213.29296875
 20
-410.18505859375
 30
0.0
 10
213.43701171875
 20
-410.365234375
 30
0.0
 10
213.43701171875
 20
-410.365234375
 30
0.0
 10
213.43701171875
 20
-410.365234375
 30
0.0
 10
213.43701171875
 20
-413.640625
 30
0.0
 10
213.43701171875
 20
-413.640625
 30
0.0
 10
213.43701171875
 20
-413.640625
 30
0.0
 10
213.29296875
 20
-413.7846679687499
 30
0.0
 10
213.29296875
 20
-413.7846679687499
 30
0.0
 10
213.29296875
 20
-413.7846679687499
 30
0.0
 10
198.1025390625
 20
-413.7846679687499
 30
0.0
 10
198.1025390625
 20
-413.7846679687499
 30
0.0
 10
198.1025390625
 20
-413.7846679687499
 30
0.0
 10
197.95849609375
 20
-413.640625
 30
0.0
 10
197.95849609375
 20
-413.640625
 30
0.0
 10
197.95849609375
 20
-413.640625
 30
0.0
 10
197.95849609375
 20
-388.73193359375
 30
0.0
 10
197.95849609375
 20
-388.73193359375
 30
0.0
 10
197.95849609375
 20
-388.73193359375
 30
0.0
 10
198.1025390625
 20
-388.587890625
 30
0.0
 10
198.1025390625
 20
-388.587890625
 30
0.0
 10
198.1025390625
 20
-388.587890625
 30
0.0
 10
201.41455078125
 20
-388.587890625
 30
0.0
 10
201.41455078125
 20
-388.587890625
 30
0.0
  0
HATCH
  5
80
330
7B
100
AcDbEntity
  8
Layer 1
 62
    40
420
 16494651
440
 33554687
100
AcDbHatch
 10
0.0
 20
0.0
 30
0.0
210
0.0
220
0.0
230
1.0
  2
SOLID
 70
     1
 71
     1
 91
        1
 92
        1
 93
        1
 72
     4
 94
        3
 73
     0
 74
     0
 95
       38
 96
       34
 40
0.0
 40
0.0
 40
0.0
 40
0.0
 40
1.0
 40
1.0
 40
1.0
 40
2.0
 40
2.0
 40
2.0
 40
3.0
 40
3.0
 40
3.0
 40
4.0
 40
4.0
 40
4.0
 40
5.0
 40
5.0
 40
5.0
 40
6.0
 40
6.0
 40
6.0
 40
7.0
 40
7.0
 40
7.0
 40
8.0
 40
8.0
 40
8.0
 40
9.0
 40
9.0
 40
9.0
 40
10.0
 40
10.0
 40
10.0
 40
11.0
 40
11.0
 40
11.0
 40
11.0
 10
201.41455078125
 20
-388.587890625
 10
201.41455078125
 20
-388.587890625
 10
201.55810546875
 20
-388.73193359375
 10
201.55810546875
 20
-388.73193359375
 10
201.55810546875
 20
-388.73193359375
 10
201.55810546875
 20
-410.18505859375
 10
201.55810546875
 20
-410.18505859375
 10
201.55810546875
 20
-410.18505859375
 10
213.29296875
 20
-410.18505859375
 10
213.29296875
 20
-410.18505859375
 10
213.29296875
 20
-410.18505859375
 10
213.43701171875
 20
-410.365234375
 10
213.43701171875
 20
-410.365234375
 10
213.43701171875
 20
-410.365234375
 10
213.43701171875
 20
-413.640625
 10
213.43701171875
 20
-413.640625
 10
213.43701171875
 20
-413.640625
 10
213.29296875
 20
-413.7846679687499
 10
213.29296875
 20
-413.7846679687499
 10
213.29296875
 20
-413.7846679687499
 10
198.1025390625
 20
-413.7846679687499
 10
198.1025390625
 20
-413.7846679687499
 10
198.1025390625
 20
-413.7846679687499
 10
197.95849609375
 20
-413.640625
 10
197.95849609375
 20
-413.640625
 10
197.95849609375
 20
-413.640625
 10
197.95849609375
 20
-388.73193359375
 10
197.95849609375
 20
-388.73193359375
 10
197.95849609375
 20
-388.73193359375
 10
198.1025390625
 20
-388.587890625
 10
198.1025390625
 20
-388.587890625
 10
198.1025390625
 20
-388.587890625
 10
201.41455078125
 20
-388.587890625
 10
201.41455078125
 20
-388.587890625
 97
        0
 97
        1
330
7F
 75
     2
 76
     1
 98
        1
 10
0.0
 20
0.0
450
        0
451
        0
460
0.0
461
0.0
452
        0
462
0.0
453
        0
470

  0
SPLINE
  5
81
330
7B
100
AcDbEntity
  8
Layer 1
100
AcDbSpline
210
0.0
220
0.0
230
1.0
 70
    11
 71
     3
 72
    29
 73
    25
 74
     0
 42
0.0000000001
 43
0.0000000001
 40
0.0
 40
0.0
 40
0.0
 40
0.0
 40
1.0
 40
1.0
 40
1.0
 40
2.0
 40
2.0
 40
2.0
 40
3.0
 40
3.0
 40
3.0
 40
4.0
 40
4.0
 40
4.0
 40
5.0
 40
5.0
 40
5.0
 40
6.0
 40
6.0
 40
6.0
 40
7.0
 40
7.0
 40
7.0
 40
8.0
 40
8.0
 40
8.0
 40
8.0
 10
220.818359375
 20
-388.587890625
 30
0.0
 10
220.818359375
 20
-388.587890625
 30
0.0
 10
220.998046875
 20
-388.767578125
 30
0.0
 10
220.998046875
 20
-388.767578125
 30
0.0
 10
220.998046875
 20
-388.767578125
 30
0.0
 10
220.998046875
 20
-413.6044921875
 30
0.0
 10
220.998046875
 20
-413.6044921875
 30
0.0
 10
220.998046875
 20
-413.6044921875
 30
0.0
 10
220.818359375
 20
-413.7846679687499
 30
0.0
 10
220.818359375
 20
-413.7846679687499
 30
0.0
 10
220.818359375
 20
-413.7846679687499
 30
0.0
 10
217.57861328125
 20
-413.7846679687499
 30
0.0
 10
217.57861328125
 20
-413.7846679687499
 30
0.0
 10
217.57861328125
 20
-413.7846679687499
 30
0.0
 10
217.39892578125
 20
-413.6044921875
 30
0.0
 10
217.39892578125
 20
-413.6044921875
 30
0.0
 10
217.39892578125
 20
-413.6044921875
 30
0.0
 10
217.39892578125
 20
-388.767578125
 30
0.0
 10
217.39892578125
 20
-388.767578125
 30
0.0
 10
217.39892578125
 20
-388.767578125
 30
0.0
 10
217.57861328125
 20
-388.587890625
 30
0.0
 10
217.57861328125
 20
-388.587890625
 30
0.0
 10
217.57861328125
 20
-388.587890625
 30
0.0
 10
220.818359375
 20
-388.587890625
 30
0.0
 10
220.818359375
 20
-388.587890625
 30
0.0
  0
HATCH
  5
82
330
7B
100
AcDbEntity
  8
Layer 1
 62
    40
420
 16494651
440
 33554687
100
AcDbHatch
 10
0.0
 20
0.0
 30
0.0
210
0.0
220
0.0
230
1.0
  2
SOLID
 70
     1
 71
     1
 91
        1
 92
        1
 93
        1
 72
     4
 94
        3
 73
     0
 74
     0
 95
       29
 96
       25
 40
0.0
 40
0.0
 40
0.0
 40
0.0
 40
1.0
 40
1.0
 40
1.0
 40
2.0
 40
2.0
 40
2.0
 40
3.0
 40
3.0
 40
3.0
 40
4.0
 40
4.0
 40
4.0
 40
5.0
 40
5.0
 40
5.0
 40
6.0
 40
6.0
 40
6.0
 40
7.0
 40
7.0
 40
7.0
 40
8.0
 40
8.0
 40
8.0
 40
8.0
 10
220.818359375
 20
-388.587890625
 10
220.818359375
 20
-388.587890625
 10
220.998046875
 20
-388.767578125
 10
220.998046875
 20
-388.767578125
 10
220.998046875
 20
-388.767578125
 10
220.998046875
 20
-413.6044921875
 10
220.998046875
 20
-413.6044921875
 10
220.998046875
 20
-413.6044921875
 10
220.818359375
 20
-413.7846679687499
 10
220.818359375
 20
-413.7846679687499
 10
220.818359375
 20
-413.7846679687499
 10
217.57861328125
 20
-413.7846679687499
 10
217.57861328125
 20
-413.7846679687499
 10
217.57861328125
 20
-413.7846679687499
 10
217.39892578125
 20
-413.6044921875
 10
217.39892578125
 20
-413.6044921875
 10
217.39892578125
 20
-413.6044921875
 10
217.39892578125
 20
-388.767578125
 10
217.39892578125
 20
-388.767578125
 10
217.39892578125
 20
-388.767578125
 10
217.57861328125
 20
-388.587890625
 10
217.57861328125
 20
-388.587890625
 10
217.57861328125
 20
-388.587890625
 10
220.818359375
 20
-388.587890625
 10
220.818359375
 20
-388.587890625
 97
        0
 97
        1
330
81
 75
     2
 76
     1
 98
        1
 10
0.0
 20
0.0
450
        0
451
        0
460
0.0
461
0.0
452
        0
462
0.0
453
        0
470

  0
SPLINE
  5
83
330
7B
100
AcDbEntity
  8
Layer 1
100
AcDbSpline
210
0.0
220
0.0
230
1.0
 70
     9
 71
     3
 72
    59
 73
    55
 74
     0
 42
0.0000000001
 43
0.0000000001
 40
0.0
 40
0.0
 40
0.0
 40
0.0
 40
1.0
 40
1.0
 40
1.0
 40
2.0
 40
2.0
 40
2.0
 40
3.0
 40
3.0
 40
3.0
 40
4.0
 40
4.0
 40
4.0
 40
5.0
 40
5.0
 40
5.0
 40
6.0
 40
6.0
 40
6.0
 40
7.0
 40
7.0
 40
7.0
 40
8.0
 40
8.0
 40
8.0
 40
9.0
 40
9.0
 40
9.0
 40
10.0
 40
10.0
 40
10.0
 40
11.0
 40
11.0
 40
11.0
 40
12.0
 40
12.0
 40
12.0
 40
13.0
 40
13.0
 40
13.0
 40
14.0
 40
14.0
 40
14.0
 40
15.0
 40
15.0
 40
15.0
 40
16.0
 40
16.0
 40
16.0
 40
17.0
 40
17.0
 40
17.0
 40
18.0
 40
18.0
 40
18.0
 40
18.0
 10
248.17578125
 20
-394.70703125
 30
0.0
 10
245.8359375
 20
-392.54736328125
 30
0.0
 10
242.41650390625
 20
-391.82763671875
 30
0.0
 10
239.35693359375
 20
-391.82763671875
 30
0.0
 10
233.77783203125
 20
-391.82763671875
 30
0.0
 10
229.818359375
 20
-395.966796875
 30
0.0
 10
229.818359375
 20
-401.18603515625
 30
0.0
 10
229.818359375
 20
-406.58544921875
 30
0.0
 10
233.95751953125
 20
-410.544921875
 30
0.0
 10
239.537109375
 20
-410.544921875
 30
0.0
 10
241.3369140625
 20
-410.544921875
 30
0.0
 10
243.31640625
 20
-410.18505859375
 30
0.0
 10
245.1162109375
 20
-409.2851562499999
 30
0.0
 10
245.1162109375
 20
-409.2851562499999
 30
0.0
 10
245.1162109375
 20
-403.166015625
 30
0.0
 10
245.1162109375
 20
-403.166015625
 30
0.0
 10
245.1162109375
 20
-403.166015625
 30
0.0
 10
240.2568359375
 20
-403.166015625
 30
0.0
 10
240.2568359375
 20
-403.166015625
 30
0.0
 10
240.2568359375
 20
-403.166015625
 30
0.0
 10
240.07666015625
 20
-402.9858398437499
 30
0.0
 10
240.07666015625
 20
-402.9858398437499
 30
0.0
 10
240.07666015625
 20
-402.9858398437499
 30
0.0
 10
240.07666015625
 20
-399.74658203125
 30
0.0
 10
240.07666015625
 20
-399.74658203125
 30
0.0
 10
240.07666015625
 20
-399.74658203125
 30
0.0
 10
240.2568359375
 20
-399.56640625
 30
0.0
 10
240.2568359375
 20
-399.56640625
 30
0.0
 10
240.2568359375
 20
-399.56640625
 30
0.0
 10
248.53564453125
 20
-399.56640625
 30
0.0
 10
248.53564453125
 20
-399.56640625
 30
0.0
 10
248.53564453125
 20
-399.56640625
 30
0.0
 10
248.7158203125
 20
-399.74658203125
 30
0.0
 10
248.7158203125
 20
-399.74658203125
 30
0.0
 10
248.7158203125
 20
-399.74658203125
 30
0.0
 10
248.7158203125
 20
-411.4448242187499
 30
0.0
 10
248.7158203125
 20
-411.4448242187499
 30
0.0
 10
246.01611328125
 20
-413.4248046875
 30
0.0
 10
242.7763671875
 20
-414.32470703125
 30
0.0
 10
239.537109375
 20
-414.32470703125
 30
0.0
 10
231.7978515625
 20
-414.32470703125
 30
0.0
 10
225.6787109375
 20
-408.5654296875
 30
0.0
 10
225.6787109375
 20
-401.18603515625
 30
0.0
 10
225.6787109375
 20
-393.9873046875
 30
0.0
 10
231.6181640625
 20
-388.0478515625
 30
0.0
 10
239.35693359375
 20
-388.0478515625
 30
0.0
 10
242.7763671875
 20
-388.0478515625
 30
0.0
 10
246.01611328125
 20
-388.587890625
 30
0.0
 10
248.35595703125
 20
-390.3876953125
 30
0.0
 10
248.35595703125
 20
-390.3876953125
 30
0.0
 10
248.35595703125
 20
-394.52685546875
 30
0.0
 10
248.35595703125
 20
-394.52685546875
 30
0.0
 10
248.35595703125
 20
-394.52685546875
 30
0.0
 10
248.17578125
 20
-394.70703125
 30
0.0
 10
248.17578125
 20
-394.70703125
 30
0.0
  0
HATCH
  5
84
330
7B
100
AcDbEntity
  8
Layer 1
 62
    40
420
 16494651
440
 33554687
100
AcDbHatch
 10
0.0
 20
0.0
 30
0.0
210
0.0
220
0.0
230
1.0
  2
SOLID
 70
     1
 71
     1
 91
        1
 92
        1
 93
        1
 72
     4
 94
        3
 73
     0
 74
     0
 95
       59
 96
       55
 40
0.0
 40
0.0
 40
0.0
 40
0.0
 40
1.0
 40
1.0
 40
1.0
 40
2.0
 40
2.0
 40
2.0
 40
3.0
 40
3.0
 40
3.0
 40
4.0
 40
4.0
 40
4.0
 40
5.0
 40
5.0
 40
5.0
 40
6.0
 40
6.0
 40
6.0
 40
7.0
 40
7.0
 40
7.0
 40
8.0
 40
8.0
 40
8.0
 40
9.0
 40
9.0
 40
9.0
 40
10.0
 40
10.0
 40
10.0
 40
11.0
 40
11.0
 40
11.0
 40
12.0
 40
12.0
 40
12.0
 40
13.0
 40
13.0
 40
13.0
 40
14.0
 40
14.0
 40
14.0
 40
15.0
 40
15.0
 40
15.0
 40
16.0
 40
16.0
 40
16.0
 40
17.0
 40
17.0
 40
17.0
 40
18.0
 40
18.0
 40
18.0
 40
18.0
 10
248.17578125
 20
-394.70703125
 10
245.8359375
 20
-392.54736328125
 10
242.41650390625
 20
-391.82763671875
 10
239.35693359375
 20
-391.82763671875
 10
233.77783203125
 20
-391.82763671875
 10
229.818359375
 20
-395.966796875
 10
229.818359375
 20
-401.18603515625
 10
229.818359375
 20
-406.58544921875
 10
233.95751953125
 20
-410.544921875
 10
239.537109375
 20
-410.544921875
 10
241.3369140625
 20
-410.544921875
 10
243.31640625
 20
-410.18505859375
 10
245.1162109375
 20
-409.2851562499999
 10
245.1162109375
 20
-409.2851562499999
 10
245.1162109375
 20
-403.166015625
 10
245.1162109375
 20
-403.166015625
 10
245.1162109375
 20
-403.166015625
 10
240.2568359375
 20
-403.166015625
 10
240.2568359375
 20
-403.166015625
 10
240.2568359375
 20
-403.166015625
 10
240.07666015625
 20
-402.9858398437499
 10
240.07666015625
 20
-402.9858398437499
 10
240.07666015625
 20
-402.9858398437499
 10
240.07666015625
 20
-399.74658203125
 10
240.07666015625
 20
-399.74658203125
 10
240.07666015625
 20
-399.74658203125
 10
240.2568359375
 20
-399.56640625
 10
240.2568359375
 20
-399.56640625
 10
240.2568359375
 20
-399.56640625
 10
248.53564453125
 20
-399.56640625
 10
248.53564453125
 20
-399.56640625
 10
248.53564453125
 20
-399.56640625
 10
248.7158203125
 20
-399.74658203125
 10
248.7158203125
 20
-399.74658203125
 10
248.7158203125
 20
-399.74658203125
 10
248.7158203125
 20
-411.4448242187499
 10
248.7158203125
 20
-411.4448242187499
 10
246.01611328125
 20
-413.4248046875
 10
242.7763671875
 20
-414.32470703125
 10
239.537109375
 20
-414.32470703125
 10
231.7978515625
 20
-414.32470703125
 10
225.6787109375
 20
-408.5654296875
 10
225.6787109375
 20
-401.18603515625
 10
225.6787109375
 20
-393.9873046875
 10
231.6181640625
 20
-388.0478515625
 10
239.35693359375
 20
-388.0478515625
 10
242.7763671875
 20
-388.0478515625
 10
246.01611328125
 20
-388.587890625
 10
248.35595703125
 20
-390.3876953125
 10
248.35595703125
 20
-390.3876953125
 10
248.35595703125
 20
-394.52685546875
 10
248.35595703125
 20
-394.52685546875
 10
248.35595703125
 20
-394.52685546875
 10
248.17578125
 20
-394.70703125
 10
248.17578125
 20
-394.70703125
 97
        0
 97
        1
330
83
 75
     2
 76
     1
 98
        1
 10
0.0
 20
0.0
450
        0
451
        0
460
0.0
461
0.0
452
        0
462
0.0
453
        0
470

  0
SPLINE
  5
85
330
7B
100
AcDbEntity
  8
Layer 1
100
AcDbSpline
210
0.0
220
0.0
230
1.0
 70
    11
 71
     3
 72
    65
 73
    61
 74
     0
 42
0.0000000001
 43
0.0000000001
 40
0.0
 40
0.0
 40
0.0
 40
0.0
 40
1.0
 40
1.0
 40
1.0
 40
2.0
 40
2.0
 40
2.0
 40
3.0
 40
3.0
 40
3.0
 40
4.0
 40
4.0
 40
4.0
 40
5.0
 40
5.0
 40
5.0
 40
6.0
 40
6.0
 40
6.0
 40
7.0
 40
7.0
 40
7.0
 40
8.0
 40
8.0
 40
8.0
 40
9.0
 40
9.0
 40
9.0
 40
10.0
 40
10.0
 40
10.0
 40
11.0
 40
11.0
 40
11.0
 40
12.0
 40
12.0
 40
12.0
 40
13.0
 40
13.0
 40
13.0
 40
14.0
 40
14.0
 40
14.0
 40
15.0
 40
15.0
 40
15.0
 40
16.0
 40
16.0
 40
16.0
 40
17.0
 40
17.0
 40
17.0
 40
18.0
 40
18.0
 40
18.0
 40
19.0
 40
19.0
 40
19.0
 40
20.0
 40
20.0
 40
20.0
 40
20.0
 10
257.5380859375
 20
-388.587890625
 30
0.0
 10
257.5380859375
 20
-388.587890625
 30
0.0
 10
257.7177734375
 20
-388.767578125
 30
0.0
 10
257.7177734375
 20
-388.767578125
 30
0.0
 10
257.7177734375
 20
-388.767578125
 30
0.0
 10
257.7177734375
 20
-398.12646484375
 30
0.0
 10
257.7177734375
 20
-398.12646484375
 30
0.0
 10
257.7177734375
 20
-398.12646484375
 30
0.0
 10
271.39599609375
 20
-398.12646484375
 30
0.0
 10
271.39599609375
 20
-398.12646484375
 30
0.0
 10
271.39599609375
 20
-398.12646484375
 30
0.0
 10
271.39599609375
 20
-388.767578125
 30
0.0
 10
271.39599609375
 20
-388.767578125
 30
0.0
 10
271.39599609375
 20
-388.767578125
 30
0.0
 10
271.576171875
 20
-388.587890625
 30
0.0
 10
271.576171875
 20
-388.587890625
 30
0.0
 10
271.576171875
 20
-388.587890625
 30
0.0
 10
274.81591796875
 20
-388.587890625
 30
0.0
 10
274.81591796875
 20
-388.587890625
 30
0.0
 10
274.81591796875
 20
-388.587890625
 30
0.0
 10
274.99560546875
 20
-388.767578125
 30
0.0
 10
274.99560546875
 20
-388.767578125
 30
0.0
 10
274.99560546875
 20
-388.767578125
 30
0.0
 10
274.99560546875
 20
-413.6044921875
 30
0.0
 10
274.99560546875
 20
-413.6044921875
 30
0.0
 10
274.99560546875
 20
-413.6044921875
 30
0.0
 10
274.81591796875
 20
-413.7846679687499
 30
0.0
 10
274.81591796875
 20
-413.7846679687499
 30
0.0
 10
274.81591796875
 20
-413.7846679687499
 30
0.0
 10
271.576171875
 20
-413.7846679687499
 30
0.0
 10
271.576171875
 20
-413.7846679687499
 30
0.0
 10
271.576171875
 20
-413.7846679687499
 30
0.0
 10
271.39599609375
 20
-413.6044921875
 30
0.0
 10
271.39599609375
 20
-413.6044921875
 30
0.0
 10
271.39599609375
 20
-413.6044921875
 30
0.0
 10
271.39599609375
 20
-401.72607421875
 30
0.0
 10
271.39599609375
 20
-401.72607421875
 30
0.0
 10
271.39599609375
 20
-401.72607421875
 30
0.0
 10
257.7177734375
 20
-401.72607421875
 30
0.0
 10
257.7177734375
 20
-401.72607421875
 30
0.0
 10
257.7177734375
 20
-401.72607421875
 30
0.0
 10
257.7177734375
 20
-413.6044921875
 30
0.0
 10
257.7177734375
 20
-413.6044921875
 30
0.0
 10
257.7177734375
 20
-413.6044921875
 30
0.0
 10
257.5380859375
 20
-413.7846679687499
 30
0.0
 10
257.5380859375
 20
-413.7846679687499
 30
0.0
 10
257.5380859375
 20
-413.7846679687499
 30
0.0
 10
254.29833984375
 20
-413.7846679687499
 30
0.0
 10
254.29833984375
 20
-413.7846679687499
 30
0.0
 10
254.29833984375
 20
-413.7846679687499
 30
0.0
 10
254.11865234375
 20
-413.6044921875
 30
0.0
 10
254.11865234375
 20
-413.6044921875
 30
0.0
 10
254.11865234375
 20
-413.6044921875
 30
0.0
 10
254.11865234375
 20
-388.767578125
 30
0.0
 10
254.11865234375
 20
-388.767578125
 30
0.0
 10
254.11865234375
 20
-388.767578125
 30
0.0
 10
254.29833984375
 20
-388.587890625
 30
0.0
 10
254.29833984375
 20
-388.587890625
 30
0.0
 10
254.29833984375
 20
-388.587890625
 30
0.0
 10
257.5380859375
 20
-388.587890625
 30
0.0
 10
257.5380859375
 20
-388.587890625
 30
0.0
  0
HATCH
  5
86
330
7B
100
AcDbEntity
  8
Layer 1
 62
    40
420
 16494651
440
 33554687
100
AcDbHatch
 10
0.0
 20
0.0
 30
0.0
210
0.0
220
0.0
230
1.0
  2
SOLID
 70
     1
 71
     1
 91
        1
 92
        1
 93
        1
 72
     4
 94
        3
 73
     0
 74
     0
 95
       65
 96
       61
 40
0.0
 40
0.0
 40
0.0
 40
0.0
 40
1.0
 40
1.0
 40
1.0
 40
2.0
 40
2.0
 40
2.0
 40
3.0
 40
3.0
 40
3.0
 40
4.0
 40
4.0
 40
4.0
 40
5.0
 40
5.0
 40
5.0
 40
6.0
 40
6.0
 40
6.0
 40
7.0
 40
7.0
 40
7.0
 40
8.0
 40
8.0
 40
8.0
 40
9.0
 40
9.0
 40
9.0
 40
10.0
 40
10.0
 40
10.0
 40
11.0
 40
11.0
 40
11.0
 40
12.0
 40
12.0
 40
12.0
 40
13.0
 40
13.0
 40
13.0
 40
14.0
 40
14.0
 40
14.0
 40
15.0
 40
15.0
 40
15.0
 40
16.0
 40
16.0
 40
16.0
 40
17.0
 40
17.0
 40
17.0
 40
18.0
 40
18.0
 40
18.0
 40
19.0
 40
19.0
 40
19.0
 40
20.0
 40
20.0
 40
20.0
 40
20.0
 10
257.5380859375
 20
-388.587890625
 10
257.5380859375
 20
-388.587890625
 10
257.7177734375
 20
-388.767578125
 10
257.7177734375
 20
-388.767578125
 10
257.7177734375
 20
-388.767578125
 10
257.7177734375
 20
-398.12646484375
 10
257.7177734375
 20
-398.12646484375
 10
257.7177734375
 20
-398.12646484375
 10
271.39599609375
 20
-398.12646484375
 10
271.39599609375
 20
-398.12646484375
 10
271.39599609375
 20
-398.12646484375
 10
271.39599609375
 20
-388.767578125
 10
271.39599609375
 20
-388.767578125
 10
271.39599609375
 20
-388.767578125
 10
271.576171875
 20
-388.587890625
 10
271.576171875
 20
-388.587890625
 10
271.576171875
 20
-388.587890625
 10
274.81591796875
 20
-388.587890625
 10
274.81591796875
 20
-388.587890625
 10
274.81591796875
 20
-388.587890625
 10
274.99560546875
 20
-388.767578125
 10
274.99560546875
 20
-388.767578125
 10
274.99560546875
 20
-388.767578125
 10
274.99560546875
 20
-413.6044921875
 10
274.99560546875
 20
-413.6044921875
 10
274.99560546875
 20
-413.6044921875
 10
274.81591796875
 20
-413.7846679687499
 10
274.81591796875
 20
-413.7846679687499
 10
274.81591796875
 20
-413.7846679687499
 10
271.576171875
 20
-413.7846679687499
 10
271.576171875
 20
-413.7846679687499
 10
271.576171875
 20
-413.7846679687499
 10
271.39599609375
 20
-413.6044921875
 10
271.39599609375
 20
-413.6044921875
 10
271.39599609375
 20
-413.6044921875
 10
271.39599609375
 20
-401.72607421875
 10
271.39599609375
 20
-401.72607421875
 10
271.39599609375
 20
-401.72607421875
 10
257.7177734375
 20
-401.72607421875
 10
257.7177734375
 20
-401.72607421875
 10
257.7177734375
 20
-401.72607421875
 10
257.7177734375
 20
-413.6044921875
 10
257.7177734375
 20
-413.6044921875
 10
257.7177734375
 20
-413.6044921875
 10
257.5380859375
 20
-413.7846679687499
 10
257.5380859375
 20
-413.7846679687499
 10
257.5380859375
 20
-413.7846679687499
 10
254.29833984375
 20
-413.7846679687499
 10
254.29833984375
 20
-413.7846679687499
 10
254.29833984375
 20
-413.7846679687499
 10
254.11865234375
 20
-413.6044921875
 10
254.11865234375
 20
-413.6044921875
 10
254.11865234375
 20
-413.6044921875
 10
254.11865234375
 20
-388.767578125
 10
254.11865234375
 20
-388.767578125
 10
254.11865234375
 20
-388.767578125
 10
254.29833984375
 20
-388.587890625
 10
254.29833984375
 20
-388.587890625
 10
254.29833984375
 20
-388.587890625
 10
257.5380859375
 20
-388.587890625
 10
257.5380859375
 20
-388.587890625
 97
        0
 97
        1
330
85
 75
     2
 76
     1
 98
        1
 10
0.0
 20
0.0
450
        0
451
        0
460
0.0
461
0.0
452
        0
462
0.0
453
        0
470

  0
SPLINE
  5
87
330
7B
100
AcDbEntity
  8
Layer 1
100
AcDbSpline
210
0.0
220
0.0
230
1.0
 70
    11
 71
     3
 72
    47
 73
    43
 74
     0
 42
0.0000000001
 43
0.0000000001
 40
0.0
 40
0.0
 40
0.0
 40
0.0
 40
1.0
 40
1.0
 40
1.0
 40
2.0
 40
2.0
 40
2.0
 40
3.0
 40
3.0
 40
3.0
 40
4.0
 40
4.0
 40
4.0
 40
5.0
 40
5.0
 40
5.0
 40
6.0
 40
6.0
 40
6.0
 40
7.0
 40
7.0
 40
7.0
 40
8.0
 40
8.0
 40
8.0
 40
9.0
 40
9.0
 40
9.0
 40
10.0
 40
10.0
 40
10.0
 40
11.0
 40
11.0
 40
11.0
 40
12.0
 40
12.0
 40
12.0
 40
13.0
 40
13.0
 40
13.0
 40
14.0
 40
14.0
 40
14.0
 40
14.0
 10
298.935546875
 20
-388.587890625
 30
0.0
 10
298.935546875
 20
-388.587890625
 30
0.0
 10
299.11572265625
 20
-388.767578125
 30
0.0
 10
299.11572265625
 20
-388.767578125
 30
0.0
 10
299.11572265625
 20
-388.767578125
 30
0.0
 10
299.11572265625
 20
-392.00732421875
 30
0.0
 10
299.11572265625
 20
-392.00732421875
 30
0.0
 10
299.11572265625
 20
-392.00732421875
 30
0.0
 10
298.935546875
 20
-392.1875
 30
0.0
 10
298.935546875
 20
-392.1875
 30
0.0
 10
298.935546875
 20
-392.1875
 30
0.0
 10
290.8369140625
 20
-392.1875
 30
0.0
 10
290.8369140625
 20
-392.1875
 30
0.0
 10
290.8369140625
 20
-392.1875
 30
0.0
 10
290.8369140625
 20
-413.6044921875
 30
0.0
 10
290.8369140625
 20
-413.6044921875
 30
0.0
 10
290.8369140625
 20
-413.6044921875
 30
0.0
 10
290.65673828125
 20
-413.7846679687499
 30
0.0
 10
290.65673828125
 20
-413.7846679687499
 30
0.0
 10
290.65673828125
 20
-413.7846679687499
 30
0.0
 10
287.4169921875
 20
-413.7846679687499
 30
0.0
 10
287.4169921875
 20
-413.7846679687499
 30
0.0
 10
287.4169921875
 20
-413.7846679687499
 30
0.0
 10
287.2373046875
 20
-413.6044921875
 30
0.0
 10
287.2373046875
 20
-413.6044921875
 30
0.0
 10
287.2373046875
 20
-413.6044921875
 30
0.0
 10
287.2373046875
 20
-392.1875
 30
0.0
 10
287.2373046875
 20
-392.1875
 30
0.0
 10
287.2373046875
 20
-392.1875
 30
0.0
 10
279.13818359375
 20
-392.1875
 30
0.0
 10
279.13818359375
 20
-392.1875
 30
0.0
 10
279.13818359375
 20
-392.1875
 30
0.0
 10
278.95849609375
 20
-392.00732421875
 30
0.0
 10
278.95849609375
 20
-392.00732421875
 30
0.0
 10
278.95849609375
 20
-392.00732421875
 30
0.0
 10
278.95849609375
 20
-388.767578125
 30
0.0
 10
278.95849609375
 20
-388.767578125
 30
0.0
 10
278.95849609375
 20
-388.767578125
 30
0.0
 10
279.13818359375
 20
-388.587890625
 30
0.0
 10
279.13818359375
 20
-388.587890625
 30
0.0
 10
279.13818359375
 20
-388.587890625
 30
0.0
 10
298.935546875
 20
-388.587890625
 30
0.0
 10
298.935546875
 20
-388.587890625
 30
0.0
  0
HATCH
  5
88
330
7B
100
AcDbEntity
  8
Layer 1
 62
    40
420
 16494651
440
 33554687
100
AcDbHatch
 10
0.0
 20
0.0
 30
0.0
210
0.0
220
0.0
230
1.0
  2
SOLID
 70
     1
 71
     1
 91
        1
 92
        1
 93
        1
 72
     4
 94
        3
 73
     0
 74
     0
 95
       47
 96
       43
 40
0.0
 40
0.0
 40
0.0
 40
0.0
 40
1.0
 40
1.0
 40
1.0
 40
2.0
 40
2.0
 40
2.0
 40
3.0
 40
3.0
 40
3.0
 40
4.0
 40
4.0
 40
4.0
 40
5.0
 40
5.0
 40
5.0
 40
6.0
 40
6.0
 40
6.0
 40
7.0
 40
7.0
 40
7.0
 40
8.0
 40
8.0
 40
8.0
 40
9.0
 40
9.0
 40
9.0
 40
10.0
 40
10.0
 40
10.0
 40
11.0
 40
11.0
 40
11.0
 40
12.0
 40
12.0
 40
12.0
 40
13.0
 40
13.0
 40
13.0
 40
14.0
 40
14.0
 40
14.0
 40
14.0
 10
298.935546875
 20
-388.587890625
 10
298.935546875
 20
-388.587890625
 10
299.11572265625
 20
-388.767578125
 10
299.11572265625
 20
-388.767578125
 10
299.11572265625
 20
-388.767578125
 10
299.11572265625
 20
-392.00732421875
 10
299.11572265625
 20
-392.00732421875
 10
299.11572265625
 20
-392.00732421875
 10
298.935546875
 20
-392.1875
 10
298.935546875
 20
-392.1875
 10
298.935546875
 20
-392.1875
 10
290.8369140625
 20
-392.1875
 10
290.8369140625
 20
-392.1875
 10
290.8369140625
 20
-392.1875
 10
290.8369140625
 20
-413.6044921875
 10
290.8369140625
 20
-413.6044921875
 10
290.8369140625
 20
-413.6044921875
 10
290.65673828125
 20
-413.7846679687499
 10
290.65673828125
 20
-413.7846679687499
 10
290.65673828125
 20
-413.7846679687499
 10
287.4169921875
 20
-413.7846679687499
 10
287.4169921875
 20
-413.7846679687499
 10
287.4169921875
 20
-413.7846679687499
 10
287.2373046875
 20
-413.6044921875
 10
287.2373046875
 20
-413.6044921875
 10
287.2373046875
 20
-413.6044921875
 10
287.2373046875
 20
-392.1875
 10
287.2373046875
 20
-392.1875
 10
287.2373046875
 20
-392.1875
 10
279.13818359375
 20
-392.1875
 10
279.13818359375
 20
-392.1875
 10
279.13818359375
 20
-392.1875
 10
278.95849609375
 20
-392.00732421875
 10
278.95849609375
 20
-392.00732421875
 10
278.95849609375
 20
-392.00732421875
 10
278.95849609375
 20
-388.767578125
 10
278.95849609375
 20
-388.767578125
 10
278.95849609375
 20
-388.767578125
 10
279.13818359375
 20
-388.587890625
 10
279.13818359375
 20
-388.587890625
 10
279.13818359375
 20
-388.587890625
 10
298.935546875
 20
-388.587890625
 10
298.935546875
 20
-388.587890625
 97
        0
 97
        1
330
87
 75
     2
 76
     1
 98
        1
 10
0.0
 20
0.0
450
        0
451
        0
460
0.0
461
0.0
452
        0
462
0.0
453
        0
470

  0
SPLINE
  5
89
330
7B
100
AcDbEntity
  8
Layer 1
100
AcDbSpline
210
0.0
220
0.0
230
1.0
 70
    11
 71
     3
 72
    68
 73
    64
 74
     0
 42
0.0000000001
 43
0.0000000001
 40
0.0
 40
0.0
 40
0.0
 40
0.0
 40
1.0
 40
1.0
 40
1.0
 40
2.0
 40
2.0
 40
2.0
 40
3.0
 40
3.0
 40
3.0
 40
4.0
 40
4.0
 40
4.0
 40
5.0
 40
5.0
 40
5.0
 40
6.0
 40
6.0
 40
6.0
 40
7.0
 40
7.0
 40
7.0
 40
8.0
 40
8.0
 40
8.0
 40
9.0
 40
9.0
 40
9.0
 40
10.0
 40
10.0
 40
10.0
 40
11.0
 40
11.0
 40
11.0
 40
12.0
 40
12.0
 40
12.0
 40
13.0
 40
13.0
 40
13.0
 40
14.0
 40
14.0
 40
14.0
 40
15.0
 40
15.0
 40
15.0
 40
16.0
 40
16.0
 40
16.0
 40
17.0
 40
17.0
 40
17.0
 40
18.0
 40
18.0
 40
18.0
 40
19.0
 40
19.0
 40
19.0
 40
20.0
 40
20.0
 40
20.0
 40
21.0
 40
21.0
 40
21.0
 40
21.0
 10
201.1982421875
 20
-431.7880859375
 30
0.0
 10
201.1982421875
 20
-431.7880859375
 30
0.0
 10
201.55810546875
 20
-431.9677734375
 30
0.0
 10
201.55810546875
 20
-431.9677734375
 30
0.0
 10
201.55810546875
 20
-431.9677734375
 30
0.0
 10
210.55712890625
 20
-442.94677734375
 30
0.0
 10
210.55712890625
 20
-442.94677734375
 30
0.0
 10
210.55712890625
 20
-442.94677734375
 30
0.0
 10
219.55615234375
 20
-431.9677734375
 30
0.0
 10
219.55615234375
 20
-431.9677734375
 30
0.0
 10
219.55615234375
 20
-431.9677734375
 30
0.0
 10
219.916015625
 20
-431.7880859375
 30
0.0
 10
219.916015625
 20
-431.7880859375
 30
0.0
 10
219.916015625
 20
-431.7880859375
 30
0.0
 10
222.9755859375
 20
-431.7880859375
 30
0.0
 10
222.9755859375
 20
-431.7880859375
 30
0.0
 10
222.9755859375
 20
-431.7880859375
 30
0.0
 10
223.15576171875
 20
-431.9677734375
 30
0.0
 10
223.15576171875
 20
-431.9677734375
 30
0.0
 10
223.15576171875
 20
-431.9677734375
 30
0.0
 10
223.15576171875
 20
-456.8046875
 30
0.0
 10
223.15576171875
 20
-456.8046875
 30
0.0
 10
223.15576171875
 20
-456.8046875
 30
0.0
 10
222.9755859375
 20
-456.98486328125
 30
0.0
 10
222.9755859375
 20
-456.98486328125
 30
0.0
 10
222.9755859375
 20
-456.98486328125
 30
0.0
 10
219.73583984375
 20
-456.98486328125
 30
0.0
 10
219.73583984375
 20
-456.98486328125
 30
0.0
 10
219.73583984375
 20
-456.98486328125
 30
0.0
 10
219.55615234375
 20
-456.8046875
 30
0.0
 10
219.55615234375
 20
-456.8046875
 30
0.0
 10
219.55615234375
 20
-456.8046875
 30
0.0
 10
219.55615234375
 20
-437.1875
 30
0.0
 10
219.55615234375
 20
-437.1875
 30
0.0
 10
219.55615234375
 20
-437.1875
 30
0.0
 10
210.7373046875
 20
-447.98583984375
 30
0.0
 10
210.7373046875
 20
-447.98583984375
 30
0.0
 10
210.7373046875
 20
-447.98583984375
 30
0.0
 10
210.376953125
 20
-447.98583984375
 30
0.0
 10
210.376953125
 20
-447.98583984375
 30
0.0
 10
210.376953125
 20
-447.98583984375
 30
0.0
 10
201.55810546875
 20
-437.1875
 30
0.0
 10
201.55810546875
 20
-437.1875
 30
0.0
 10
201.55810546875
 20
-437.1875
 30
0.0
 10
201.55810546875
 20
-456.8046875
 30
0.0
 10
201.55810546875
 20
-456.8046875
 30
0.0
 10
201.55810546875
 20
-456.8046875
 30
0.0
 10
201.37841796875
 20
-456.98486328125
 30
0.0
 10
201.37841796875
 20
-456.98486328125
 30
0.0
 10
201.37841796875
 20
-456.98486328125
 30
0.0
 10
198.138671875
 20
-456.98486328125
 30
0.0
 10
198.138671875
 20
-456.98486328125
 30
0.0
 10
198.138671875
 20
-456.98486328125
 30
0.0
 10
197.95849609375
 20
-456.8046875
 30
0.0
 10
197.95849609375
 20
-456.8046875
 30
0.0
 10
197.95849609375
 20
-456.8046875
 30
0.0
 10
197.95849609375
 20
-431.9677734375
 30
0.0
 10
197.95849609375
 20
-431.9677734375
 30
0.0
 10
197.95849609375
 20
-431.9677734375
 30
0.0
 10
198.138671875
 20
-431.7880859375
 30
0.0
 10
198.138671875
 20
-431.7880859375
 30
0.0
 10
198.138671875
 20
-431.7880859375
 30
0.0
 10
201.1982421875
 20
-431.7880859375
 30
0.0
 10
201.1982421875
 20
-431.7880859375
 30
0.0
  0
HATCH
  5
8A
330
7B
100
AcDbEntity
  8
Layer 1
 62
    20
420
 15817252
440
 33554687
100
AcDbHatch
 10
0.0
 20
0.0
 30
0.0
210
0.0
220
0.0
230
1.0
  2
SOLID
 70
     1
 71
     1
 91
        1
 92
        1
 93
        1
 72
     4
 94
        3
 73
     0
 74
     0
 95
       68
 96
       64
 40
0.0
 40
0.0
 40
0.0
 40
0.0
 40
1.0
 40
1.0
 40
1.0
 40
2.0
 40
2.0
 40
2.0
 40
3.0
 40
3.0
 40
3.0
 40
4.0
 40
4.0
 40
4.0
 40
5.0
 40
5.0
 40
5.0
 40
6.0
 40
6.0
 40
6.0
 40
7.0
 40
7.0
 40
7.0
 40
8.0
 40
8.0
 40
8.0
 40
9.0
 40
9.0
 40
9.0
 40
10.0
 40
10.0
 40
10.0
 40
11.0
 40
11.0
 40
11.0
 40
12.0
 40
12.0
 40
12.0
 40
13.0
 40
13.0
 40
13.0
 40
14.0
 40
14.0
 40
14.0
 40
15.0
 40
15.0
 40
15.0
 40
16.0
 40
16.0
 40
16.0
 40
17.0
 40
17.0
 40
17.0
 40
18.0
 40
18.0
 40
18.0
 40
19.0
 40
19.0
 40
19.0
 40
20.0
 40
20.0
 40
20.0
 40
21.0
 40
21.0
 40
21.0
 40
21.0
 10
201.1982421875
 20
-431.7880859375
 10
201.1982421875
 20
-431.7880859375
 10
201.55810546875
 20
-431.9677734375
 10
201.55810546875
 20
-431.9677734375
 10
201.55810546875
 20
-431.9677734375
 10
210.55712890625
 20
-442.94677734375
 10
210.55712890625
 20
-442.94677734375
 10
210.55712890625
 20
-442.94677734375
 10
219.55615234375
 20
-431.9677734375
 10
219.55615234375
 20
-431.9677734375
 10
219.55615234375
 20
-431.9677734375
 10
219.916015625
 20
-431.7880859375
 10
219.916015625
 20
-431.7880859375
 10
219.916015625
 20
-431.7880859375
 10
222.9755859375
 20
-431.7880859375
 10
222.9755859375
 20
-431.7880859375
 10
222.9755859375
 20
-431.7880859375
 10
223.15576171875
 20
-431.9677734375
 10
223.15576171875
 20
-431.9677734375
 10
223.15576171875
 20
-431.9677734375
 10
223.15576171875
 20
-456.8046875
 10
223.15576171875
 20
-456.8046875
 10
223.15576171875
 20
-456.8046875
 10
222.9755859375
 20
-456.98486328125
 10
222.9755859375
 20
-456.98486328125
 10
222.9755859375
 20
-456.98486328125
 10
219.73583984375
 20
-456.98486328125
 10
219.73583984375
 20
-456.98486328125
 10
219.73583984375
 20
-456.98486328125
 10
219.55615234375
 20
-456.8046875
 10
219.55615234375
 20
-456.8046875
 10
219.55615234375
 20
-456.8046875
 10
219.55615234375
 20
-437.1875
 10
219.55615234375
 20
-437.1875
 10
219.55615234375
 20
-437.1875
 10
210.7373046875
 20
-447.98583984375
 10
210.7373046875
 20
-447.98583984375
 10
210.7373046875
 20
-447.98583984375
 10
210.376953125
 20
-447.98583984375
 10
210.376953125
 20
-447.98583984375
 10
210.376953125
 20
-447.98583984375
 10
201.55810546875
 20
-437.1875
 10
201.55810546875
 20
-437.1875
 10
201.55810546875
 20
-437.1875
 10
201.55810546875
 20
-456.8046875
 10
201.55810546875
 20
-456.8046875
 10
201.55810546875
 20
-456.8046875
 10
201.37841796875
 20
-456.98486328125
 10
201.37841796875
 20
-456.98486328125
 10
201.37841796875
 20
-456.98486328125
 10
198.138671875
 20
-456.98486328125
 10
198.138671875
 20
-456.98486328125
 10
198.138671875
 20
-456.98486328125
 10
197.95849609375
 20
-456.8046875
 10
197.95849609375
 20
-456.8046875
 10
197.95849609375
 20
-456.8046875
 10
197.95849609375
 20
-431.9677734375
 10
197.95849609375
 20
-431.9677734375
 10
197.95849609375
 20
-431.9677734375
 10
198.138671875
 20
-431.7880859375
 10
198.138671875
 20
-431.7880859375
 10
198.138671875
 20
-431.7880859375
 10
201.1982421875
 20
-431.7880859375
 10
201.1982421875
 20
-431.7880859375
 97
        0
 97
        1
330
89
 75
     2
 76
     1
 98
        1
 10
0.0
 20
0.0
450
        0
451
        0
460
0.0
461
0.0
452
        0
462
0.0
453
        0
470

  0
SPLINE
  5
8B
330
7B
100
AcDbEntity
  8
Layer 1
100
AcDbSpline
210
0.0
220
0.0
230
1.0
 70
    11
 71
     3
 72
    65
 73
    61
 74
     0
 42
0.0000000001
 43
0.0000000001
 40
0.0
 40
0.0
 40
0.0
 40
0.0
 40
1.0
 40
1.0
 40
1.0
 40
2.0
 40
2.0
 40
2.0
 40
3.0
 40
3.0
 40
3.0
 40
4.0
 40
4.0
 40
4.0
 40
5.0
 40
5.0
 40
5.0
 40
6.0
 40
6.0
 40
6.0
 40
7.0
 40
7.0
 40
7.0
 40
8.0
 40
8.0
 40
8.0
 40
9.0
 40
9.0
 40
9.0
 40
10.0
 40
10.0
 40
10.0
 40
11.0
 40
11.0
 40
11.0
 40
12.0
 40
12.0
 40
12.0
 40
13.0
 40
13.0
 40
13.0
 40
14.0
 40
14.0
 40
14.0
 40
15.0
 40
15.0
 40
15.0
 40
16.0
 40
16.0
 40
16.0
 40
17.0
 40
17.0
 40
17.0
 40
18.0
 40
18.0
 40
18.0
 40
19.0
 40
19.0
 40
19.0
 40
20.0
 40
20.0
 40
20.0
 40
20.0
 10
244.21630859375
 20
-431.7880859375
 30
0.0
 10
244.21630859375
 20
-431.7880859375
 30
0.0
 10
244.396484375
 20
-431.9677734375
 30
0.0
 10
244.396484375
 20
-431.9677734375
 30
0.0
 10
244.396484375
 20
-431.9677734375
 30
0.0
 10
244.396484375
 20
-435.20751953125
 30
0.0
 10
244.396484375
 20
-435.20751953125
 30
0.0
 10
244.396484375
 20
-435.20751953125
 30
0.0
 10
244.21630859375
 20
-435.3876953124999
 30
0.0
 10
244.21630859375
 20
-435.3876953124999
 30
0.0
 10
244.21630859375
 20
-435.3876953124999
 30
0.0
 10
232.517578125
 20
-435.3876953124999
 30
0.0
 10
232.517578125
 20
-435.3876953124999
 30
0.0
 10
232.517578125
 20
-435.3876953124999
 30
0.0
 10
232.517578125
 20
-441.32666015625
 30
0.0
 10
232.517578125
 20
-441.32666015625
 30
0.0
 10
232.517578125
 20
-441.32666015625
 30
0.0
 10
241.33642578125
 20
-441.32666015625
 30
0.0
 10
241.33642578125
 20
-441.32666015625
 30
0.0
 10
241.33642578125
 20
-441.32666015625
 30
0.0
 10
241.5166015625
 20
-441.5068359374999
 30
0.0
 10
241.5166015625
 20
-441.5068359374999
 30
0.0
 10
241.5166015625
 20
-441.5068359374999
 30
0.0
 10
241.5166015625
 20
-444.7465820312499
 30
0.0
 10
241.5166015625
 20
-444.7465820312499
 30
0.0
 10
241.5166015625
 20
-444.7465820312499
 30
0.0
 10
241.33642578125
 20
-444.92626953125
 30
0.0
 10
241.33642578125
 20
-444.92626953125
 30
0.0
 10
241.33642578125
 20
-444.92626953125
 30
0.0
 10
232.517578125
 20
-444.92626953125
 30
0.0
 10
232.517578125
 20
-444.92626953125
 30
0.0
 10
232.517578125
 20
-444.92626953125
 30
0.0
 10
232.517578125
 20
-453.3852539062499
 30
0.0
 10
232.517578125
 20
-453.3852539062499
 30
0.0
 10
232.517578125
 20
-453.3852539062499
 30
0.0
 10
245.29638671875
 20
-453.3852539062499
 30
0.0
 10
245.29638671875
 20
-453.3852539062499
 30
0.0
 10
245.29638671875
 20
-453.3852539062499
 30
0.0
 10
245.47607421875
 20
-453.5654296875
 30
0.0
 10
245.47607421875
 20
-453.5654296875
 30
0.0
 10
245.47607421875
 20
-453.5654296875
 30
0.0
 10
245.47607421875
 20
-456.8046875
 30
0.0
 10
245.47607421875
 20
-456.8046875
 30
0.0
 10
245.47607421875
 20
-456.8046875
 30
0.0
 10
245.29638671875
 20
-456.98486328125
 30
0.0
 10
245.29638671875
 20
-456.98486328125
 30
0.0
 10
245.29638671875
 20
-456.98486328125
 30
0.0
 10
229.09814453125
 20
-456.98486328125
 30
0.0
 10
229.09814453125
 20
-456.98486328125
 30
0.0
 10
229.09814453125
 20
-456.98486328125
 30
0.0
 10
228.91845703125
 20
-456.8046875
 30
0.0
 10
228.91845703125
 20
-456.8046875
 30
0.0
 10
228.91845703125
 20
-456.8046875
 30
0.0
 10
228.91845703125
 20
-431.9677734375
 30
0.0
 10
228.91845703125
 20
-431.9677734375
 30
0.0
 10
228.91845703125
 20
-431.9677734375
 30
0.0
 10
229.09814453125
 20
-431.7880859375
 30
0.0
 10
229.09814453125
 20
-431.7880859375
 30
0.0
 10
229.09814453125
 20
-431.7880859375
 30
0.0
 10
244.21630859375
 20
-431.7880859375
 30
0.0
 10
244.21630859375
 20
-431.7880859375
 30
0.0
  0
HATCH
  5
8C
330
7B
100
AcDbEntity
  8
Layer 1
 62
    20
420
 15817252
440
 33554687
100
AcDbHatch
 10
0.0
 20
0.0
 30
0.0
210
0.0
220
0.0
230
1.0
  2
SOLID
 70
     1
 71
     1
 91
        1
 92
        1
 93
        1
 72
     4
 94
        3
 73
     0
 74
     0
 95
       65
 96
       61
 40
0.0
 40
0.0
 40
0.0
 40
0.0
 40
1.0
 40
1.0
 40
1.0
 40
2.0
 40
2.0
 40
2.0
 40
3.0
 40
3.0
 40
3.0
 40
4.0
 40
4.0
 40
4.0
 40
5.0
 40
5.0
 40
5.0
 40
6.0
 40
6.0
 40
6.0
 40
7.0
 40
7.0
 40
7.0
 40
8.0
 40
8.0
 40
8.0
 40
9.0
 40
9.0
 40
9.0
 40
10.0
 40
10.0
 40
10.0
 40
11.0
 40
11.0
 40
11.0
 40
12.0
 40
12.0
 40
12.0
 40
13.0
 40
13.0
 40
13.0
 40
14.0
 40
14.0
 40
14.0
 40
15.0
 40
15.0
 40
15.0
 40
16.0
 40
16.0
 40
16.0
 40
17.0
 40
17.0
 40
17.0
 40
18.0
 40
18.0
 40
18.0
 40
19.0
 40
19.0
 40
19.0
 40
20.0
 40
20.0
 40
20.0
 40
20.0
 10
244.21630859375
 20
-431.7880859375
 10
244.21630859375
 20
-431.7880859375
 10
244.396484375
 20
-431.9677734375
 10
244.396484375
 20
-431.9677734375
 10
244.396484375
 20
-431.9677734375
 10
244.396484375
 20
-435.20751953125
 10
244.396484375
 20
-435.20751953125
 10
244.396484375
 20
-435.20751953125
 10
244.21630859375
 20
-435.3876953124999
 10
244.21630859375
 20
-435.3876953124999
 10
244.21630859375
 20
-435.3876953124999
 10
232.517578125
 20
-435.3876953124999
 10
232.517578125
 20
-435.3876953124999
 10
232.517578125
 20
-435.3876953124999
 10
232.517578125
 20
-441.32666015625
 10
232.517578125
 20
-441.32666015625
 10
232.517578125
 20
-441.32666015625
 10
241.33642578125
 20
-441.32666015625
 10
241.33642578125
 20
-441.32666015625
 10
241.33642578125
 20
-441.32666015625
 10
241.5166015625
 20
-441.5068359374999
 10
241.5166015625
 20
-441.5068359374999
 10
241.5166015625
 20
-441.5068359374999
 10
241.5166015625
 20
-444.7465820312499
 10
241.5166015625
 20
-444.7465820312499
 10
241.5166015625
 20
-444.7465820312499
 10
241.33642578125
 20
-444.92626953125
 10
241.33642578125
 20
-444.92626953125
 10
241.33642578125
 20
-444.92626953125
 10
232.517578125
 20
-444.92626953125
 10
232.517578125
 20
-444.92626953125
 10
232.517578125
 20
-444.92626953125
 10
232.517578125
 20
-453.3852539062499
 10
232.517578125
 20
-453.3852539062499
 10
232.517578125
 20
-453.3852539062499
 10
245.29638671875
 20
-453.3852539062499
 10
245.29638671875
 20
-453.3852539062499
 10
245.29638671875
 20
-453.3852539062499
 10
245.47607421875
 20
-453.5654296875
 10
245.47607421875
 20
-453.5654296875
 10
245.47607421875
 20
-453.5654296875
 10
245.47607421875
 20
-456.8046875
 10
245.47607421875
 20
-456.8046875
 10
245.47607421875
 20
-456.8046875
 10
245.29638671875
 20
-456.98486328125
 10
245.29638671875
 20
-456.98486328125
 10
245.29638671875
 20
-456.98486328125
 10
229.09814453125
 20
-456.98486328125
 10
229.09814453125
 20
-456.98486328125
 10
229.09814453125
 20
-456.98486328125
 10
228.91845703125
 20
-456.8046875
 10
228.91845703125
 20
-456.8046875
 10
228.91845703125
 20
-456.8046875
 10
228.91845703125
 20
-431.9677734375
 10
228.91845703125
 20
-431.9677734375
 10
228.91845703125
 20
-431.9677734375
 10
229.09814453125
 20
-431.7880859375
 10
229.09814453125
 20
-431.7880859375
 10
229.09814453125
 20
-431.7880859375
 10
244.21630859375
 20
-431.7880859375
 10
244.21630859375
 20
-431.7880859375
 97
        0
 97
        1
330
8B
 75
     2
 76
     1
 98
        1
 10
0.0
 20
0.0
450
        0
451
        0
460
0.0
461
0.0
452
        0
462
0.0
453
        0
470

  0
SPLINE
  5
8D
330
7B
100
AcDbEntity
  8
Layer 1
100
AcDbSpline
210
0.0
220
0.0
230
1.0
 70
    11
 71
     3
 72
    20
 73
    16
 74
     0
 42
0.0000000001
 43
0.0000000001
 40
0.0
 40
0.0
 40
0.0
 40
0.0
 40
1.0
 40
1.0
 40
1.0
 40
2.0
 40
2.0
 40
2.0
 40
3.0
 40
3.0
 40
3.0
 40
4.0
 40
4.0
 40
4.0
 40
5.0
 40
5.0
 40
5.0
 40
5.0
 10
253.39697265625
 20
-453.3852539062499
 30
0.0
 10
253.39697265625
 20
-453.3852539062499
 30
0.0
 10
258.4365234375
 20
-453.3852539062499
 30
0.0
 10
258.4365234375
 20
-453.3852539062499
 30
0.0
 10
263.8359375
 20
-453.3852539062499
 30
0.0
 10
267.615234375
 20
-449.4257812499999
 30
0.0
 10
267.615234375
 20
-444.38623046875
 30
0.0
 10
267.615234375
 20
-439.3471679687499
 30
0.0
 10
263.8359375
 20
-435.3876953124999
 30
0.0
 10
258.4365234375
 20
-435.3876953124999
 30
0.0
 10
258.4365234375
 20
-435.3876953124999
 30
0.0
 10
253.39697265625
 20
-435.3876953124999
 30
0.0
 10
253.39697265625
 20
-435.3876953124999
 30
0.0
 10
253.39697265625
 20
-435.3876953124999
 30
0.0
 10
253.39697265625
 20
-453.3852539062499
 30
0.0
 10
253.39697265625
 20
-453.3852539062499
 30
0.0
  0
SPLINE
  5
8E
330
7B
100
AcDbEntity
  8
Layer 1
100
AcDbSpline
210
0.0
220
0.0
230
1.0
 70
     9
 71
     3
 72
    26
 73
    22
 74
     0
 42
0.0000000001
 43
0.0000000001
 40
0.0
 40
0.0
 40
0.0
 40
0.0
 40
1.0
 40
1.0
 40
1.0
 40
2.0
 40
2.0
 40
2.0
 40
3.0
 40
3.0
 40
3.0
 40
4.0
 40
4.0
 40
4.0
 40
5.0
 40
5.0
 40
5.0
 40
6.0
 40
6.0
 40
6.0
 40
7.0
 40
7.0
 40
7.0
 40
7.0
 10
258.4365234375
 20
-431.7880859375
 30
0.0
 10
266.17578125
 20
-431.7880859375
 30
0.0
 10
271.7548828125
 20
-437.3671875
 30
0.0
 10
271.7548828125
 20
-444.38623046875
 30
0.0
 10
271.7548828125
 20
-451.40576171875
 30
0.0
 10
266.17578125
 20
-456.98486328125
 30
0.0
 10
258.4365234375
 20
-456.98486328125
 30
0.0
 10
258.4365234375
 20
-456.98486328125
 30
0.0
 10
249.9775390625
 20
-456.98486328125
 30
0.0
 10
249.9775390625
 20
-456.98486328125
 30
0.0
 10
249.9775390625
 20
-456.98486328125
 30
0.0
 10
249.79736328125
 20
-456.8046875
 30
0.0
 10
249.79736328125
 20
-456.8046875
 30
0.0
 10
249.79736328125
 20
-456.8046875
 30
0.0
 10
249.79736328125
 20
-431.9677734375
 30
0.0
 10
249.79736328125
 20
-431.9677734375
 30
0.0
 10
249.79736328125
 20
-431.9677734375
 30
0.0
 10
249.9775390625
 20
-431.7880859375
 30
0.0
 10
249.9775390625
 20
-431.7880859375
 30
0.0
 10
249.9775390625
 20
-431.7880859375
 30
0.0
 10
258.4365234375
 20
-431.7880859375
 30
0.0
 10
258.4365234375
 20
-431.7880859375
 30
0.0
  0
HATCH
  5
8F
330
7B
100
AcDbEntity
  8
Layer 1
 62
    20
420
 15817252
440
 33554687
100
AcDbHatch
 10
0.0
 20
0.0
 30
0.0
210
0.0
220
0.0
230
1.0
  2
SOLID
 70
     1
 71
     1
 91
        2
 92
        1
 93
        1
 72
     4
 94
        3
 73
     0
 74
     0
 95
       20
 96
       16
 40
0.0
 40
0.0
 40
0.0
 40
0.0
 40
1.0
 40
1.0
 40
1.0
 40
2.0
 40
2.0
 40
2.0
 40
3.0
 40
3.0
 40
3.0
 40
4.0
 40
4.0
 40
4.0
 40
5.0
 40
5.0
 40
5.0
 40
5.0
 10
253.39697265625
 20
-453.3852539062499
 10
253.39697265625
 20
-453.3852539062499
 10
258.4365234375
 20
-453.3852539062499
 10
258.4365234375
 20
-453.3852539062499
 10
263.8359375
 20
-453.3852539062499
 10
267.615234375
 20
-449.4257812499999
 10
267.615234375
 20
-444.38623046875
 10
267.615234375
 20
-439.3471679687499
 10
263.8359375
 20
-435.3876953124999
 10
258.4365234375
 20
-435.3876953124999
 10
258.4365234375
 20
-435.3876953124999
 10
253.39697265625
 20
-435.3876953124999
 10
253.39697265625
 20
-435.3876953124999
 10
253.39697265625
 20
-435.3876953124999
 10
253.39697265625
 20
-453.3852539062499
 10
253.39697265625
 20
-453.3852539062499
 97
        0
 97
        1
330
8D
 92
        1
 93
        1
 72
     4
 94
        3
 73
     0
 74
     0
 95
       26
 96
       22
 40
0.0
 40
0.0
 40
0.0
 40
0.0
 40
1.0
 40
1.0
 40
1.0
 40
2.0
 40
2.0
 40
2.0
 40
3.0
 40
3.0
 40
3.0
 40
4.0
 40
4.0
 40
4.0
 40
5.0
 40
5.0
 40
5.0
 40
6.0
 40
6.0
 40
6.0
 40
7.0
 40
7.0
 40
7.0
 40
7.0
 10
258.4365234375
 20
-431.7880859375
 10
266.17578125
 20
-431.7880859375
 10
271.7548828125
 20
-437.3671875
 10
271.7548828125
 20
-444.38623046875
 10
271.7548828125
 20
-451.40576171875
 10
266.17578125
 20
-456.98486328125
 10
258.4365234375
 20
-456.98486328125
 10
258.4365234375
 20
-456.98486328125
 10
249.9775390625
 20
-456.98486328125
 10
249.9775390625
 20
-456.98486328125
 10
249.9775390625
 20
-456.98486328125
 10
249.79736328125
 20
-456.8046875
 10
249.79736328125
 20
-456.8046875
 10
249.79736328125
 20
-456.8046875
 10
249.79736328125
 20
-431.9677734375
 10
249.79736328125
 20
-431.9677734375
 10
249.79736328125
 20
-431.9677734375
 10
249.9775390625
 20
-431.7880859375
 10
249.9775390625
 20
-431.7880859375
 10
249.9775390625
 20
-431.7880859375
 10
258.4365234375
 20
-431.7880859375
 10
258.4365234375
 20
-431.7880859375
 97
        0
 97
        1
330
8E
 75
     2
 76
     1
 98
        1
 10
0.0
 20
0.0
450
        0
451
        0
460
0.0
461
0.0
452
        0
462
0.0
453
        0
470

  0
SPLINE
  5
90
330
7B
100
AcDbEntity
  8
Layer 1
100
AcDbSpline
210
0.0
220
0.0
230
1.0
 70
    11
 71
     3
 72
    29
 73
    25
 74
     0
 42
0.0000000001
 43
0.0000000001
 40
0.0
 40
0.0
 40
0.0
 40
0.0
 40
1.0
 40
1.0
 40
1.0
 40
2.0
 40
2.0
 40
2.0
 40
3.0
 40
3.0
 40
3.0
 40
4.0
 40
4.0
 40
4.0
 40
5.0
 40
5.0
 40
5.0
 40
6.0
 40
6.0
 40
6.0
 40
7.0
 40
7.0
 40
7.0
 40
8.0
 40
8.0
 40
8.0
 40
8.0
 10
279.85693359375
 20
-431.7880859375
 30
0.0
 10
279.85693359375
 20
-431.7880859375
 30
0.0
 10
280.03662109375
 20
-431.9677734375
 30
0.0
 10
280.03662109375
 20
-431.9677734375
 30
0.0
 10
280.03662109375
 20
-431.9677734375
 30
0.0
 10
280.03662109375
 20
-456.8046875
 30
0.0
 10
280.03662109375
 20
-456.8046875
 30
0.0
 10
280.03662109375
 20
-456.8046875
 30
0.0
 10
279.85693359375
 20
-456.98486328125
 30
0.0
 10
279.85693359375
 20
-456.98486328125
 30
0.0
 10
279.85693359375
 20
-456.98486328125
 30
0.0
 10
276.6171875
 20
-456.98486328125
 30
0.0
 10
276.6171875
 20
-456.98486328125
 30
0.0
 10
276.6171875
 20
-456.98486328125
 30
0.0
 10
276.43701171875
 20
-456.8046875
 30
0.0
 10
276.43701171875
 20
-456.8046875
 30
0.0
 10
276.43701171875
 20
-456.8046875
 30
0.0
 10
276.43701171875
 20
-431.9677734375
 30
0.0
 10
276.43701171875
 20
-431.9677734375
 30
0.0
 10
276.43701171875
 20
-431.9677734375
 30
0.0
 10
276.6171875
 20
-431.7880859375
 30
0.0
 10
276.6171875
 20
-431.7880859375
 30
0.0
 10
276.6171875
 20
-431.7880859375
 30
0.0
 10
279.85693359375
 20
-431.7880859375
 30
0.0
 10
279.85693359375
 20
-431.7880859375
 30
0.0
  0
HATCH
  5
91
330
7B
100
AcDbEntity
  8
Layer 1
 62
    20
420
 15817252
440
 33554687
100
AcDbHatch
 10
0.0
 20
0.0
 30
0.0
210
0.0
220
0.0
230
1.0
  2
SOLID
 70
     1
 71
     1
 91
        1
 92
        1
 93
        1
 72
     4
 94
        3
 73
     0
 74
     0
 95
       29
 96
       25
 40
0.0
 40
0.0
 40
0.0
 40
0.0
 40
1.0
 40
1.0
 40
1.0
 40
2.0
 40
2.0
 40
2.0
 40
3.0
 40
3.0
 40
3.0
 40
4.0
 40
4.0
 40
4.0
 40
5.0
 40
5.0
 40
5.0
 40
6.0
 40
6.0
 40
6.0
 40
7.0
 40
7.0
 40
7.0
 40
8.0
 40
8.0
 40
8.0
 40
8.0
 10
279.85693359375
 20
-431.7880859375
 10
279.85693359375
 20
-431.7880859375
 10
280.03662109375
 20
-431.9677734375
 10
280.03662109375
 20
-431.9677734375
 10
280.03662109375
 20
-431.9677734375
 10
280.03662109375
 20
-456.8046875
 10
280.03662109375
 20
-456.8046875
 10
280.03662109375
 20
-456.8046875
 10
279.85693359375
 20
-456.98486328125
 10
279.85693359375
 20
-456.98486328125
 10
279.85693359375
 20
-456.98486328125
 10
276.6171875
 20
-456.98486328125
 10
276.6171875
 20
-456.98486328125
 10
276.6171875
 20
-456.98486328125
 10
276.43701171875
 20
-456.8046875
 10
276.43701171875
 20
-456.8046875
 10
276.43701171875
 20
-456.8046875
 10
276.43701171875
 20
-431.9677734375
 10
276.43701171875
 20
-431.9677734375
 10
276.43701171875
 20
-431.9677734375
 10
276.6171875
 20
-431.7880859375
 10
276.6171875
 20
-431.7880859375
 10
276.6171875
 20
-431.7880859375
 10
279.85693359375
 20
-431.7880859375
 10
279.85693359375
 20
-431.7880859375
 97
        0
 97
        1
330
90
 75
     2
 76
     1
 98
        1
 10
0.0
 20
0.0
450
        0
451
        0
460
0.0
461
0.0
452
        0
462
0.0
453
        0
470

  0
SPLINE
  5
92
330
7B
100
AcDbEntity
  8
Layer 1
100
AcDbSpline
210
0.0
220
0.0
230
1.0
 70
    11
 71
     3
 72
    47
 73
    43
 74
     0
 42
0.0000000001
 43
0.0000000001
 40
0.0
 40
0.0
 40
0.0
 40
0.0
 40
1.0
 40
1.0
 40
1.0
 40
2.0
 40
2.0
 40
2.0
 40
3.0
 40
3.0
 40
3.0
 40
4.0
 40
4.0
 40
4.0
 40
5.0
 40
5.0
 40
5.0
 40
6.0
 40
6.0
 40
6.0
 40
7.0
 40
7.0
 40
7.0
 40
8.0
 40
8.0
 40
8.0
 40
9.0
 40
9.0
 40
9.0
 40
10.0
 40
10.0
 40
10.0
 40
11.0
 40
11.0
 40
11.0
 40
12.0
 40
12.0
 40
12.0
 40
13.0
 40
13.0
 40
13.0
 40
14.0
 40
14.0
 40
14.0
 40
14.0
 10
289.216796875
 20
-431.7880859375
 30
0.0
 10
289.216796875
 20
-431.7880859375
 30
0.0
 10
289.396484375
 20
-431.9677734375
 30
0.0
 10
289.396484375
 20
-431.9677734375
 30
0.0
 10
289.396484375
 20
-431.9677734375
 30
0.0
 10
289.396484375
 20
-445.1064453125
 30
0.0
 10
289.396484375
 20
-445.1064453125
 30
0.0
 10
289.396484375
 20
-450.685546875
 30
0.0
 10
292.81640625
 20
-453.7451171875
 30
0.0
 10
296.95556640625
 20
-453.7451171875
 30
0.0
 10
301.09521484375
 20
-453.7451171875
 30
0.0
 10
304.5146484375
 20
-450.685546875
 30
0.0
 10
304.5146484375
 20
-445.1064453125
 30
0.0
 10
304.5146484375
 20
-445.1064453125
 30
0.0
 10
304.5146484375
 20
-431.9677734375
 30
0.0
 10
304.5146484375
 20
-431.9677734375
 30
0.0
 10
304.5146484375
 20
-431.9677734375
 30
0.0
 10
304.69482421875
 20
-431.7880859375
 30
0.0
 10
304.69482421875
 20
-431.7880859375
 30
0.0
 10
304.69482421875
 20
-431.7880859375
 30
0.0
 10
307.9345703125
 20
-431.7880859375
 30
0.0
 10
307.9345703125
 20
-431.7880859375
 30
0.0
 10
307.9345703125
 20
-431.7880859375
 30
0.0
 10
308.1142578125
 20
-431.9677734375
 30
0.0
 10
308.1142578125
 20
-431.9677734375
 30
0.0
 10
308.1142578125
 20
-431.9677734375
 30
0.0
 10
308.1142578125
 20
-445.826171875
 30
0.0
 10
308.1142578125
 20
-445.826171875
 30
0.0
 10
308.1142578125
 20
-453.2055664062499
 30
0.0
 10
303.07470703125
 20
-457.52490234375
 30
0.0
 10
296.95556640625
 20
-457.52490234375
 30
0.0
 10
290.83642578125
 20
-457.52490234375
 30
0.0
 10
285.79736328125
 20
-453.2055664062499
 30
0.0
 10
285.79736328125
 20
-445.826171875
 30
0.0
 10
285.79736328125
 20
-445.826171875
 30
0.0
 10
285.79736328125
 20
-431.9677734375
 30
0.0
 10
285.79736328125
 20
-431.9677734375
 30
0.0
 10
285.79736328125
 20
-431.9677734375
 30
0.0
 10
285.97705078125
 20
-431.7880859375
 30
0.0
 10
285.97705078125
 20
-431.7880859375
 30
0.0
 10
285.97705078125
 20
-431.7880859375
 30
0.0
 10
289.216796875
 20
-431.7880859375
 30
0.0
 10
289.216796875
 20
-431.7880859375
 30
0.0
  0
HATCH
  5
93
330
7B
100
AcDbEntity
  8
Layer 1
 62
    20
420
 15817252
440
 33554687
100
AcDbHatch
 10
0.0
 20
0.0
 30
0.0
210
0.0
220
0.0
230
1.0
  2
SOLID
 70
     1
 71
     1
 91
        1
 92
        1
 93
        1
 72
     4
 94
        3
 73
     0
 74
     0
 95
       47
 96
       43
 40
0.0
 40
0.0
 40
0.0
 40
0.0
 40
1.0
 40
1.0
 40
1.0
 40
2.0
 40
2.0
 40
2.0
 40
3.0
 40
3.0
 40
3.0
 40
4.0
 40
4.0
 40
4.0
 40
5.0
 40
5.0
 40
5.0
 40
6.0
 40
6.0
 40
6.0
 40
7.0
 40
7.0
 40
7.0
 40
8.0
 40
8.0
 40
8.0
 40
9.0
 40
9.0
 40
9.0
 40
10.0
 40
10.0
 40
10.0
 40
11.0
 40
11.0
 40
11.0
 40
12.0
 40
12.0
 40
12.0
 40
13.0
 40
13.0
 40
13.0
 40
14.0
 40
14.0
 40
14.0
 40
14.0
 10
289.216796875
 20
-431.7880859375
 10
289.216796875
 20
-431.7880859375
 10
289.396484375
 20
-431.9677734375
 10
289.396484375
 20
-431.9677734375
 10
289.396484375
 20
-431.9677734375
 10
289.396484375
 20
-445.1064453125
 10
289.396484375
 20
-445.1064453125
 10
289.396484375
 20
-450.685546875
 10
292.81640625
 20
-453.7451171875
 10
296.95556640625
 20
-453.7451171875
 10
301.09521484375
 20
-453.7451171875
 10
304.5146484375
 20
-450.685546875
 10
304.5146484375
 20
-445.1064453125
 10
304.5146484375
 20
-445.1064453125
 10
304.5146484375
 20
-431.9677734375
 10
304.5146484375
 20
-431.9677734375
 10
304.5146484375
 20
-431.9677734375
 10
304.69482421875
 20
-431.7880859375
 10
304.69482421875
 20
-431.7880859375
 10
304.69482421875
 20
-431.7880859375
 10
307.9345703125
 20
-431.7880859375
 10
307.9345703125
 20
-431.7880859375
 10
307.9345703125
 20
-431.7880859375
 10
308.1142578125
 20
-431.9677734375
 10
308.1142578125
 20
-431.9677734375
 10
308.1142578125
 20
-431.9677734375
 10
308.1142578125
 20
-445.826171875
 10
308.1142578125
 20
-445.826171875
 10
308.1142578125
 20
-453.2055664062499
 10
303.07470703125
 20
-457.52490234375
 10
296.95556640625
 20
-457.52490234375
 10
290.83642578125
 20
-457.52490234375
 10
285.79736328125
 20
-453.2055664062499
 10
285.79736328125
 20
-445.826171875
 10
285.79736328125
 20
-445.826171875
 10
285.79736328125
 20
-431.9677734375
 10
285.79736328125
 20
-431.9677734375
 10
285.79736328125
 20
-431.9677734375
 10
285.97705078125
 20
-431.7880859375
 10
285.97705078125
 20
-431.7880859375
 10
285.97705078125
 20
-431.7880859375
 10
289.216796875
 20
-431.7880859375
 10
289.216796875
 20
-431.7880859375
 97
        0
 97
        1
330
92
 75
     2
 76
     1
 98
        1
 10
0.0
 20
0.0
450
        0
451
        0
460
0.0
461
0.0
452
        0
462
0.0
453
        0
470

  0
SPLINE
  5
94
330
7B
100
AcDbEntity
  8
Layer 1
100
AcDbSpline
210
0.0
220
0.0
230
1.0
 70
    11
 71
     3
 72
    68
 73
    64
 74
     0
 42
0.0000000001
 43
0.0000000001
 40
0.0
 40
0.0
 40
0.0
 40
0.0
 40
1.0
 40
1.0
 40
1.0
 40
2.0
 40
2.0
 40
2.0
 40
3.0
 40
3.0
 40
3.0
 40
4.0
 40
4.0
 40
4.0
 40
5.0
 40
5.0
 40
5.0
 40
6.0
 40
6.0
 40
6.0
 40
7.0
 40
7.0
 40
7.0
 40
8.0
 40
8.0
 40
8.0
 40
9.0
 40
9.0
 40
9.0
 40
10.0
 40
10.0
 40
10.0
 40
11.0
 40
11.0
 40
11.0
 40
12.0
 40
12.0
 40
12.0
 40
13.0
 40
13.0
 40
13.0
 40
14.0
 40
14.0
 40
14.0
 40
15.0
 40
15.0
 40
15.0
 40
16.0
 40
16.0
 40
16.0
 40
17.0
 40
17.0
 40
17.0
 40
18.0
 40
18.0
 40
18.0
 40
19.0
 40
19.0
 40
19.0
 40
20.0
 40
20.0
 40
20.0
 40
21.0
 40
21.0
 40
21.0
 40
21.0
 10
317.11669921875
 20
-431.7880859375
 30
0.0
 10
317.11669921875
 20
-431.7880859375
 30
0.0
 10
317.4765625
 20
-431.9677734375
 30
0.0
 10
317.4765625
 20
-431.9677734375
 30
0.0
 10
317.4765625
 20
-431.9677734375
 30
0.0
 10
326.4755859375
 20
-442.94677734375
 30
0.0
 10
326.4755859375
 20
-442.94677734375
 30
0.0
 10
326.4755859375
 20
-442.94677734375
 30
0.0
 10
335.474609375
 20
-431.9677734375
 30
0.0
 10
335.474609375
 20
-431.9677734375
 30
0.0
 10
335.474609375
 20
-431.9677734375
 30
0.0
 10
335.83447265625
 20
-431.7880859375
 30
0.0
 10
335.83447265625
 20
-431.7880859375
 30
0.0
 10
335.83447265625
 20
-431.7880859375
 30
0.0
 10
338.89404296875
 20
-431.7880859375
 30
0.0
 10
338.89404296875
 20
-431.7880859375
 30
0.0
 10
338.89404296875
 20
-431.7880859375
 30
0.0
 10
339.07421875
 20
-431.9677734375
 30
0.0
 10
339.07421875
 20
-431.9677734375
 30
0.0
 10
339.07421875
 20
-431.9677734375
 30
0.0
 10
339.07421875
 20
-456.8046875
 30
0.0
 10
339.07421875
 20
-456.8046875
 30
0.0
 10
339.07421875
 20
-456.8046875
 30
0.0
 10
338.89404296875
 20
-456.98486328125
 30
0.0
 10
338.89404296875
 20
-456.98486328125
 30
0.0
 10
338.89404296875
 20
-456.98486328125
 30
0.0
 10
335.654296875
 20
-456.98486328125
 30
0.0
 10
335.654296875
 20
-456.98486328125
 30
0.0
 10
335.654296875
 20
-456.98486328125
 30
0.0
 10
335.474609375
 20
-456.8046875
 30
0.0
 10
335.474609375
 20
-456.8046875
 30
0.0
 10
335.474609375
 20
-456.8046875
 30
0.0
 10
335.474609375
 20
-437.1875
 30
0.0
 10
335.474609375
 20
-437.1875
 30
0.0
 10
335.474609375
 20
-437.1875
 30
0.0
 10
326.65576171875
 20
-447.98583984375
 30
0.0
 10
326.65576171875
 20
-447.98583984375
 30
0.0
 10
326.65576171875
 20
-447.98583984375
 30
0.0
 10
326.29541015625
 20
-447.98583984375
 30
0.0
 10
326.29541015625
 20
-447.98583984375
 30
0.0
 10
326.29541015625
 20
-447.98583984375
 30
0.0
 10
317.4765625
 20
-437.1875
 30
0.0
 10
317.4765625
 20
-437.1875
 30
0.0
 10
317.4765625
 20
-437.1875
 30
0.0
 10
317.4765625
 20
-456.8046875
 30
0.0
 10
317.4765625
 20
-456.8046875
 30
0.0
 10
317.4765625
 20
-456.8046875
 30
0.0
 10
317.296875
 20
-456.98486328125
 30
0.0
 10
317.296875
 20
-456.98486328125
 30
0.0
 10
317.296875
 20
-456.98486328125
 30
0.0
 10
314.05712890625
 20
-456.98486328125
 30
0.0
 10
314.05712890625
 20
-456.98486328125
 30
0.0
 10
314.05712890625
 20
-456.98486328125
 30
0.0
 10
313.87744140625
 20
-456.8046875
 30
0.0
 10
313.87744140625
 20
-456.8046875
 30
0.0
 10
313.87744140625
 20
-456.8046875
 30
0.0
 10
313.87744140625
 20
-431.9677734375
 30
0.0
 10
313.87744140625
 20
-431.9677734375
 30
0.0
 10
313.87744140625
 20
-431.9677734375
 30
0.0
 10
314.05712890625
 20
-431.7880859375
 30
0.0
 10
314.05712890625
 20
-431.7880859375
 30
0.0
 10
314.05712890625
 20
-431.7880859375
 30
0.0
 10
317.11669921875
 20
-431.7880859375
 30
0.0
 10
317.11669921875
 20
-431.7880859375
 30
0.0
  0
HATCH
  5
95
330
7B
100
AcDbEntity
  8
Layer 1
 62
    20
420
 15817252
440
 33554687
100
AcDbHatch
 10
0.0
 20
0.0
 30
0.0
210
0.0
220
0.0
230
1.0
  2
SOLID
 70
     1
 71
     1
 91
        1
 92
        1
 93
        1
 72
     4
 94
        3
 73
     0
 74
     0
 95
       68
 96
       64
 40
0.0
 40
0.0
 40
0.0
 40
0.0
 40
1.0
 40
1.0
 40
1.0
 40
2.0
 40
2.0
 40
2.0
 40
3.0
 40
3.0
 40
3.0
 40
4.0
 40
4.0
 40
4.0
 40
5.0
 40
5.0
 40
5.0
 40
6.0
 40
6.0
 40
6.0
 40
7.0
 40
7.0
 40
7.0
 40
8.0
 40
8.0
 40
8.0
 40
9.0
 40
9.0
 40
9.0
 40
10.0
 40
10.0
 40
10.0
 40
11.0
 40
11.0
 40
11.0
 40
12.0
 40
12.0
 40
12.0
 40
13.0
 40
13.0
 40
13.0
 40
14.0
 40
14.0
 40
14.0
 40
15.0
 40
15.0
 40
15.0
 40
16.0
 40
16.0
 40
16.0
 40
17.0
 40
17.0
 40
17.0
 40
18.0
 40
18.0
 40
18.0
 40
19.0
 40
19.0
 40
19.0
 40
20.0
 40
20.0
 40
20.0
 40
21.0
 40
21.0
 40
21.0
 40
21.0
 10
317.11669921875
 20
-431.7880859375
 10
317.11669921875
 20
-431.7880859375
 10
317.4765625
 20
-431.9677734375
 10
317.4765625
 20
-431.9677734375
 10
317.4765625
 20
-431.9677734375
 10
326.4755859375
 20
-442.94677734375
 10
326.4755859375
 20
-442.94677734375
 10
326.4755859375
 20
-442.94677734375
 10
335.474609375
 20
-431.9677734375
 10
335.474609375
 20
-431.9677734375
 10
335.474609375
 20
-431.9677734375
 10
335.83447265625
 20
-431.7880859375
 10
335.83447265625
 20
-431.7880859375
 10
335.83447265625
 20
-431.7880859375
 10
338.89404296875
 20
-431.7880859375
 10
338.89404296875
 20
-431.7880859375
 10
338.89404296875
 20
-431.7880859375
 10
339.07421875
 20
-431.9677734375
 10
339.07421875
 20
-431.9677734375
 10
339.07421875
 20
-431.9677734375
 10
339.07421875
 20
-456.8046875
 10
339.07421875
 20
-456.8046875
 10
339.07421875
 20
-456.8046875
 10
338.89404296875
 20
-456.98486328125
 10
338.89404296875
 20
-456.98486328125
 10
338.89404296875
 20
-456.98486328125
 10
335.654296875
 20
-456.98486328125
 10
335.654296875
 20
-456.98486328125
 10
335.654296875
 20
-456.98486328125
 10
335.474609375
 20
-456.8046875
 10
335.474609375
 20
-456.8046875
 10
335.474609375
 20
-456.8046875
 10
335.474609375
 20
-437.1875
 10
335.474609375
 20
-437.1875
 10
335.474609375
 20
-437.1875
 10
326.65576171875
 20
-447.98583984375
 10
326.65576171875
 20
-447.98583984375
 10
326.65576171875
 20
-447.98583984375
 10
326.29541015625
 20
-447.98583984375
 10
326.29541015625
 20
-447.98583984375
 10
326.29541015625
 20
-447.98583984375
 10
317.4765625
 20
-437.1875
 10
317.4765625
 20
-437.1875
 10
317.4765625
 20
-437.1875
 10
317.4765625
 20
-456.8046875
 10
317.4765625
 20
-456.8046875
 10
317.4765625
 20
-456.8046875
 10
317.296875
 20
-456.98486328125
 10
317.296875
 20
-456.98486328125
 10
317.296875
 20
-456.98486328125
 10
314.05712890625
 20
-456.98486328125
 10
314.05712890625
 20
-456.98486328125
 10
314.05712890625
 20
-456.98486328125
 10
313.87744140625
 20
-456.8046875
 10
313.87744140625
 20
-456.8046875
 10
313.87744140625
 20
-456.8046875
 10
313.87744140625
 20
-431.9677734375
 10
313.87744140625
 20
-431.9677734375
 10
313.87744140625
 20
-431.9677734375
 10
314.05712890625
 20
-431.7880859375
 10
314.05712890625
 20
-431.7880859375
 10
314.05712890625
 20
-431.7880859375
 10
317.11669921875
 20
-431.7880859375
 10
317.11669921875
 20
-431.7880859375
 97
        0
 97
        1
330
94
 75
     2
 76
     1
 98
        1
 10
0.0
 20
0.0
450
        0
451
        0
460
0.0
461
0.0
452
        0
462
0.0
453
        0
470

  0
SPLINE
  5
96
330
7B
100
AcDbEntity
  8
Layer 1
100
AcDbSpline
210
0.0
220
0.0
230
1.0
 70
    11
 71
     3
 72
    65
 73
    61
 74
     0
 42
0.0000000001
 43
0.0000000001
 40
0.0
 40
0.0
 40
0.0
 40
0.0
 40
1.0
 40
1.0
 40
1.0
 40
2.0
 40
2.0
 40
2.0
 40
3.0
 40
3.0
 40
3.0
 40
4.0
 40
4.0
 40
4.0
 40
5.0
 40
5.0
 40
5.0
 40
6.0
 40
6.0
 40
6.0
 40
7.0
 40
7.0
 40
7.0
 40
8.0
 40
8.0
 40
8.0
 40
9.0
 40
9.0
 40
9.0
 40
10.0
 40
10.0
 40
10.0
 40
11.0
 40
11.0
 40
11.0
 40
12.0
 40
12.0
 40
12.0
 40
13.0
 40
13.0
 40
13.0
 40
14.0
 40
14.0
 40
14.0
 40
15.0
 40
15.0
 40
15.0
 40
16.0
 40
16.0
 40
16.0
 40
17.0
 40
17.0
 40
17.0
 40
18.0
 40
18.0
 40
18.0
 40
19.0
 40
19.0
 40
19.0
 40
20.0
 40
20.0
 40
20.0
 40
20.0
 10
201.37841796875
 20
-474.98779296875
 30
0.0
 10
201.37841796875
 20
-474.98779296875
 30
0.0
 10
201.55810546875
 20
-475.16748046875
 30
0.0
 10
201.55810546875
 20
-475.16748046875
 30
0.0
 10
201.55810546875
 20
-475.16748046875
 30
0.0
 10
201.55810546875
 20
-484.5263671875
 30
0.0
 10
201.55810546875
 20
-484.5263671875
 30
0.0
 10
201.55810546875
 20
-484.5263671875
 30
0.0
 10
215.23681640625
 20
-484.5263671875
 30
0.0
 10
215.23681640625
 20
-484.5263671875
 30
0.0
 10
215.23681640625
 20
-484.5263671875
 30
0.0
 10
215.23681640625
 20
-475.16748046875
 30
0.0
 10
215.23681640625
 20
-475.16748046875
 30
0.0
 10
215.23681640625
 20
-475.16748046875
 30
0.0
 10
215.41650390625
 20
-474.98779296875
 30
0.0
 10
215.41650390625
 20
-474.98779296875
 30
0.0
 10
215.41650390625
 20
-474.98779296875
 30
0.0
 10
218.65625
 20
-474.98779296875
 30
0.0
 10
218.65625
 20
-474.98779296875
 30
0.0
 10
218.65625
 20
-474.98779296875
 30
0.0
 10
218.8359375
 20
-475.16748046875
 30
0.0
 10
218.8359375
 20
-475.16748046875
 30
0.0
 10
218.8359375
 20
-475.16748046875
 30
0.0
 10
218.8359375
 20
-500.00439453125
 30
0.0
 10
218.8359375
 20
-500.00439453125
 30
0.0
 10
218.8359375
 20
-500.00439453125
 30
0.0
 10
218.65625
 20
-500.1845703125
 30
0.0
 10
218.65625
 20
-500.1845703125
 30
0.0
 10
218.65625
 20
-500.1845703125
 30
0.0
 10
215.41650390625
 20
-500.1845703125
 30
0.0
 10
215.41650390625
 20
-500.1845703125
 30
0.0
 10
215.41650390625
 20
-500.1845703125
 30
0.0
 10
215.23681640625
 20
-500.00439453125
 30
0.0
 10
215.23681640625
 20
-500.00439453125
 30
0.0
 10
215.23681640625
 20
-500.00439453125
 30
0.0
 10
215.23681640625
 20
-488.1259765624999
 30
0.0
 10
215.23681640625
 20
-488.1259765624999
 30
0.0
 10
215.23681640625
 20
-488.1259765624999
 30
0.0
 10
201.55810546875
 20
-488.1259765624999
 30
0.0
 10
201.55810546875
 20
-488.1259765624999
 30
0.0
 10
201.55810546875
 20
-488.1259765624999
 30
0.0
 10
201.55810546875
 20
-500.00439453125
 30
0.0
 10
201.55810546875
 20
-500.00439453125
 30
0.0
 10
201.55810546875
 20
-500.00439453125
 30
0.0
 10
201.37841796875
 20
-500.1845703125
 30
0.0
 10
201.37841796875
 20
-500.1845703125
 30
0.0
 10
201.37841796875
 20
-500.1845703125
 30
0.0
 10
198.138671875
 20
-500.1845703125
 30
0.0
 10
198.138671875
 20
-500.1845703125
 30
0.0
 10
198.138671875
 20
-500.1845703125
 30
0.0
 10
197.95849609375
 20
-500.00439453125
 30
0.0
 10
197.95849609375
 20
-500.00439453125
 30
0.0
 10
197.95849609375
 20
-500.00439453125
 30
0.0
 10
197.95849609375
 20
-475.16748046875
 30
0.0
 10
197.95849609375
 20
-475.16748046875
 30
0.0
 10
197.95849609375
 20
-475.16748046875
 30
0.0
 10
198.138671875
 20
-474.98779296875
 30
0.0
 10
198.138671875
 20
-474.98779296875
 30
0.0
 10
198.138671875
 20
-474.98779296875
 30
0.0
 10
201.37841796875
 20
-474.98779296875
 30
0.0
 10
201.37841796875
 20
-474.98779296875
 30
0.0
  0
HATCH
  5
97
330
7B
100
AcDbEntity
  8
Layer 1
 62
     1
420
 16711680
440
 33554687
100
AcDbHatch
 10
0.0
 20
0.0
 30
0.0
210
0.0
220
0.0
230
1.0
  2
SOLID
 70
     1
 71
     1
 91
        1
 92
        1
 93
        1
 72
     4
 94
        3
 73
     0
 74
     0
 95
       65
 96
       61
 40
0.0
 40
0.0
 40
0.0
 40
0.0
 40
1.0
 40
1.0
 40
1.0
 40
2.0
 40
2.0
 40
2.0
 40
3.0
 40
3.0
 40
3.0
 40
4.0
 40
4.0
 40
4.0
 40
5.0
 40
5.0
 40
5.0
 40
6.0
 40
6.0
 40
6.0
 40
7.0
 40
7.0
 40
7.0
 40
8.0
 40
8.0
 40
8.0
 40
9.0
 40
9.0
 40
9.0
 40
10.0
 40
10.0
 40
10.0
 40
11.0
 40
11.0
 40
11.0
 40
12.0
 40
12.0
 40
12.0
 40
13.0
 40
13.0
 40
13.0
 40
14.0
 40
14.0
 40
14.0
 40
15.0
 40
15.0
 40
15.0
 40
16.0
 40
16.0
 40
16.0
 40
17.0
 40
17.0
 40
17.0
 40
18.0
 40
18.0
 40
18.0
 40
19.0
 40
19.0
 40
19.0
 40
20.0
 40
20.0
 40
20.0
 40
20.0
 10
201.37841796875
 20
-474.98779296875
 10
201.37841796875
 20
-474.98779296875
 10
201.55810546875
 20
-475.16748046875
 10
201.55810546875
 20
-475.16748046875
 10
201.55810546875
 20
-475.16748046875
 10
201.55810546875
 20
-484.5263671875
 10
201.55810546875
 20
-484.5263671875
 10
201.55810546875
 20
-484.5263671875
 10
215.23681640625
 20
-484.5263671875
 10
215.23681640625
 20
-484.5263671875
 10
215.23681640625
 20
-484.5263671875
 10
215.23681640625
 20
-475.16748046875
 10
215.23681640625
 20
-475.16748046875
 10
215.23681640625
 20
-475.16748046875
 10
215.41650390625
 20
-474.98779296875
 10
215.41650390625
 20
-474.98779296875
 10
215.41650390625
 20
-474.98779296875
 10
218.65625
 20
-474.98779296875
 10
218.65625
 20
-474.98779296875
 10
218.65625
 20
-474.98779296875
 10
218.8359375
 20
-475.16748046875
 10
218.8359375
 20
-475.16748046875
 10
218.8359375
 20
-475.16748046875
 10
218.8359375
 20
-500.00439453125
 10
218.8359375
 20
-500.00439453125
 10
218.8359375
 20
-500.00439453125
 10
218.65625
 20
-500.1845703125
 10
218.65625
 20
-500.1845703125
 10
218.65625
 20
-500.1845703125
 10
215.41650390625
 20
-500.1845703125
 10
215.41650390625
 20
-500.1845703125
 10
215.41650390625
 20
-500.1845703125
 10
215.23681640625
 20
-500.00439453125
 10
215.23681640625
 20
-500.00439453125
 10
215.23681640625
 20
-500.00439453125
 10
215.23681640625
 20
-488.1259765624999
 10
215.23681640625
 20
-488.1259765624999
 10
215.23681640625
 20
-488.1259765624999
 10
201.55810546875
 20
-488.1259765624999
 10
201.55810546875
 20
-488.1259765624999
 10
201.55810546875
 20
-488.1259765624999
 10
201.55810546875
 20
-500.00439453125
 10
201.55810546875
 20
-500.00439453125
 10
201.55810546875
 20
-500.00439453125
 10
201.37841796875
 20
-500.1845703125
 10
201.37841796875
 20
-500.1845703125
 10
201.37841796875
 20
-500.1845703125
 10
198.138671875
 20
-500.1845703125
 10
198.138671875
 20
-500.1845703125
 10
198.138671875
 20
-500.1845703125
 10
197.95849609375
 20
-500.00439453125
 10
197.95849609375
 20
-500.00439453125
 10
197.95849609375
 20
-500.00439453125
 10
197.95849609375
 20
-475.16748046875
 10
197.95849609375
 20
-475.16748046875
 10
197.95849609375
 20
-475.16748046875
 10
198.138671875
 20
-474.98779296875
 10
198.138671875
 20
-474.98779296875
 10
198.138671875
 20
-474.98779296875
 10
201.37841796875
 20
-474.98779296875
 10
201.37841796875
 20
-474.98779296875
 97
        0
 97
        1
330
96
 75
     2
 76
     1
 98
        1
 10
0.0
 20
0.0
450
        0
451
        0
460
0.0
461
0.0
452
        0
462
0.0
453
        0
470

  0
SPLINE
  5
98
330
7B
100
AcDbEntity
  8
Layer 1
100
AcDbSpline
210
0.0
220
0.0
230
1.0
 70
    11
 71
     3
 72
    65
 73
    61
 74
     0
 42
0.0000000001
 43
0.0000000001
 40
0.0
 40
0.0
 40
0.0
 40
0.0
 40
1.0
 40
1.0
 40
1.0
 40
2.0
 40
2.0
 40
2.0
 40
3.0
 40
3.0
 40
3.0
 40
4.0
 40
4.0
 40
4.0
 40
5.0
 40
5.0
 40
5.0
 40
6.0
 40
6.0
 40
6.0
 40
7.0
 40
7.0
 40
7.0
 40
8.0
 40
8.0
 40
8.0
 40
9.0
 40
9.0
 40
9.0
 40
10.0
 40
10.0
 40
10.0
 40
11.0
 40
11.0
 40
11.0
 40
12.0
 40
12.0
 40
12.0
 40
13.0
 40
13.0
 40
13.0
 40
14.0
 40
14.0
 40
14.0
 40
15.0
 40
15.0
 40
15.0
 40
16.0
 40
16.0
 40
16.0
 40
17.0
 40
17.0
 40
17.0
 40
18.0
 40
18.0
 40
18.0
 40
19.0
 40
19.0
 40
19.0
 40
20.0
 40
20.0
 40
20.0
 40
20.0
 10
239.896484375
 20
-474.98779296875
 30
0.0
 10
239.896484375
 20
-474.98779296875
 30
0.0
 10
240.07666015625
 20
-475.16748046875
 30
0.0
 10
240.07666015625
 20
-475.16748046875
 30
0.0
 10
240.07666015625
 20
-475.16748046875
 30
0.0
 10
240.07666015625
 20
-478.4072265625
 30
0.0
 10
240.07666015625
 20
-478.4072265625
 30
0.0
 10
240.07666015625
 20
-478.4072265625
 30
0.0
 10
239.896484375
 20
-478.5874023437499
 30
0.0
 10
239.896484375
 20
-478.5874023437499
 30
0.0
 10
239.896484375
 20
-478.5874023437499
 30
0.0
 10
228.19775390625
 20
-478.5874023437499
 30
0.0
 10
228.19775390625
 20
-478.5874023437499
 30
0.0
 10
228.19775390625
 20
-478.5874023437499
 30
0.0
 10
228.19775390625
 20
-484.5263671875
 30
0.0
 10
228.19775390625
 20
-484.5263671875
 30
0.0
 10
228.19775390625
 20
-484.5263671875
 30
0.0
 10
237.0166015625
 20
-484.5263671875
 30
0.0
 10
237.0166015625
 20
-484.5263671875
 30
0.0
 10
237.0166015625
 20
-484.5263671875
 30
0.0
 10
237.19677734375
 20
-484.70654296875
 30
0.0
 10
237.19677734375
 20
-484.70654296875
 30
0.0
 10
237.19677734375
 20
-484.70654296875
 30
0.0
 10
237.19677734375
 20
-487.9462890624999
 30
0.0
 10
237.19677734375
 20
-487.9462890624999
 30
0.0
 10
237.19677734375
 20
-487.9462890624999
 30
0.0
 10
237.0166015625
 20
-488.1259765624999
 30
0.0
 10
237.0166015625
 20
-488.1259765624999
 30
0.0
 10
237.0166015625
 20
-488.1259765624999
 30
0.0
 10
228.19775390625
 20
-488.1259765624999
 30
0.0
 10
228.19775390625
 20
-488.1259765624999
 30
0.0
 10
228.19775390625
 20
-488.1259765624999
 30
0.0
 10
228.19775390625
 20
-496.5849609374999
 30
0.0
 10
228.19775390625
 20
-496.5849609374999
 30
0.0
 10
228.19775390625
 20
-496.5849609374999
 30
0.0
 10
240.9765625
 20
-496.5849609374999
 30
0.0
 10
240.9765625
 20
-496.5849609374999
 30
0.0
 10
240.9765625
 20
-496.5849609374999
 30
0.0
 10
241.15625
 20
-496.76513671875
 30
0.0
 10
241.15625
 20
-496.76513671875
 30
0.0
 10
241.15625
 20
-496.76513671875
 30
0.0
 10
241.15625
 20
-500.00439453125
 30
0.0
 10
241.15625
 20
-500.00439453125
 30
0.0
 10
241.15625
 20
-500.00439453125
 30
0.0
 10
240.9765625
 20
-500.1845703125
 30
0.0
 10
240.9765625
 20
-500.1845703125
 30
0.0
 10
240.9765625
 20
-500.1845703125
 30
0.0
 10
224.7783203125
 20
-500.1845703125
 30
0.0
 10
224.7783203125
 20
-500.1845703125
 30
0.0
 10
224.7783203125
 20
-500.1845703125
 30
0.0
 10
224.59814453125
 20
-500.00439453125
 30
0.0
 10
224.59814453125
 20
-500.00439453125
 30
0.0
 10
224.59814453125
 20
-500.00439453125
 30
0.0
 10
224.59814453125
 20
-475.16748046875
 30
0.0
 10
224.59814453125
 20
-475.16748046875
 30
0.0
 10
224.59814453125
 20
-475.16748046875
 30
0.0
 10
224.7783203125
 20
-474.98779296875
 30
0.0
 10
224.7783203125
 20
-474.98779296875
 30
0.0
 10
224.7783203125
 20
-474.98779296875
 30
0.0
 10
239.896484375
 20
-474.98779296875
 30
0.0
 10
239.896484375
 20
-474.98779296875
 30
0.0
  0
HATCH
  5
99
330
7B
100
AcDbEntity
  8
Layer 1
 62
     1
420
 16711680
440
 33554687
100
AcDbHatch
 10
0.0
 20
0.0
 30
0.0
210
0.0
220
0.0
230
1.0
  2
SOLID
 70
     1
 71
     1
 91
        1
 92
        1
 93
        1
 72
     4
 94
        3
 73
     0
 74
     0
 95
       65
 96
       61
 40
0.0
 40
0.0
 40
0.0
 40
0.0
 40
1.0
 40
1.0
 40
1.0
 40
2.0
 40
2.0
 40
2.0
 40
3.0
 40
3.0
 40
3.0
 40
4.0
 40
4.0
 40
4.0
 40
5.0
 40
5.0
 40
5.0
 40
6.0
 40
6.0
 40
6.0
 40
7.0
 40
7.0
 40
7.0
 40
8.0
 40
8.0
 40
8.0
 40
9.0
 40
9.0
 40
9.0
 40
10.0
 40
10.0
 40
10.0
 40
11.0
 40
11.0
 40
11.0
 40
12.0
 40
12.0
 40
12.0
 40
13.0
 40
13.0
 40
13.0
 40
14.0
 40
14.0
 40
14.0
 40
15.0
 40
15.0
 40
15.0
 40
16.0
 40
16.0
 40
16.0
 40
17.0
 40
17.0
 40
17.0
 40
18.0
 40
18.0
 40
18.0
 40
19.0
 40
19.0
 40
19.0
 40
20.0
 40
20.0
 40
20.0
 40
20.0
 10
239.896484375
 20
-474.98779296875
 10
239.896484375
 20
-474.98779296875
 10
240.07666015625
 20
-475.16748046875
 10
240.07666015625
 20
-475.16748046875
 10
240.07666015625
 20
-475.16748046875
 10
240.07666015625
 20
-478.4072265625
 10
240.07666015625
 20
-478.4072265625
 10
240.07666015625
 20
-478.4072265625
 10
239.896484375
 20
-478.5874023437499
 10
239.896484375
 20
-478.5874023437499
 10
239.896484375
 20
-478.5874023437499
 10
228.19775390625
 20
-478.5874023437499
 10
228.19775390625
 20
-478.5874023437499
 10
228.19775390625
 20
-478.5874023437499
 10
228.19775390625
 20
-484.5263671875
 10
228.19775390625
 20
-484.5263671875
 10
228.19775390625
 20
-484.5263671875
 10
237.0166015625
 20
-484.5263671875
 10
237.0166015625
 20
-484.5263671875
 10
237.0166015625
 20
-484.5263671875
 10
237.19677734375
 20
-484.70654296875
 10
237.19677734375
 20
-484.70654296875
 10
237.19677734375
 20
-484.70654296875
 10
237.19677734375
 20
-487.9462890624999
 10
237.19677734375
 20
-487.9462890624999
 10
237.19677734375
 20
-487.9462890624999
 10
237.0166015625
 20
-488.1259765624999
 10
237.0166015625
 20
-488.1259765624999
 10
237.0166015625
 20
-488.1259765624999
 10
228.19775390625
 20
-488.1259765624999
 10
228.19775390625
 20
-488.1259765624999
 10
228.19775390625
 20
-488.1259765624999
 10
228.19775390625
 20
-496.5849609374999
 10
228.19775390625
 20
-496.5849609374999
 10
228.19775390625
 20
-496.5849609374999
 10
240.9765625
 20
-496.5849609374999
 10
240.9765625
 20
-496.5849609374999
 10
240.9765625
 20
-496.5849609374999
 10
241.15625
 20
-496.76513671875
 10
241.15625
 20
-496.76513671875
 10
241.15625
 20
-496.76513671875
 10
241.15625
 20
-500.00439453125
 10
241.15625
 20
-500.00439453125
 10
241.15625
 20
-500.00439453125
 10
240.9765625
 20
-500.1845703125
 10
240.9765625
 20
-500.1845703125
 10
240.9765625
 20
-500.1845703125
 10
224.7783203125
 20
-500.1845703125
 10
224.7783203125
 20
-500.1845703125
 10
224.7783203125
 20
-500.1845703125
 10
224.59814453125
 20
-500.00439453125
 10
224.59814453125
 20
-500.00439453125
 10
224.59814453125
 20
-500.00439453125
 10
224.59814453125
 20
-475.16748046875
 10
224.59814453125
 20
-475.16748046875
 10
224.59814453125
 20
-475.16748046875
 10
224.7783203125
 20
-474.98779296875
 10
224.7783203125
 20
-474.98779296875
 10
224.7783203125
 20
-474.98779296875
 10
239.896484375
 20
-474.98779296875
 10
239.896484375
 20
-474.98779296875
 97
        0
 97
        1
330
98
 75
     2
 76
     1
 98
        1
 10
0.0
 20
0.0
450
        0
451
        0
460
0.0
461
0.0
452
        0
462
0.0
453
        0
470

  0
SPLINE
  5
9A
330
7B
100
AcDbEntity
  8
Layer 1
100
AcDbSpline
210
0.0
220
0.0
230
1.0
 70
    11
 71
     3
 72
    14
 73
    10
 74
     0
 42
0.0000000001
 43
0.0000000001
 40
0.0
 40
0.0
 40
0.0
 40
0.0
 40
1.0
 40
1.0
 40
1.0
 40
2.0
 40
2.0
 40
2.0
 40
3.0
 40
3.0
 40
3.0
 40
3.0
 10
250.697265625
 20
-490.64599609375
 30
0.0
 10
250.697265625
 20
-490.64599609375
 30
0.0
 10
258.97607421875
 20
-490.64599609375
 30
0.0
 10
258.97607421875
 20
-490.64599609375
 30
0.0
 10
258.97607421875
 20
-490.64599609375
 30
0.0
 10
254.83642578125
 20
-480.02685546875
 30
0.0
 10
254.83642578125
 20
-480.02685546875
 30
0.0
 10
254.83642578125
 20
-480.02685546875
 30
0.0
 10
250.697265625
 20
-490.64599609375
 30
0.0
 10
250.697265625
 20
-490.64599609375
 30
0.0
  0
SPLINE
  5
9B
330
7B
100
AcDbEntity
  8
Layer 1
100
AcDbSpline
210
0.0
220
0.0
230
1.0
 70
    11
 71
     3
 72
    47
 73
    43
 74
     0
 42
0.0000000001
 43
0.0000000001
 40
0.0
 40
0.0
 40
0.0
 40
0.0
 40
1.0
 40
1.0
 40
1.0
 40
2.0
 40
2.0
 40
2.0
 40
3.0
 40
3.0
 40
3.0
 40
4.0
 40
4.0
 40
4.0
 40
5.0
 40
5.0
 40
5.0
 40
6.0
 40
6.0
 40
6.0
 40
7.0
 40
7.0
 40
7.0
 40
8.0
 40
8.0
 40
8.0
 40
9.0
 40
9.0
 40
9.0
 40
10.0
 40
10.0
 40
10.0
 40
11.0
 40
11.0
 40
11.0
 40
12.0
 40
12.0
 40
12.0
 40
13.0
 40
13.0
 40
13.0
 40
14.0
 40
14.0
 40
14.0
 40
14.0
 10
256.45654296875
 20
-474.98779296875
 30
0.0
 10
256.45654296875
 20
-474.98779296875
 30
0.0
 10
256.63623046875
 20
-475.16748046875
 30
0.0
 10
256.63623046875
 20
-475.16748046875
 30
0.0
 10
256.63623046875
 20
-475.16748046875
 30
0.0
 10
266.71533203125
 20
-500.00439453125
 30
0.0
 10
266.71533203125
 20
-500.00439453125
 30
0.0
 10
266.71533203125
 20
-500.00439453125
 30
0.0
 10
266.53515625
 20
-500.1845703125
 30
0.0
 10
266.53515625
 20
-500.1845703125
 30
0.0
 10
266.53515625
 20
-500.1845703125
 30
0.0
 10
262.935546875
 20
-500.1845703125
 30
0.0
 10
262.935546875
 20
-500.1845703125
 30
0.0
 10
262.935546875
 20
-500.1845703125
 30
0.0
 10
262.75537109375
 20
-500.00439453125
 30
0.0
 10
262.75537109375
 20
-500.00439453125
 30
0.0
 10
262.75537109375
 20
-500.00439453125
 30
0.0
 10
260.416015625
 20
-494.2451171874999
 30
0.0
 10
260.416015625
 20
-494.2451171874999
 30
0.0
 10
260.416015625
 20
-494.2451171874999
 30
0.0
 10
249.25732421875
 20
-494.2451171874999
 30
0.0
 10
249.25732421875
 20
-494.2451171874999
 30
0.0
 10
249.25732421875
 20
-494.2451171874999
 30
0.0
 10
246.91748046875
 20
-500.00439453125
 30
0.0
 10
246.91748046875
 20
-500.00439453125
 30
0.0
 10
246.91748046875
 20
-500.00439453125
 30
0.0
 10
246.73779296875
 20
-500.1845703125
 30
0.0
 10
246.73779296875
 20
-500.1845703125
 30
0.0
 10
246.73779296875
 20
-500.1845703125
 30
0.0
 10
243.13818359375
 20
-500.1845703125
 30
0.0
 10
243.13818359375
 20
-500.1845703125
 30
0.0
 10
243.13818359375
 20
-500.1845703125
 30
0.0
 10
242.9580078125
 20
-500.00439453125
 30
0.0
 10
242.9580078125
 20
-500.00439453125
 30
0.0
 10
242.9580078125
 20
-500.00439453125
 30
0.0
 10
253.03662109375
 20
-475.16748046875
 30
0.0
 10
253.03662109375
 20
-475.16748046875
 30
0.0
 10
253.03662109375
 20
-475.16748046875
 30
0.0
 10
253.216796875
 20
-474.98779296875
 30
0.0
 10
253.216796875
 20
-474.98779296875
 30
0.0
 10
253.216796875
 20
-474.98779296875
 30
0.0
 10
256.45654296875
 20
-474.98779296875
 30
0.0
 10
256.45654296875
 20
-474.98779296875
 30
0.0
  0
HATCH
  5
9C
330
7B
100
AcDbEntity
  8
Layer 1
 62
     1
420
 16711680
440
 33554687
100
AcDbHatch
 10
0.0
 20
0.0
 30
0.0
210
0.0
220
0.0
230
1.0
  2
SOLID
 70
     1
 71
     1
 91
        2
 92
        1
 93
        1
 72
     4
 94
        3
 73
     0
 74
     0
 95
       14
 96
       10
 40
0.0
 40
0.0
 40
0.0
 40
0.0
 40
1.0
 40
1.0
 40
1.0
 40
2.0
 40
2.0
 40
2.0
 40
3.0
 40
3.0
 40
3.0
 40
3.0
 10
250.697265625
 20
-490.64599609375
 10
250.697265625
 20
-490.64599609375
 10
258.97607421875
 20
-490.64599609375
 10
258.97607421875
 20
-490.64599609375
 10
258.97607421875
 20
-490.64599609375
 10
254.83642578125
 20
-480.02685546875
 10
254.83642578125
 20
-480.02685546875
 10
254.83642578125
 20
-480.02685546875
 10
250.697265625
 20
-490.64599609375
 10
250.697265625
 20
-490.64599609375
 97
        0
 97
        1
330
9A
 92
        1
 93
        1
 72
     4
 94
        3
 73
     0
 74
     0
 95
       47
 96
       43
 40
0.0
 40
0.0
 40
0.0
 40
0.0
 40
1.0
 40
1.0
 40
1.0
 40
2.0
 40
2.0
 40
2.0
 40
3.0
 40
3.0
 40
3.0
 40
4.0
 40
4.0
 40
4.0
 40
5.0
 40
5.0
 40
5.0
 40
6.0
 40
6.0
 40
6.0
 40
7.0
 40
7.0
 40
7.0
 40
8.0
 40
8.0
 40
8.0
 40
9.0
 40
9.0
 40
9.0
 40
10.0
 40
10.0
 40
10.0
 40
11.0
 40
11.0
 40
11.0
 40
12.0
 40
12.0
 40
12.0
 40
13.0
 40
13.0
 40
13.0
 40
14.0
 40
14.0
 40
14.0
 40
14.0
 10
256.45654296875
 20
-474.98779296875
 10
256.45654296875
 20
-474.98779296875
 10
256.63623046875
 20
-475.16748046875
 10
256.63623046875
 20
-475.16748046875
 10
256.63623046875
 20
-475.16748046875
 10
266.71533203125
 20
-500.00439453125
 10
266.71533203125
 20
-500.00439453125
 10
266.71533203125
 20
-500.00439453125
 10
266.53515625
 20
-500.1845703125
 10
266.53515625
 20
-500.1845703125
 10
266.53515625
 20
-500.1845703125
 10
262.935546875
 20
-500.1845703125
 10
262.935546875
 20
-500.1845703125
 10
262.935546875
 20
-500.1845703125
 10
262.75537109375
 20
-500.00439453125
 10
262.75537109375
 20
-500.00439453125
 10
262.75537109375
 20
-500.00439453125
 10
260.416015625
 20
-494.2451171874999
 10
260.416015625
 20
-494.2451171874999
 10
260.416015625
 20
-494.2451171874999
 10
249.25732421875
 20
-494.2451171874999
 10
249.25732421875
 20
-494.2451171874999
 10
249.25732421875
 20
-494.2451171874999
 10
246.91748046875
 20
-500.00439453125
 10
246.91748046875
 20
-500.00439453125
 10
246.91748046875
 20
-500.00439453125
 10
246.73779296875
 20
-500.1845703125
 10
246.73779296875
 20
-500.1845703125
 10
246.73779296875
 20
-500.1845703125
 10
243.13818359375
 20
-500.1845703125
 10
243.13818359375
 20
-500.1845703125
 10
243.13818359375
 20
-500.1845703125
 10
242.9580078125
 20
-500.00439453125
 10
242.9580078125
 20
-500.00439453125
 10
242.9580078125
 20
-500.00439453125
 10
253.03662109375
 20
-475.16748046875
 10
253.03662109375
 20
-475.16748046875
 10
253.03662109375
 20
-475.16748046875
 10
253.216796875
 20
-474.98779296875
 10
253.216796875
 20
-474.98779296875
 10
253.216796875
 20
-474.98779296875
 10
256.45654296875
 20
-474.98779296875
 10
256.45654296875
 20
-474.98779296875
 97
        0
 97
        1
330
9B
 75
     2
 76
     1
 98
        1
 10
0.0
 20
0.0
450
        0
451
        0
460
0.0
461
0.0
452
        0
462
0.0
453
        0
470

  0
SPLINE
  5
9D
330
7B
100
AcDbEntity
  8
Layer 1
100
AcDbSpline
210
0.0
220
0.0
230
1.0
 70
    11
 71
     3
 72
    44
 73
    40
 74
     0
 42
0.0000000001
 43
0.0000000001
 40
0.0
 40
0.0
 40
0.0
 40
0.0
 40
1.0
 40
1.0
 40
1.0
 40
2.0
 40
2.0
 40
2.0
 40
3.0
 40
3.0
 40
3.0
 40
4.0
 40
4.0
 40
4.0
 40
5.0
 40
5.0
 40
5.0
 40
6.0
 40
6.0
 40
6.0
 40
7.0
 40
7.0
 40
7.0
 40
8.0
 40
8.0
 40
8.0
 40
9.0
 40
9.0
 40
9.0
 40
10.0
 40
10.0
 40
10.0
 40
11.0
 40
11.0
 40
11.0
 40
12.0
 40
12.0
 40
12.0
 40
13.0
 40
13.0
 40
13.0
 40
13.0
 10
268.337890625
 20
-474.98779296875
 30
0.0
 10
268.337890625
 20
-474.98779296875
 30
0.0
 10
268.517578125
 20
-475.16748046875
 30
0.0
 10
268.517578125
 20
-475.16748046875
 30
0.0
 10
268.517578125
 20
-475.16748046875
 30
0.0
 10
276.07666015625
 20
-494.9653320312499
 30
0.0
 10
276.07666015625
 20
-494.9653320312499
 30
0.0
 10
276.07666015625
 20
-494.9653320312499
 30
0.0
 10
283.6357421875
 20
-475.16748046875
 30
0.0
 10
283.6357421875
 20
-475.16748046875
 30
0.0
 10
283.6357421875
 20
-475.16748046875
 30
0.0
 10
283.81591796875
 20
-474.98779296875
 30
0.0
 10
283.81591796875
 20
-474.98779296875
 30
0.0
 10
283.81591796875
 20
-474.98779296875
 30
0.0
 10
287.41552734375
 20
-474.98779296875
 30
0.0
 10
287.41552734375
 20
-474.98779296875
 30
0.0
 10
287.41552734375
 20
-474.98779296875
 30
0.0
 10
287.59521484375
 20
-475.16748046875
 30
0.0
 10
287.59521484375
 20
-475.16748046875
 30
0.0
 10
287.59521484375
 20
-475.16748046875
 30
0.0
 10
277.87646484375
 20
-500.00439453125
 30
0.0
 10
277.87646484375
 20
-500.00439453125
 30
0.0
 10
277.87646484375
 20
-500.00439453125
 30
0.0
 10
277.69677734375
 20
-500.1845703125
 30
0.0
 10
277.69677734375
 20
-500.1845703125
 30
0.0
 10
277.69677734375
 20
-500.1845703125
 30
0.0
 10
274.45703125
 20
-500.1845703125
 30
0.0
 10
274.45703125
 20
-500.1845703125
 30
0.0
 10
274.45703125
 20
-500.1845703125
 30
0.0
 10
274.27685546875
 20
-500.00439453125
 30
0.0
 10
274.27685546875
 20
-500.00439453125
 30
0.0
 10
274.27685546875
 20
-500.00439453125
 30
0.0
 10
264.55810546875
 20
-475.16748046875
 30
0.0
 10
264.55810546875
 20
-475.16748046875
 30
0.0
 10
264.55810546875
 20
-475.16748046875
 30
0.0
 10
264.73828125
 20
-474.98779296875
 30
0.0
 10
264.73828125
 20
-474.98779296875
 30
0.0
 10
264.73828125
 20
-474.98779296875
 30
0.0
 10
268.337890625
 20
-474.98779296875
 30
0.0
 10
268.337890625
 20
-474.98779296875
 30
0.0
  0
HATCH
  5
9E
330
7B
100
AcDbEntity
  8
Layer 1
 62
     1
420
 16711680
440
 33554687
100
AcDbHatch
 10
0.0
 20
0.0
 30
0.0
210
0.0
220
0.0
230
1.0
  2
SOLID
 70
     1
 71
     1
 91
        1
 92
        1
 93
        1
 72
     4
 94
        3
 73
     0
 74
     0
 95
       44
 96
       40
 40
0.0
 40
0.0
 40
0.0
 40
0.0
 40
1.0
 40
1.0
 40
1.0
 40
2.0
 40
2.0
 40
2.0
 40
3.0
 40
3.0
 40
3.0
 40
4.0
 40
4.0
 40
4.0
 40
5.0
 40
5.0
 40
5.0
 40
6.0
 40
6.0
 40
6.0
 40
7.0
 40
7.0
 40
7.0
 40
8.0
 40
8.0
 40
8.0
 40
9.0
 40
9.0
 40
9.0
 40
10.0
 40
10.0
 40
10.0
 40
11.0
 40
11.0
 40
11.0
 40
12.0
 40
12.0
 40
12.0
 40
13.0
 40
13.0
 40
13.0
 40
13.0
 10
268.337890625
 20
-474.98779296875
 10
268.337890625
 20
-474.98779296875
 10
268.517578125
 20
-475.16748046875
 10
268.517578125
 20
-475.16748046875
 10
268.517578125
 20
-475.16748046875
 10
276.07666015625
 20
-494.9653320312499
 10
276.07666015625
 20
-494.9653320312499
 10
276.07666015625
 20
-494.9653320312499
 10
283.6357421875
 20
-475.16748046875
 10
283.6357421875
 20
-475.16748046875
 10
283.6357421875
 20
-475.16748046875
 10
283.81591796875
 20
-474.98779296875
 10
283.81591796875
 20
-474.98779296875
 10
283.81591796875
 20
-474.98779296875
 10
287.41552734375
 20
-474.98779296875
 10
287.41552734375
 20
-474.98779296875
 10
287.41552734375
 20
-474.98779296875
 10
287.59521484375
 20
-475.16748046875
 10
287.59521484375
 20
-475.16748046875
 10
287.59521484375
 20
-475.16748046875
 10
277.87646484375
 20
-500.00439453125
 10
277.87646484375
 20
-500.00439453125
 10
277.87646484375
 20
-500.00439453125
 10
277.69677734375
 20
-500.1845703125
 10
277.69677734375
 20
-500.1845703125
 10
277.69677734375
 20
-500.1845703125
 10
274.45703125
 20
-500.1845703125
 10
274.45703125
 20
-500.1845703125
 10
274.45703125
 20
-500.1845703125
 10
274.27685546875
 20
-500.00439453125
 10
274.27685546875
 20
-500.00439453125
 10
274.27685546875
 20
-500.00439453125
 10
264.55810546875
 20
-475.16748046875
 10
264.55810546875
 20
-475.16748046875
 10
264.55810546875
 20
-475.16748046875
 10
264.73828125
 20
-474.98779296875
 10
264.73828125
 20
-474.98779296875
 10
264.73828125
 20
-474.98779296875
 10
268.337890625
 20
-474.98779296875
 10
268.337890625
 20
-474.98779296875
 97
        0
 97
        1
330
9D
 75
     2
 76
     1
 98
        1
 10
0.0
 20
0.0
450
        0
451
        0
460
0.0
461
0.0
452
        0
462
0.0
453
        0
470

  0
SPLINE
  5
9F
330
7B
100
AcDbEntity
  8
Layer 1
100
AcDbSpline
210
0.0
220
0.0
230
1.0
 70
    11
 71
     3
 72
    50
 73
    46
 74
     0
 42
0.0000000001
 43
0.0000000001
 40
0.0
 40
0.0
 40
0.0
 40
0.0
 40
1.0
 40
1.0
 40
1.0
 40
2.0
 40
2.0
 40
2.0
 40
3.0
 40
3.0
 40
3.0
 40
4.0
 40
4.0
 40
4.0
 40
5.0
 40
5.0
 40
5.0
 40
6.0
 40
6.0
 40
6.0
 40
7.0
 40
7.0
 40
7.0
 40
8.0
 40
8.0
 40
8.0
 40
9.0
 40
9.0
 40
9.0
 40
10.0
 40
10.0
 40
10.0
 40
11.0
 40
11.0
 40
11.0
 40
12.0
 40
12.0
 40
12.0
 40
13.0
 40
13.0
 40
13.0
 40
14.0
 40
14.0
 40
14.0
 40
15.0
 40
15.0
 40
15.0
 40
15.0
 10
292.63720703125
 20
-474.98779296875
 30
0.0
 10
292.63720703125
 20
-474.98779296875
 30
0.0
 10
292.99755859375
 20
-475.16748046875
 30
0.0
 10
292.99755859375
 20
-475.16748046875
 30
0.0
 10
292.99755859375
 20
-475.16748046875
 30
0.0
 10
299.4765625
 20
-483.62646484375
 30
0.0
 10
299.4765625
 20
-483.62646484375
 30
0.0
 10
299.4765625
 20
-483.62646484375
 30
0.0
 10
305.99169921875
 20
-475.16748046875
 30
0.0
 10
305.99169921875
 20
-475.16748046875
 30
0.0
 10
305.99169921875
 20
-475.16748046875
 30
0.0
 10
306.31591796875
 20
-474.98779296875
 30
0.0
 10
306.31591796875
 20
-474.98779296875
 30
0.0
 10
306.31591796875
 20
-474.98779296875
 30
0.0
 10
310.455078125
 20
-474.98779296875
 30
0.0
 10
310.455078125
 20
-474.98779296875
 30
0.0
 10
310.455078125
 20
-474.98779296875
 30
0.0
 10
310.63525390625
 20
-475.16748046875
 30
0.0
 10
310.63525390625
 20
-475.16748046875
 30
0.0
 10
310.63525390625
 20
-475.16748046875
 30
0.0
 10
301.2763671875
 20
-487.04638671875
 30
0.0
 10
301.2763671875
 20
-487.04638671875
 30
0.0
 10
301.2763671875
 20
-487.04638671875
 30
0.0
 10
301.2763671875
 20
-500.00439453125
 30
0.0
 10
301.2763671875
 20
-500.00439453125
 30
0.0
 10
301.2763671875
 20
-500.00439453125
 30
0.0
 10
301.09619140625
 20
-500.1845703125
 30
0.0
 10
301.09619140625
 20
-500.1845703125
 30
0.0
 10
301.09619140625
 20
-500.1845703125
 30
0.0
 10
297.85693359375
 20
-500.1845703125
 30
0.0
 10
297.85693359375
 20
-500.1845703125
 30
0.0
 10
297.85693359375
 20
-500.1845703125
 30
0.0
 10
297.6767578125
 20
-500.00439453125
 30
0.0
 10
297.6767578125
 20
-500.00439453125
 30
0.0
 10
297.6767578125
 20
-500.00439453125
 30
0.0
 10
297.6767578125
 20
-487.04638671875
 30
0.0
 10
297.6767578125
 20
-487.04638671875
 30
0.0
 10
297.6767578125
 20
-487.04638671875
 30
0.0
 10
288.31787109375
 20
-475.16748046875
 30
0.0
 10
288.31787109375
 20
-475.16748046875
 30
0.0
 10
288.31787109375
 20
-475.16748046875
 30
0.0
 10
288.498046875
 20
-474.98779296875
 30
0.0
 10
288.498046875
 20
-474.98779296875
 30
0.0
 10
288.498046875
 20
-474.98779296875
 30
0.0
 10
292.63720703125
 20
-474.98779296875
 30
0.0
 10
292.63720703125
 20
-474.98779296875
 30
0.0
  0
HATCH
  5
A0
330
7B
100
AcDbEntity
  8
Layer 1
 62
     1
420
 16711680
440
 33554687
100
AcDbHatch
 10
0.0
 20
0.0
 30
0.0
210
0.0
220
0.0
230
1.0
  2
SOLID
 70
     1
 71
     1
 91
        1
 92
        1
 93
        1
 72
     4
 94
        3
 73
     0
 74
     0
 95
       50
 96
       46
 40
0.0
 40
0.0
 40
0.0
 40
0.0
 40
1.0
 40
1.0
 40
1.0
 40
2.0
 40
2.0
 40
2.0
 40
3.0
 40
3.0
 40
3.0
 40
4.0
 40
4.0
 40
4.0
 40
5.0
 40
5.0
 40
5.0
 40
6.0
 40
6.0
 40
6.0
 40
7.0
 40
7.0
 40
7.0
 40
8.0
 40
8.0
 40
8.0
 40
9.0
 40
9.0
 40
9.0
 40
10.0
 40
10.0
 40
10.0
 40
11.0
 40
11.0
 40
11.0
 40
12.0
 40
12.0
 40
12.0
 40
13.0
 40
13.0
 40
13.0
 40
14.0
 40
14.0
 40
14.0
 40
15.0
 40
15.0
 40
15.0
 40
15.0
 10
292.63720703125
 20
-474.98779296875
 10
292.63720703125
 20
-474.98779296875
 10
292.99755859375
 20
-475.16748046875
 10
292.99755859375
 20
-475.16748046875
 10
292.99755859375
 20
-475.16748046875
 10
299.4765625
 20
-483.62646484375
 10
299.4765625
 20
-483.62646484375
 10
299.4765625
 20
-483.62646484375
 10
305.99169921875
 20
-475.16748046875
 10
305.99169921875
 20
-475.16748046875
 10
305.99169921875
 20
-475.16748046875
 10
306.31591796875
 20
-474.98779296875
 10
306.31591796875
 20
-474.98779296875
 10
306.31591796875
 20
-474.98779296875
 10
310.455078125
 20
-474.98779296875
 10
310.455078125
 20
-474.98779296875
 10
310.455078125
 20
-474.98779296875
 10
310.63525390625
 20
-475.16748046875
 10
310.63525390625
 20
-475.16748046875
 10
310.63525390625
 20
-475.16748046875
 10
301.2763671875
 20
-487.04638671875
 10
301.2763671875
 20
-487.04638671875
 10
301.2763671875
 20
-487.04638671875
 10
301.2763671875
 20
-500.00439453125
 10
301.2763671875
 20
-500.00439453125
 10
301.2763671875
 20
-500.00439453125
 10
301.09619140625
 20
-500.1845703125
 10
301.09619140625
 20
-500.1845703125
 10
301.09619140625
 20
-500.1845703125
 10
297.85693359375
 20
-500.1845703125
 10
297.85693359375
 20
-500.1845703125
 10
297.85693359375
 20
-500.1845703125
 10
297.6767578125
 20
-500.00439453125
 10
297.6767578125
 20
-500.00439453125
 10
297.6767578125
 20
-500.00439453125
 10
297.6767578125
 20
-487.04638671875
 10
297.6767578125
 20
-487.04638671875
 10
297.6767578125
 20
-487.04638671875
 10
288.31787109375
 20
-475.16748046875
 10
288.31787109375
 20
-475.16748046875
 10
288.31787109375
 20
-475.16748046875
 10
288.498046875
 20
-474.98779296875
 10
288.498046875
 20
-474.98779296875
 10
288.498046875
 20
-474.98779296875
 10
292.63720703125
 20
-474.98779296875
 10
292.63720703125
 20
-474.98779296875
 97
        0
 97
        1
330
9F
 75
     2
 76
     1
 98
        1
 10
0.0
 20
0.0
450
        0
451
        0
460
0.0
461
0.0
452
        0
462
0.0
453
        0
470

  0
ENDBLK
  5
7E
330
7B
100
AcDbEntity
  8
0
100
AcDbBlockEnd
  0
BLOCK
  5
A3
330
A1
100
AcDbEntity
  8
0
100
AcDbBlockBegin
  2
Block_1
 70
     0
 10
0.0
 20
0.0
 30
0.0
  3
Block_1
  1

  0
SPLINE
  5
A5
330
A1
100
AcDbEntity
  8
Layer 1
100
AcDbSpline
210
0.0
220
0.0
230
1.0
 70
    11
 71
     3
 72
    20
 73
    16
 74
     0
 42
0.0000000001
 43
0.0000000001
 40
0.0
 40
0.0
 40
0.0
 40
0.0
 40
1.0
 40
1.0
 40
1.0
 40
2.0
 40
2.0
 40
2.0
 40
3.0
 40
3.0
 40
3.0
 40
4.0
 40
4.0
 40
4.0
 40
5.0
 40
5.0
 40
5.0
 40
5.0
 10
420.5102539062499
 20
-433.72509765625
 30
0.0
 10
420.5102539062499
 20
-433.72509765625
 30
0.0
 10
427.7109375
 20
-433.72509765625
 30
0.0
 10
427.7109375
 20
-433.72509765625
 30
0.0
 10
433.111328125
 20
-433.72509765625
 30
0.0
 10
435.99169921875
 20
-430.8447265625
 30
0.0
 10
435.99169921875
 20
-426.5244140624999
 30
0.0
 10
435.99169921875
 20
-422.2036132812499
 30
0.0
 10
433.111328125
 20
-419.32373046875
 30
0.0
 10
427.7109375
 20
-419.32373046875
 30
0.0
 10
427.7109375
 20
-419.32373046875
 30
0.0
 10
420.5102539062499
 20
-419.32373046875
 30
0.0
 10
420.5102539062499
 20
-419.32373046875
 30
0.0
 10
420.5102539062499
 20
-419.32373046875
 30
0.0
 10
420.5102539062499
 20
-433.72509765625
 30
0.0
 10
420.5102539062499
 20
-433.72509765625
 30
0.0
  0
SPLINE
  5
A6
330
A1
100
AcDbEntity
  8
Layer 1
100
AcDbSpline
210
0.0
220
0.0
230
1.0
 70
     9
 71
     3
 72
    50
 73
    46
 74
     0
 42
0.0000000001
 43
0.0000000001
 40
0.0
 40
0.0
 40
0.0
 40
0.0
 40
1.0
 40
1.0
 40
1.0
 40
2.0
 40
2.0
 40
2.0
 40
3.0
 40
3.0
 40
3.0
 40
4.0
 40
4.0
 40
4.0
 40
5.0
 40
5.0
 40
5.0
 40
6.0
 40
6.0
 40
6.0
 40
7.0
 40
7.0
 40
7.0
 40
8.0
 40
8.0
 40
8.0
 40
9.0
 40
9.0
 40
9.0
 40
10.0
 40
10.0
 40
10.0
 40
11.0
 40
11.0
 40
11.0
 40
12.0
 40
12.0
 40
12.0
 40
13.0
 40
13.0
 40
13.0
 40
14.0
 40
14.0
 40
14.0
 40
15.0
 40
15.0
 40
15.0
 40
15.0
 10
427.7109375
 20
-412.123046875
 30
0.0
 10
437.7919921874999
 20
-412.123046875
 30
0.0
 10
444.2724609375
 20
-418.24365234375
 30
0.0
 10
444.2724609375
 20
-426.5244140624999
 30
0.0
 10
444.2724609375
 20
-432.28466796875
 30
0.0
 10
441.0322265625
 20
-437.3251953125
 30
0.0
 10
435.6318359374999
 20
-439.4853515624999
 30
0.0
 10
435.6318359374999
 20
-439.4853515624999
 30
0.0
 10
452.193359375
 20
-462.16748046875
 30
0.0
 10
452.193359375
 20
-462.16748046875
 30
0.0
 10
452.193359375
 20
-462.16748046875
 30
0.0
 10
451.8330078125
 20
-462.5273437499999
 30
0.0
 10
451.8330078125
 20
-462.5273437499999
 30
0.0
 10
451.8330078125
 20
-462.5273437499999
 30
0.0
 10
443.1923828124999
 20
-462.5273437499999
 30
0.0
 10
443.1923828124999
 20
-462.5273437499999
 30
0.0
 10
443.1923828124999
 20
-462.5273437499999
 30
0.0
 10
442.83251953125
 20
-462.16748046875
 30
0.0
 10
442.83251953125
 20
-462.16748046875
 30
0.0
 10
442.83251953125
 20
-462.16748046875
 30
0.0
 10
426.9912109375
 20
-440.9252929687499
 30
0.0
 10
426.9912109375
 20
-440.9252929687499
 30
0.0
 10
426.9912109375
 20
-440.9252929687499
 30
0.0
 10
420.5102539062499
 20
-440.9252929687499
 30
0.0
 10
420.5102539062499
 20
-440.9252929687499
 30
0.0
 10
420.5102539062499
 20
-440.9252929687499
 30
0.0
 10
420.5102539062499
 20
-462.16748046875
 30
0.0
 10
420.5102539062499
 20
-462.16748046875
 30
0.0
 10
420.5102539062499
 20
-462.16748046875
 30
0.0
 10
420.150390625
 20
-462.5273437499999
 30
0.0
 10
420.150390625
 20
-462.5273437499999
 30
0.0
 10
420.150390625
 20
-462.5273437499999
 30
0.0
 10
413.669921875
 20
-462.5273437499999
 30
0.0
 10
413.669921875
 20
-462.5273437499999
 30
0.0
 10
413.669921875
 20
-462.5273437499999
 30
0.0
 10
413.3095703124999
 20
-462.16748046875
 30
0.0
 10
413.3095703124999
 20
-462.16748046875
 30
0.0
 10
413.3095703124999
 20
-462.16748046875
 30
0.0
 10
413.3095703124999
 20
-412.4829101562499
 30
0.0
 10
413.3095703124999
 20
-412.4829101562499
 30
0.0
 10
413.3095703124999
 20
-412.4829101562499
 30
0.0
 10
413.669921875
 20
-412.123046875
 30
0.0
 10
413.669921875
 20
-412.123046875
 30
0.0
 10
413.669921875
 20
-412.123046875
 30
0.0
 10
427.7109375
 20
-412.123046875
 30
0.0
 10
427.7109375
 20
-412.123046875
 30
0.0
  0
SPLINE
  5
A7
330
A1
100
AcDbEntity
  8
Layer 1
100
AcDbSpline
210
0.0
220
0.0
230
1.0
 70
    11
 71
     3
 72
    14
 73
    10
 74
     0
 42
0.0000000001
 43
0.0000000001
 40
0.0
 40
0.0
 40
0.0
 40
0.0
 40
1.0
 40
1.0
 40
1.0
 40
2.0
 40
2.0
 40
2.0
 40
3.0
 40
3.0
 40
3.0
 40
3.0
 10
469.10986328125
 20
-443.44580078125
 30
0.0
 10
469.10986328125
 20
-443.44580078125
 30
0.0
 10
485.67138671875
 20
-443.44580078125
 30
0.0
 10
485.67138671875
 20
-443.44580078125
 30
0.0
 10
485.67138671875
 20
-443.44580078125
 30
0.0
 10
477.390625
 20
-422.2036132812499
 30
0.0
 10
477.390625
 20
-422.2036132812499
 30
0.0
 10
477.390625
 20
-422.2036132812499
 30
0.0
 10
469.10986328125
 20
-443.44580078125
 30
0.0
 10
469.10986328125
 20
-443.44580078125
 30
0.0
  0
SPLINE
  5
A8
330
A1
100
AcDbEntity
  8
Layer 1
100
AcDbSpline
210
0.0
220
0.0
230
1.0
 70
    11
 71
     3
 72
    47
 73
    43
 74
     0
 42
0.0000000001
 43
0.0000000001
 40
0.0
 40
0.0
 40
0.0
 40
0.0
 40
1.0
 40
1.0
 40
1.0
 40
2.0
 40
2.0
 40
2.0
 40
3.0
 40
3.0
 40
3.0
 40
4.0
 40
4.0
 40
4.0
 40
5.0
 40
5.0
 40
5.0
 40
6.0
 40
6.0
 40
6.0
 40
7.0
 40
7.0
 40
7.0
 40
8.0
 40
8.0
 40
8.0
 40
9.0
 40
9.0
 40
9.0
 40
10.0
 40
10.0
 40
10.0
 40
11.0
 40
11.0
 40
11.0
 40
12.0
 40
12.0
 40
12.0
 40
13.0
 40
13.0
 40
13.0
 40
14.0
 40
14.0
 40
14.0
 40
14.0
 10
480.6308593749999
 20
-412.123046875
 30
0.0
 10
480.6308593749999
 20
-412.123046875
 30
0.0
 10
480.9912109375
 20
-412.4829101562499
 30
0.0
 10
480.9912109375
 20
-412.4829101562499
 30
0.0
 10
480.9912109375
 20
-412.4829101562499
 30
0.0
 10
501.15283203125
 20
-462.16748046875
 30
0.0
 10
501.15283203125
 20
-462.16748046875
 30
0.0
 10
501.15283203125
 20
-462.16748046875
 30
0.0
 10
500.7929687499999
 20
-462.5273437499999
 30
0.0
 10
500.7929687499999
 20
-462.5273437499999
 30
0.0
 10
500.7929687499999
 20
-462.5273437499999
 30
0.0
 10
493.59228515625
 20
-462.5273437499999
 30
0.0
 10
493.59228515625
 20
-462.5273437499999
 30
0.0
 10
493.59228515625
 20
-462.5273437499999
 30
0.0
 10
493.2324218749999
 20
-462.16748046875
 30
0.0
 10
493.2324218749999
 20
-462.16748046875
 30
0.0
 10
493.2324218749999
 20
-462.16748046875
 30
0.0
 10
488.5517578125
 20
-450.6464843749999
 30
0.0
 10
488.5517578125
 20
-450.6464843749999
 30
0.0
 10
488.5517578125
 20
-450.6464843749999
 30
0.0
 10
466.2299804687499
 20
-450.6464843749999
 30
0.0
 10
466.2299804687499
 20
-450.6464843749999
 30
0.0
 10
466.2299804687499
 20
-450.6464843749999
 30
0.0
 10
461.54931640625
 20
-462.16748046875
 30
0.0
 10
461.54931640625
 20
-462.16748046875
 30
0.0
 10
461.54931640625
 20
-462.16748046875
 30
0.0
 10
461.1894531249999
 20
-462.5273437499999
 30
0.0
 10
461.1894531249999
 20
-462.5273437499999
 30
0.0
 10
461.1894531249999
 20
-462.5273437499999
 30
0.0
 10
453.98876953125
 20
-462.5273437499999
 30
0.0
 10
453.98876953125
 20
-462.5273437499999
 30
0.0
 10
453.98876953125
 20
-462.5273437499999
 30
0.0
 10
453.6289062499999
 20
-462.16748046875
 30
0.0
 10
453.6289062499999
 20
-462.16748046875
 30
0.0
 10
453.6289062499999
 20
-462.16748046875
 30
0.0
 10
473.7905273437499
 20
-412.4829101562499
 30
0.0
 10
473.7905273437499
 20
-412.4829101562499
 30
0.0
 10
473.7905273437499
 20
-412.4829101562499
 30
0.0
 10
474.150390625
 20
-412.123046875
 30
0.0
 10
474.150390625
 20
-412.123046875
 30
0.0
 10
474.150390625
 20
-412.123046875
 30
0.0
 10
480.6308593749999
 20
-412.123046875
 30
0.0
 10
480.6308593749999
 20
-412.123046875
 30
0.0
  0
SPLINE
  5
A9
330
A1
100
AcDbEntity
  8
Layer 1
100
AcDbSpline
210
0.0
220
0.0
230
1.0
 70
    11
 71
     3
 72
    29
 73
    25
 74
     0
 42
0.0000000001
 43
0.0000000001
 40
0.0
 40
0.0
 40
0.0
 40
0.0
 40
1.0
 40
1.0
 40
1.0
 40
2.0
 40
2.0
 40
2.0
 40
3.0
 40
3.0
 40
3.0
 40
4.0
 40
4.0
 40
4.0
 40
5.0
 40
5.0
 40
5.0
 40
6.0
 40
6.0
 40
6.0
 40
7.0
 40
7.0
 40
7.0
 40
8.0
 40
8.0
 40
8.0
 40
8.0
 10
514.4692382812499
 20
-412.123046875
 30
0.0
 10
514.4692382812499
 20
-412.123046875
 30
0.0
 10
514.8291015625
 20
-412.4829101562499
 30
0.0
 10
514.8291015625
 20
-412.4829101562499
 30
0.0
 10
514.8291015625
 20
-412.4829101562499
 30
0.0
 10
514.8291015625
 20
-462.16748046875
 30
0.0
 10
514.8291015625
 20
-462.16748046875
 30
0.0
 10
514.8291015625
 20
-462.16748046875
 30
0.0
 10
514.4692382812499
 20
-462.5273437499999
 30
0.0
 10
514.4692382812499
 20
-462.5273437499999
 30
0.0
 10
514.4692382812499
 20
-462.5273437499999
 30
0.0
 10
507.98876953125
 20
-462.5273437499999
 30
0.0
 10
507.98876953125
 20
-462.5273437499999
 30
0.0
 10
507.98876953125
 20
-462.5273437499999
 30
0.0
 10
507.6289062499999
 20
-462.16748046875
 30
0.0
 10
507.6289062499999
 20
-462.16748046875
 30
0.0
 10
507.6289062499999
 20
-462.16748046875
 30
0.0
 10
507.6289062499999
 20
-412.4829101562499
 30
0.0
 10
507.6289062499999
 20
-412.4829101562499
 30
0.0
 10
507.6289062499999
 20
-412.4829101562499
 30
0.0
 10
507.98876953125
 20
-412.123046875
 30
0.0
 10
507.98876953125
 20
-412.123046875
 30
0.0
 10
507.98876953125
 20
-412.123046875
 30
0.0
 10
514.4692382812499
 20
-412.123046875
 30
0.0
 10
514.4692382812499
 20
-412.123046875
 30
0.0
  0
SPLINE
  5
AA
330
A1
100
AcDbEntity
  8
Layer 1
100
AcDbSpline
210
0.0
220
0.0
230
1.0
 70
    11
 71
     3
 72
    59
 73
    55
 74
     0
 42
0.0000000001
 43
0.0000000001
 40
0.0
 40
0.0
 40
0.0
 40
0.0
 40
1.0
 40
1.0
 40
1.0
 40
2.0
 40
2.0
 40
2.0
 40
3.0
 40
3.0
 40
3.0
 40
4.0
 40
4.0
 40
4.0
 40
5.0
 40
5.0
 40
5.0
 40
6.0
 40
6.0
 40
6.0
 40
7.0
 40
7.0
 40
7.0
 40
8.0
 40
8.0
 40
8.0
 40
9.0
 40
9.0
 40
9.0
 40
10.0
 40
10.0
 40
10.0
 40
11.0
 40
11.0
 40
11.0
 40
12.0
 40
12.0
 40
12.0
 40
13.0
 40
13.0
 40
13.0
 40
14.0
 40
14.0
 40
14.0
 40
15.0
 40
15.0
 40
15.0
 40
16.0
 40
16.0
 40
16.0
 40
17.0
 40
17.0
 40
17.0
 40
18.0
 40
18.0
 40
18.0
 40
18.0
 10
533.5488281249999
 20
-412.123046875
 30
0.0
 10
533.5488281249999
 20
-412.123046875
 30
0.0
 10
534.2690429687499
 20
-412.4829101562499
 30
0.0
 10
534.2690429687499
 20
-412.4829101562499
 30
0.0
 10
534.2690429687499
 20
-412.4829101562499
 30
0.0
 10
563.79150390625
 20
-451.00634765625
 30
0.0
 10
563.79150390625
 20
-451.00634765625
 30
0.0
 10
563.79150390625
 20
-451.00634765625
 30
0.0
 10
563.79150390625
 20
-412.4829101562499
 30
0.0
 10
563.79150390625
 20
-412.4829101562499
 30
0.0
 10
563.79150390625
 20
-412.4829101562499
 30
0.0
 10
564.1518554687499
 20
-412.123046875
 30
0.0
 10
564.1518554687499
 20
-412.123046875
 30
0.0
 10
564.1518554687499
 20
-412.123046875
 30
0.0
 10
570.63232421875
 20
-412.123046875
 30
0.0
 10
570.63232421875
 20
-412.123046875
 30
0.0
 10
570.63232421875
 20
-412.123046875
 30
0.0
 10
570.9921875
 20
-412.4829101562499
 30
0.0
 10
570.9921875
 20
-412.4829101562499
 30
0.0
 10
570.9921875
 20
-412.4829101562499
 30
0.0
 10
570.9921875
 20
-462.16748046875
 30
0.0
 10
570.9921875
 20
-462.16748046875
 30
0.0
 10
570.9921875
 20
-462.16748046875
 30
0.0
 10
570.63232421875
 20
-462.5273437499999
 30
0.0
 10
570.63232421875
 20
-462.5273437499999
 30
0.0
 10
570.63232421875
 20
-462.5273437499999
 30
0.0
 10
563.79150390625
 20
-462.5273437499999
 30
0.0
 10
563.79150390625
 20
-462.5273437499999
 30
0.0
 10
563.79150390625
 20
-462.5273437499999
 30
0.0
 10
563.07177734375
 20
-462.16748046875
 30
0.0
 10
563.07177734375
 20
-462.16748046875
 30
0.0
 10
563.07177734375
 20
-462.16748046875
 30
0.0
 10
533.5488281249999
 20
-423.6440429687499
 30
0.0
 10
533.5488281249999
 20
-423.6440429687499
 30
0.0
 10
533.5488281249999
 20
-423.6440429687499
 30
0.0
 10
533.5488281249999
 20
-462.16748046875
 30
0.0
 10
533.5488281249999
 20
-462.16748046875
 30
0.0
 10
533.5488281249999
 20
-462.16748046875
 30
0.0
 10
533.18896484375
 20
-462.5273437499999
 30
0.0
 10
533.18896484375
 20
-462.5273437499999
 30
0.0
 10
533.18896484375
 20
-462.5273437499999
 30
0.0
 10
526.7084960937499
 20
-462.5273437499999
 30
0.0
 10
526.7084960937499
 20
-462.5273437499999
 30
0.0
 10
526.7084960937499
 20
-462.5273437499999
 30
0.0
 10
526.3486328125
 20
-462.16748046875
 30
0.0
 10
526.3486328125
 20
-462.16748046875
 30
0.0
 10
526.3486328125
 20
-462.16748046875
 30
0.0
 10
526.3486328125
 20
-412.4829101562499
 30
0.0
 10
526.3486328125
 20
-412.4829101562499
 30
0.0
 10
526.3486328125
 20
-412.4829101562499
 30
0.0
 10
526.7084960937499
 20
-412.123046875
 30
0.0
 10
526.7084960937499
 20
-412.123046875
 30
0.0
 10
526.7084960937499
 20
-412.123046875
 30
0.0
 10
533.5488281249999
 20
-412.123046875
 30
0.0
 10
533.5488281249999
 20
-412.123046875
 30
0.0
  0
SPLINE
  5
AB
330
A1
100
AcDbEntity
  8
Layer 1
100
AcDbSpline
210
0.0
220
0.0
230
1.0
 70
    11
 71
     3
 72
    65
 73
    61
 74
     0
 42
0.0000000001
 43
0.0000000001
 40
0.0
 40
0.0
 40
0.0
 40
0.0
 40
1.0
 40
1.0
 40
1.0
 40
2.0
 40
2.0
 40
2.0
 40
3.0
 40
3.0
 40
3.0
 40
4.0
 40
4.0
 40
4.0
 40
5.0
 40
5.0
 40
5.0
 40
6.0
 40
6.0
 40
6.0
 40
7.0
 40
7.0
 40
7.0
 40
8.0
 40
8.0
 40
8.0
 40
9.0
 40
9.0
 40
9.0
 40
10.0
 40
10.0
 40
10.0
 40
11.0
 40
11.0
 40
11.0
 40
12.0
 40
12.0
 40
12.0
 40
13.0
 40
13.0
 40
13.0
 40
14.0
 40
14.0
 40
14.0
 40
15.0
 40
15.0
 40
15.0
 40
16.0
 40
16.0
 40
16.0
 40
17.0
 40
17.0
 40
17.0
 40
18.0
 40
18.0
 40
18.0
 40
19.0
 40
19.0
 40
19.0
 40
20.0
 40
20.0
 40
20.0
 40
20.0
 10
631.8310546874999
 20
-412.123046875
 30
0.0
 10
631.8310546874999
 20
-412.123046875
 30
0.0
 10
632.19091796875
 20
-412.4829101562499
 30
0.0
 10
632.19091796875
 20
-412.4829101562499
 30
0.0
 10
632.19091796875
 20
-412.4829101562499
 30
0.0
 10
632.19091796875
 20
-418.96337890625
 30
0.0
 10
632.19091796875
 20
-418.96337890625
 30
0.0
 10
632.19091796875
 20
-418.96337890625
 30
0.0
 10
631.8310546874999
 20
-419.32373046875
 30
0.0
 10
631.8310546874999
 20
-419.32373046875
 30
0.0
 10
631.8310546874999
 20
-419.32373046875
 30
0.0
 10
608.4287109375
 20
-419.32373046875
 30
0.0
 10
608.4287109375
 20
-419.32373046875
 30
0.0
 10
608.4287109375
 20
-419.32373046875
 30
0.0
 10
608.4287109375
 20
-431.2045898437499
 30
0.0
 10
608.4287109375
 20
-431.2045898437499
 30
0.0
 10
608.4287109375
 20
-431.2045898437499
 30
0.0
 10
626.0703125
 20
-431.2045898437499
 30
0.0
 10
626.0703125
 20
-431.2045898437499
 30
0.0
 10
626.0703125
 20
-431.2045898437499
 30
0.0
 10
626.4306640625
 20
-431.564453125
 30
0.0
 10
626.4306640625
 20
-431.564453125
 30
0.0
 10
626.4306640625
 20
-431.564453125
 30
0.0
 10
626.4306640625
 20
-438.04541015625
 30
0.0
 10
626.4306640625
 20
-438.04541015625
 30
0.0
 10
626.4306640625
 20
-438.04541015625
 30
0.0
 10
626.0703125
 20
-438.4052734375
 30
0.0
 10
626.0703125
 20
-438.4052734375
 30
0.0
 10
626.0703125
 20
-438.4052734375
 30
0.0
 10
608.4287109375
 20
-438.4052734375
 30
0.0
 10
608.4287109375
 20
-438.4052734375
 30
0.0
 10
608.4287109375
 20
-438.4052734375
 30
0.0
 10
608.4287109375
 20
-455.32666015625
 30
0.0
 10
608.4287109375
 20
-455.32666015625
 30
0.0
 10
608.4287109375
 20
-455.32666015625
 30
0.0
 10
633.9912109374999
 20
-455.32666015625
 30
0.0
 10
633.9912109374999
 20
-455.32666015625
 30
0.0
 10
633.9912109374999
 20
-455.32666015625
 30
0.0
 10
634.35107421875
 20
-455.6865234375
 30
0.0
 10
634.35107421875
 20
-455.6865234375
 30
0.0
 10
634.35107421875
 20
-455.6865234375
 30
0.0
 10
634.35107421875
 20
-462.16748046875
 30
0.0
 10
634.35107421875
 20
-462.16748046875
 30
0.0
 10
634.35107421875
 20
-462.16748046875
 30
0.0
 10
633.9912109374999
 20
-462.5273437499999
 30
0.0
 10
633.9912109374999
 20
-462.5273437499999
 30
0.0
 10
633.9912109374999
 20
-462.5273437499999
 30
0.0
 10
601.58837890625
 20
-462.5273437499999
 30
0.0
 10
601.58837890625
 20
-462.5273437499999
 30
0.0
 10
601.58837890625
 20
-462.5273437499999
 30
0.0
 10
601.2285156249999
 20
-462.16748046875
 30
0.0
 10
601.2285156249999
 20
-462.16748046875
 30
0.0
 10
601.2285156249999
 20
-462.16748046875
 30
0.0
 10
601.2285156249999
 20
-412.4829101562499
 30
0.0
 10
601.2285156249999
 20
-412.4829101562499
 30
0.0
 10
601.2285156249999
 20
-412.4829101562499
 30
0.0
 10
601.58837890625
 20
-412.123046875
 30
0.0
 10
601.58837890625
 20
-412.123046875
 30
0.0
 10
601.58837890625
 20
-412.123046875
 30
0.0
 10
631.8310546874999
 20
-412.123046875
 30
0.0
 10
631.8310546874999
 20
-412.123046875
 30
0.0
  0
SPLINE
  5
AC
330
A1
100
AcDbEntity
  8
Layer 1
100
AcDbSpline
210
0.0
220
0.0
230
1.0
 70
    11
 71
     3
 72
    65
 73
    61
 74
     0
 42
0.0000000001
 43
0.0000000001
 40
0.0
 40
0.0
 40
0.0
 40
0.0
 40
1.0
 40
1.0
 40
1.0
 40
2.0
 40
2.0
 40
2.0
 40
3.0
 40
3.0
 40
3.0
 40
4.0
 40
4.0
 40
4.0
 40
5.0
 40
5.0
 40
5.0
 40
6.0
 40
6.0
 40
6.0
 40
7.0
 40
7.0
 40
7.0
 40
8.0
 40
8.0
 40
8.0
 40
9.0
 40
9.0
 40
9.0
 40
10.0
 40
10.0
 40
10.0
 40
11.0
 40
11.0
 40
11.0
 40
12.0
 40
12.0
 40
12.0
 40
13.0
 40
13.0
 40
13.0
 40
14.0
 40
14.0
 40
14.0
 40
15.0
 40
15.0
 40
15.0
 40
16.0
 40
16.0
 40
16.0
 40
17.0
 40
17.0
 40
17.0
 40
18.0
 40
18.0
 40
18.0
 40
19.0
 40
19.0
 40
19.0
 40
20.0
 40
20.0
 40
20.0
 40
20.0
 10
649.107421875
 20
-412.123046875
 30
0.0
 10
649.107421875
 20
-412.123046875
 30
0.0
 10
649.82763671875
 20
-412.4829101562499
 30
0.0
 10
649.82763671875
 20
-412.4829101562499
 30
0.0
 10
649.82763671875
 20
-412.4829101562499
 30
0.0
 10
663.14892578125
 20
-429.7646484374999
 30
0.0
 10
663.14892578125
 20
-429.7646484374999
 30
0.0
 10
663.14892578125
 20
-429.7646484374999
 30
0.0
 10
676.4697265625
 20
-412.4829101562499
 30
0.0
 10
676.4697265625
 20
-412.4829101562499
 30
0.0
 10
676.4697265625
 20
-412.4829101562499
 30
0.0
 10
677.18994140625
 20
-412.123046875
 30
0.0
 10
677.18994140625
 20
-412.123046875
 30
0.0
 10
677.18994140625
 20
-412.123046875
 30
0.0
 10
685.8305664062499
 20
-412.123046875
 30
0.0
 10
685.8305664062499
 20
-412.123046875
 30
0.0
 10
685.8305664062499
 20
-412.123046875
 30
0.0
 10
686.19091796875
 20
-412.4829101562499
 30
0.0
 10
686.19091796875
 20
-412.4829101562499
 30
0.0
 10
686.19091796875
 20
-412.4829101562499
 30
0.0
 10
667.8291015624999
 20
-435.88525390625
 30
0.0
 10
667.8291015624999
 20
-435.88525390625
 30
0.0
 10
667.8291015624999
 20
-435.88525390625
 30
0.0
 10
688.35107421875
 20
-462.16748046875
 30
0.0
 10
688.35107421875
 20
-462.16748046875
 30
0.0
 10
688.35107421875
 20
-462.16748046875
 30
0.0
 10
687.99072265625
 20
-462.5273437499999
 30
0.0
 10
687.99072265625
 20
-462.5273437499999
 30
0.0
 10
687.99072265625
 20
-462.5273437499999
 30
0.0
 10
679.35009765625
 20
-462.5273437499999
 30
0.0
 10
679.35009765625
 20
-462.5273437499999
 30
0.0
 10
679.35009765625
 20
-462.5273437499999
 30
0.0
 10
678.63037109375
 20
-462.16748046875
 30
0.0
 10
678.63037109375
 20
-462.16748046875
 30
0.0
 10
678.63037109375
 20
-462.16748046875
 30
0.0
 10
663.14892578125
 20
-442.00537109375
 30
0.0
 10
663.14892578125
 20
-442.00537109375
 30
0.0
 10
663.14892578125
 20
-442.00537109375
 30
0.0
 10
647.6674804687499
 20
-462.16748046875
 30
0.0
 10
647.6674804687499
 20
-462.16748046875
 30
0.0
 10
647.6674804687499
 20
-462.16748046875
 30
0.0
 10
646.9472656249999
 20
-462.5273437499999
 30
0.0
 10
646.9472656249999
 20
-462.5273437499999
 30
0.0
 10
646.9472656249999
 20
-462.5273437499999
 30
0.0
 10
638.306640625
 20
-462.5273437499999
 30
0.0
 10
638.306640625
 20
-462.5273437499999
 30
0.0
 10
638.306640625
 20
-462.5273437499999
 30
0.0
 10
637.9467773437499
 20
-462.16748046875
 30
0.0
 10
637.9467773437499
 20
-462.16748046875
 30
0.0
 10
637.9467773437499
 20
-462.16748046875
 30
0.0
 10
658.46826171875
 20
-435.88525390625
 30
0.0
 10
658.46826171875
 20
-435.88525390625
 30
0.0
 10
658.46826171875
 20
-435.88525390625
 30
0.0
 10
640.1069335937499
 20
-412.4829101562499
 30
0.0
 10
640.1069335937499
 20
-412.4829101562499
 30
0.0
 10
640.1069335937499
 20
-412.4829101562499
 30
0.0
 10
640.466796875
 20
-412.123046875
 30
0.0
 10
640.466796875
 20
-412.123046875
 30
0.0
 10
640.466796875
 20
-412.123046875
 30
0.0
 10
649.107421875
 20
-412.123046875
 30
0.0
 10
649.107421875
 20
-412.123046875
 30
0.0
  0
SPLINE
  5
AD
330
A1
100
AcDbEntity
  8
Layer 1
100
AcDbSpline
210
0.0
220
0.0
230
1.0
 70
    11
 71
     3
 72
    20
 73
    16
 74
     0
 42
0.0000000001
 43
0.0000000001
 40
0.0
 40
0.0
 40
0.0
 40
0.0
 40
1.0
 40
1.0
 40
1.0
 40
2.0
 40
2.0
 40
2.0
 40
3.0
 40
3.0
 40
3.0
 40
4.0
 40
4.0
 40
4.0
 40
5.0
 40
5.0
 40
5.0
 40
5.0
 10
702.0263671875
 20
-435.88525390625
 30
0.0
 10
702.0263671875
 20
-435.88525390625
 30
0.0
 10
710.66748046875
 20
-435.88525390625
 30
0.0
 10
710.66748046875
 20
-435.88525390625
 30
0.0
 10
716.0678710937499
 20
-435.88525390625
 30
0.0
 10
719.66796875
 20
-432.28466796875
 30
0.0
 10
719.66796875
 20
-427.6044921875
 30
0.0
 10
719.66796875
 20
-422.9238281249999
 30
0.0
 10
716.0678710937499
 20
-419.32373046875
 30
0.0
 10
710.66748046875
 20
-419.32373046875
 30
0.0
 10
710.66748046875
 20
-419.32373046875
 30
0.0
 10
702.0263671875
 20
-419.32373046875
 30
0.0
 10
702.0263671875
 20
-419.32373046875
 30
0.0
 10
702.0263671875
 20
-419.32373046875
 30
0.0
 10
702.0263671875
 20
-435.88525390625
 30
0.0
 10
702.0263671875
 20
-435.88525390625
 30
0.0
  0
SPLINE
  5
AE
330
A1
100
AcDbEntity
  8
Layer 1
100
AcDbSpline
210
0.0
220
0.0
230
1.0
 70
     9
 71
     3
 72
    35
 73
    31
 74
     0
 42
0.0000000001
 43
0.0000000001
 40
0.0
 40
0.0
 40
0.0
 40
0.0
 40
1.0
 40
1.0
 40
1.0
 40
2.0
 40
2.0
 40
2.0
 40
3.0
 40
3.0
 40
3.0
 40
4.0
 40
4.0
 40
4.0
 40
5.0
 40
5.0
 40
5.0
 40
6.0
 40
6.0
 40
6.0
 40
7.0
 40
7.0
 40
7.0
 40
8.0
 40
8.0
 40
8.0
 40
9.0
 40
9.0
 40
9.0
 40
10.0
 40
10.0
 40
10.0
 40
10.0
 10
710.66748046875
 20
-412.123046875
 30
0.0
 10
720.748046875
 20
-412.123046875
 30
0.0
 10
727.9487304687499
 20
-418.96337890625
 30
0.0
 10
727.9487304687499
 20
-427.6044921875
 30
0.0
 10
727.9487304687499
 20
-436.2451171875
 30
0.0
 10
720.748046875
 20
-443.0854492187499
 30
0.0
 10
710.66748046875
 20
-443.0854492187499
 30
0.0
 10
710.66748046875
 20
-443.0854492187499
 30
0.0
 10
702.0263671875
 20
-443.0854492187499
 30
0.0
 10
702.0263671875
 20
-443.0854492187499
 30
0.0
 10
702.0263671875
 20
-443.0854492187499
 30
0.0
 10
702.0263671875
 20
-462.16748046875
 30
0.0
 10
702.0263671875
 20
-462.16748046875
 30
0.0
 10
702.0263671875
 20
-462.16748046875
 30
0.0
 10
701.66650390625
 20
-462.5273437499999
 30
0.0
 10
701.66650390625
 20
-462.5273437499999
 30
0.0
 10
701.66650390625
 20
-462.5273437499999
 30
0.0
 10
695.1860351562499
 20
-462.5273437499999
 30
0.0
 10
695.1860351562499
 20
-462.5273437499999
 30
0.0
 10
695.1860351562499
 20
-462.5273437499999
 30
0.0
 10
694.826171875
 20
-462.16748046875
 30
0.0
 10
694.826171875
 20
-462.16748046875
 30
0.0
 10
694.826171875
 20
-462.16748046875
 30
0.0
 10
694.826171875
 20
-412.4829101562499
 30
0.0
 10
694.826171875
 20
-412.4829101562499
 30
0.0
 10
694.826171875
 20
-412.4829101562499
 30
0.0
 10
695.11376953125
 20
-412.123046875
 30
0.0
 10
695.11376953125
 20
-412.123046875
 30
0.0
 10
695.11376953125
 20
-412.123046875
 30
0.0
 10
710.66748046875
 20
-412.123046875
 30
0.0
 10
710.66748046875
 20
-412.123046875
 30
0.0
  0
SPLINE
  5
AF
330
A1
100
AcDbEntity
  8
Layer 1
100
AcDbSpline
210
0.0
220
0.0
230
1.0
 70
    11
 71
     3
 72
    65
 73
    61
 74
     0
 42
0.0000000001
 43
0.0000000001
 40
0.0
 40
0.0
 40
0.0
 40
0.0
 40
1.0
 40
1.0
 40
1.0
 40
2.0
 40
2.0
 40
2.0
 40
3.0
 40
3.0
 40
3.0
 40
4.0
 40
4.0
 40
4.0
 40
5.0
 40
5.0
 40
5.0
 40
6.0
 40
6.0
 40
6.0
 40
7.0
 40
7.0
 40
7.0
 40
8.0
 40
8.0
 40
8.0
 40
9.0
 40
9.0
 40
9.0
 40
10.0
 40
10.0
 40
10.0
 40
11.0
 40
11.0
 40
11.0
 40
12.0
 40
12.0
 40
12.0
 40
13.0
 40
13.0
 40
13.0
 40
14.0
 40
14.0
 40
14.0
 40
15.0
 40
15.0
 40
15.0
 40
16.0
 40
16.0
 40
16.0
 40
17.0
 40
17.0
 40
17.0
 40
18.0
 40
18.0
 40
18.0
 40
19.0
 40
19.0
 40
19.0
 40
20.0
 40
20.0
 40
20.0
 40
20.0
 10
766.46826171875
 20
-412.123046875
 30
0.0
 10
766.46826171875
 20
-412.123046875
 30
0.0
 10
766.8281249999999
 20
-412.4829101562499
 30
0.0
 10
766.8281249999999
 20
-412.4829101562499
 30
0.0
 10
766.8281249999999
 20
-412.4829101562499
 30
0.0
 10
766.8281249999999
 20
-418.96337890625
 30
0.0
 10
766.8281249999999
 20
-418.96337890625
 30
0.0
 10
766.8281249999999
 20
-418.96337890625
 30
0.0
 10
766.46826171875
 20
-419.32373046875
 30
0.0
 10
766.46826171875
 20
-419.32373046875
 30
0.0
 10
766.46826171875
 20
-419.32373046875
 30
0.0
 10
743.0659179687499
 20
-419.32373046875
 30
0.0
 10
743.0659179687499
 20
-419.32373046875
 30
0.0
 10
743.0659179687499
 20
-419.32373046875
 30
0.0
 10
743.0659179687499
 20
-431.2045898437499
 30
0.0
 10
743.0659179687499
 20
-431.2045898437499
 30
0.0
 10
743.0659179687499
 20
-431.2045898437499
 30
0.0
 10
760.70751953125
 20
-431.2045898437499
 30
0.0
 10
760.70751953125
 20
-431.2045898437499
 30
0.0
 10
760.70751953125
 20
-431.2045898437499
 30
0.0
 10
761.06787109375
 20
-431.564453125
 30
0.0
 10
761.06787109375
 20
-431.564453125
 30
0.0
 10
761.06787109375
 20
-431.564453125
 30
0.0
 10
761.06787109375
 20
-438.04541015625
 30
0.0
 10
761.06787109375
 20
-438.04541015625
 30
0.0
 10
761.06787109375
 20
-438.04541015625
 30
0.0
 10
760.70751953125
 20
-438.4052734375
 30
0.0
 10
760.70751953125
 20
-438.4052734375
 30
0.0
 10
760.70751953125
 20
-438.4052734375
 30
0.0
 10
743.0659179687499
 20
-438.4052734375
 30
0.0
 10
743.0659179687499
 20
-438.4052734375
 30
0.0
 10
743.0659179687499
 20
-438.4052734375
 30
0.0
 10
743.0659179687499
 20
-455.32666015625
 30
0.0
 10
743.0659179687499
 20
-455.32666015625
 30
0.0
 10
743.0659179687499
 20
-455.32666015625
 30
0.0
 10
768.62841796875
 20
-455.32666015625
 30
0.0
 10
768.62841796875
 20
-455.32666015625
 30
0.0
 10
768.62841796875
 20
-455.32666015625
 30
0.0
 10
768.98828125
 20
-455.6865234375
 30
0.0
 10
768.98828125
 20
-455.6865234375
 30
0.0
 10
768.98828125
 20
-455.6865234375
 30
0.0
 10
768.98828125
 20
-462.16748046875
 30
0.0
 10
768.98828125
 20
-462.16748046875
 30
0.0
 10
768.98828125
 20
-462.16748046875
 30
0.0
 10
768.62841796875
 20
-462.5273437499999
 30
0.0
 10
768.62841796875
 20
-462.5273437499999
 30
0.0
 10
768.62841796875
 20
-462.5273437499999
 30
0.0
 10
736.2255859374999
 20
-462.5273437499999
 30
0.0
 10
736.2255859374999
 20
-462.5273437499999
 30
0.0
 10
736.2255859374999
 20
-462.5273437499999
 30
0.0
 10
735.865234375
 20
-462.16748046875
 30
0.0
 10
735.865234375
 20
-462.16748046875
 30
0.0
 10
735.865234375
 20
-462.16748046875
 30
0.0
 10
735.865234375
 20
-412.4829101562499
 30
0.0
 10
735.865234375
 20
-412.4829101562499
 30
0.0
 10
735.865234375
 20
-412.4829101562499
 30
0.0
 10
736.2255859374999
 20
-412.123046875
 30
0.0
 10
736.2255859374999
 20
-412.123046875
 30
0.0
 10
736.2255859374999
 20
-412.123046875
 30
0.0
 10
766.46826171875
 20
-412.123046875
 30
0.0
 10
766.46826171875
 20
-412.123046875
 30
0.0
  0
SPLINE
  5
B0
330
A1
100
AcDbEntity
  8
Layer 1
100
AcDbSpline
210
0.0
220
0.0
230
1.0
 70
     9
 71
     3
 72
    41
 73
    37
 74
     0
 42
0.0000000001
 43
0.0000000001
 40
0.0
 40
0.0
 40
0.0
 40
0.0
 40
1.0
 40
1.0
 40
1.0
 40
2.0
 40
2.0
 40
2.0
 40
3.0
 40
3.0
 40
3.0
 40
4.0
 40
4.0
 40
4.0
 40
5.0
 40
5.0
 40
5.0
 40
6.0
 40
6.0
 40
6.0
 40
7.0
 40
7.0
 40
7.0
 40
8.0
 40
8.0
 40
8.0
 40
9.0
 40
9.0
 40
9.0
 40
10.0
 40
10.0
 40
10.0
 40
11.0
 40
11.0
 40
11.0
 40
12.0
 40
12.0
 40
12.0
 40
12.0
 10
814.7084960937499
 20
-425.0839843749999
 30
0.0
 10
810.0283203125
 20
-421.12353515625
 30
0.0
 10
803.9077148437499
 20
-418.603515625
 30
0.0
 10
797.787109375
 20
-418.603515625
 30
0.0
 10
787.7060546875
 20
-418.603515625
 30
0.0
 10
779.42529296875
 20
-426.88427734375
 30
0.0
 10
779.42529296875
 20
-437.3251953125
 30
0.0
 10
779.42529296875
 20
-447.76611328125
 30
0.0
 10
787.7060546875
 20
-456.046875
 30
0.0
 10
797.787109375
 20
-456.046875
 30
0.0
 10
803.9077148437499
 20
-456.046875
 30
0.0
 10
810.0283203125
 20
-453.5263671874999
 30
0.0
 10
814.7084960937499
 20
-449.56640625
 30
0.0
 10
814.7084960937499
 20
-449.56640625
 30
0.0
 10
815.0683593749999
 20
-449.9262695312499
 30
0.0
 10
815.0683593749999
 20
-449.9262695312499
 30
0.0
 10
815.0683593749999
 20
-449.9262695312499
 30
0.0
 10
815.0683593749999
 20
-458.2070312499999
 30
0.0
 10
815.0683593749999
 20
-458.2070312499999
 30
0.0
 10
810.38818359375
 20
-461.5913085937499
 30
0.0
 10
804.62744140625
 20
-463.607421875
 30
0.0
 10
797.787109375
 20
-463.607421875
 30
0.0
 10
783.02587890625
 20
-463.607421875
 30
0.0
 10
771.14453125
 20
-451.7265625
 30
0.0
 10
771.14453125
 20
-437.3251953125
 30
0.0
 10
771.14453125
 20
-422.9238281249999
 30
0.0
 10
783.02587890625
 20
-411.0429687499999
 30
0.0
 10
797.787109375
 20
-411.0429687499999
 30
0.0
 10
804.62744140625
 20
-411.0429687499999
 30
0.0
 10
810.38818359375
 20
-413.05908203125
 30
0.0
 10
815.0683593749999
 20
-416.443359375
 30
0.0
 10
815.0683593749999
 20
-416.443359375
 30
0.0
 10
815.0683593749999
 20
-424.72412109375
 30
0.0
 10
815.0683593749999
 20
-424.72412109375
 30
0.0
 10
815.0683593749999
 20
-424.72412109375
 30
0.0
 10
814.7084960937499
 20
-425.0839843749999
 30
0.0
 10
814.7084960937499
 20
-425.0839843749999
 30
0.0
  0
SPLINE
  5
B1
330
A1
100
AcDbEntity
  8
Layer 1
100
AcDbSpline
210
0.0
220
0.0
230
1.0
 70
    11
 71
     3
 72
    47
 73
    43
 74
     0
 42
0.0000000001
 43
0.0000000001
 40
0.0
 40
0.0
 40
0.0
 40
0.0
 40
1.0
 40
1.0
 40
1.0
 40
2.0
 40
2.0
 40
2.0
 40
3.0
 40
3.0
 40
3.0
 40
4.0
 40
4.0
 40
4.0
 40
5.0
 40
5.0
 40
5.0
 40
6.0
 40
6.0
 40
6.0
 40
7.0
 40
7.0
 40
7.0
 40
8.0
 40
8.0
 40
8.0
 40
9.0
 40
9.0
 40
9.0
 40
10.0
 40
10.0
 40
10.0
 40
11.0
 40
11.0
 40
11.0
 40
12.0
 40
12.0
 40
12.0
 40
13.0
 40
13.0
 40
13.0
 40
14.0
 40
14.0
 40
14.0
 40
14.0
 10
861.5068359374999
 20
-412.123046875
 30
0.0
 10
861.5068359374999
 20
-412.123046875
 30
0.0
 10
861.8671875
 20
-412.4829101562499
 30
0.0
 10
861.8671875
 20
-412.4829101562499
 30
0.0
 10
861.8671875
 20
-412.4829101562499
 30
0.0
 10
861.8671875
 20
-418.96337890625
 30
0.0
 10
861.8671875
 20
-418.96337890625
 30
0.0
 10
861.8671875
 20
-418.96337890625
 30
0.0
 10
861.5068359374999
 20
-419.32373046875
 30
0.0
 10
861.5068359374999
 20
-419.32373046875
 30
0.0
 10
861.5068359374999
 20
-419.32373046875
 30
0.0
 10
845.3056640625
 20
-419.32373046875
 30
0.0
 10
845.3056640625
 20
-419.32373046875
 30
0.0
 10
845.3056640625
 20
-419.32373046875
 30
0.0
 10
845.3056640625
 20
-462.16748046875
 30
0.0
 10
845.3056640625
 20
-462.16748046875
 30
0.0
 10
845.3056640625
 20
-462.16748046875
 30
0.0
 10
844.9453124999999
 20
-462.5273437499999
 30
0.0
 10
844.9453124999999
 20
-462.5273437499999
 30
0.0
 10
844.9453124999999
 20
-462.5273437499999
 30
0.0
 10
838.46484375
 20
-462.5273437499999
 30
0.0
 10
838.46484375
 20
-462.5273437499999
 30
0.0
 10
838.46484375
 20
-462.5273437499999
 30
0.0
 10
838.1049804687499
 20
-462.16748046875
 30
0.0
 10
838.1049804687499
 20
-462.16748046875
 30
0.0
 10
838.1049804687499
 20
-462.16748046875
 30
0.0
 10
838.1049804687499
 20
-419.32373046875
 30
0.0
 10
838.1049804687499
 20
-419.32373046875
 30
0.0
 10
838.1049804687499
 20
-419.32373046875
 30
0.0
 10
821.9033203125
 20
-419.32373046875
 30
0.0
 10
821.9033203125
 20
-419.32373046875
 30
0.0
 10
821.9033203125
 20
-419.32373046875
 30
0.0
 10
821.5434570312499
 20
-418.96337890625
 30
0.0
 10
821.5434570312499
 20
-418.96337890625
 30
0.0
 10
821.5434570312499
 20
-418.96337890625
 30
0.0
 10
821.5434570312499
 20
-412.4829101562499
 30
0.0
 10
821.5434570312499
 20
-412.4829101562499
 30
0.0
 10
821.5434570312499
 20
-412.4829101562499
 30
0.0
 10
821.9033203125
 20
-412.123046875
 30
0.0
 10
821.9033203125
 20
-412.123046875
 30
0.0
 10
821.9033203125
 20
-412.123046875
 30
0.0
 10
861.5068359374999
 20
-412.123046875
 30
0.0
 10
861.5068359374999
 20
-412.123046875
 30
0.0
  0
SPLINE
  5
B2
330
A1
100
AcDbEntity
  8
Layer 1
100
AcDbSpline
210
0.0
220
0.0
230
1.0
 70
    11
 71
     3
 72
    65
 73
    61
 74
     0
 42
0.0000000001
 43
0.0000000001
 40
0.0
 40
0.0
 40
0.0
 40
0.0
 40
1.0
 40
1.0
 40
1.0
 40
2.0
 40
2.0
 40
2.0
 40
3.0
 40
3.0
 40
3.0
 40
4.0
 40
4.0
 40
4.0
 40
5.0
 40
5.0
 40
5.0
 40
6.0
 40
6.0
 40
6.0
 40
7.0
 40
7.0
 40
7.0
 40
8.0
 40
8.0
 40
8.0
 40
9.0
 40
9.0
 40
9.0
 40
10.0
 40
10.0
 40
10.0
 40
11.0
 40
11.0
 40
11.0
 40
12.0
 40
12.0
 40
12.0
 40
13.0
 40
13.0
 40
13.0
 40
14.0
 40
14.0
 40
14.0
 40
15.0
 40
15.0
 40
15.0
 40
16.0
 40
16.0
 40
16.0
 40
17.0
 40
17.0
 40
17.0
 40
18.0
 40
18.0
 40
18.0
 40
19.0
 40
19.0
 40
19.0
 40
20.0
 40
20.0
 40
20.0
 40
20.0
 10
900.3862304687499
 20
-412.123046875
 30
0.0
 10
900.3862304687499
 20
-412.123046875
 30
0.0
 10
900.7460937499999
 20
-412.4829101562499
 30
0.0
 10
900.7460937499999
 20
-412.4829101562499
 30
0.0
 10
900.7460937499999
 20
-412.4829101562499
 30
0.0
 10
900.7460937499999
 20
-418.96337890625
 30
0.0
 10
900.7460937499999
 20
-418.96337890625
 30
0.0
 10
900.7460937499999
 20
-418.96337890625
 30
0.0
 10
900.3862304687499
 20
-419.32373046875
 30
0.0
 10
900.3862304687499
 20
-419.32373046875
 30
0.0
 10
900.3862304687499
 20
-419.32373046875
 30
0.0
 10
876.98388671875
 20
-419.32373046875
 30
0.0
 10
876.98388671875
 20
-419.32373046875
 30
0.0
 10
876.98388671875
 20
-419.32373046875
 30
0.0
 10
876.98388671875
 20
-431.2045898437499
 30
0.0
 10
876.98388671875
 20
-431.2045898437499
 30
0.0
 10
876.98388671875
 20
-431.2045898437499
 30
0.0
 10
894.62548828125
 20
-431.2045898437499
 30
0.0
 10
894.62548828125
 20
-431.2045898437499
 30
0.0
 10
894.62548828125
 20
-431.2045898437499
 30
0.0
 10
894.98583984375
 20
-431.564453125
 30
0.0
 10
894.98583984375
 20
-431.564453125
 30
0.0
 10
894.98583984375
 20
-431.564453125
 30
0.0
 10
894.98583984375
 20
-438.04541015625
 30
0.0
 10
894.98583984375
 20
-438.04541015625
 30
0.0
 10
894.98583984375
 20
-438.04541015625
 30
0.0
 10
894.62548828125
 20
-438.4052734375
 30
0.0
 10
894.62548828125
 20
-438.4052734375
 30
0.0
 10
894.62548828125
 20
-438.4052734375
 30
0.0
 10
876.98388671875
 20
-438.4052734375
 30
0.0
 10
876.98388671875
 20
-438.4052734375
 30
0.0
 10
876.98388671875
 20
-438.4052734375
 30
0.0
 10
876.98388671875
 20
-455.32666015625
 30
0.0
 10
876.98388671875
 20
-455.32666015625
 30
0.0
 10
876.98388671875
 20
-455.32666015625
 30
0.0
 10
902.54638671875
 20
-455.32666015625
 30
0.0
 10
902.54638671875
 20
-455.32666015625
 30
0.0
 10
902.54638671875
 20
-455.32666015625
 30
0.0
 10
902.90625
 20
-455.6865234375
 30
0.0
 10
902.90625
 20
-455.6865234375
 30
0.0
 10
902.90625
 20
-455.6865234375
 30
0.0
 10
902.90625
 20
-462.16748046875
 30
0.0
 10
902.90625
 20
-462.16748046875
 30
0.0
 10
902.90625
 20
-462.16748046875
 30
0.0
 10
902.54638671875
 20
-462.5273437499999
 30
0.0
 10
902.54638671875
 20
-462.5273437499999
 30
0.0
 10
902.54638671875
 20
-462.5273437499999
 30
0.0
 10
870.1435546875
 20
-462.5273437499999
 30
0.0
 10
870.1435546875
 20
-462.5273437499999
 30
0.0
 10
870.1435546875
 20
-462.5273437499999
 30
0.0
 10
869.7832031249999
 20
-462.16748046875
 30
0.0
 10
869.7832031249999
 20
-462.16748046875
 30
0.0
 10
869.7832031249999
 20
-462.16748046875
 30
0.0
 10
869.7832031249999
 20
-412.4829101562499
 30
0.0
 10
869.7832031249999
 20
-412.4829101562499
 30
0.0
 10
869.7832031249999
 20
-412.4829101562499
 30
0.0
 10
870.1435546875
 20
-412.123046875
 30
0.0
 10
870.1435546875
 20
-412.123046875
 30
0.0
 10
870.1435546875
 20
-412.123046875
 30
0.0
 10
900.3862304687499
 20
-412.123046875
 30
0.0
 10
900.3862304687499
 20
-412.123046875
 30
0.0
  0
SPLINE
  5
B3
330
A1
100
AcDbEntity
  8
Layer 1
100
AcDbSpline
210
0.0
220
0.0
230
1.0
 70
    11
 71
     3
 72
    20
 73
    16
 74
     0
 42
0.0000000001
 43
0.0000000001
 40
0.0
 40
0.0
 40
0.0
 40
0.0
 40
1.0
 40
1.0
 40
1.0
 40
2.0
 40
2.0
 40
2.0
 40
3.0
 40
3.0
 40
3.0
 40
4.0
 40
4.0
 40
4.0
 40
5.0
 40
5.0
 40
5.0
 40
5.0
 10
918.7426757812501
 20
-455.32666015625
 30
0.0
 10
918.7426757812501
 20
-455.32666015625
 30
0.0
 10
928.82373046875
 20
-455.32666015625
 30
0.0
 10
928.82373046875
 20
-455.32666015625
 30
0.0
 10
939.62451171875
 20
-455.32666015625
 30
0.0
 10
947.185546875
 20
-447.40625
 30
0.0
 10
947.185546875
 20
-437.3251953125
 30
0.0
 10
947.185546875
 20
-427.244140625
 30
0.0
 10
939.62451171875
 20
-419.32373046875
 30
0.0
 10
928.82373046875
 20
-419.32373046875
 30
0.0
 10
928.82373046875
 20
-419.32373046875
 30
0.0
 10
918.7426757812501
 20
-419.32373046875
 30
0.0
 10
918.7426757812501
 20
-419.32373046875
 30
0.0
 10
918.7426757812501
 20
-419.32373046875
 30
0.0
 10
918.7426757812501
 20
-455.32666015625
 30
0.0
 10
918.7426757812501
 20
-455.32666015625
 30
0.0
  0
SPLINE
  5
B4
330
A1
100
AcDbEntity
  8
Layer 1
100
AcDbSpline
210
0.0
220
0.0
230
1.0
 70
     9
 71
     3
 72
    26
 73
    22
 74
     0
 42
0.0000000001
 43
0.0000000001
 40
0.0
 40
0.0
 40
0.0
 40
0.0
 40
1.0
 40
1.0
 40
1.0
 40
2.0
 40
2.0
 40
2.0
 40
3.0
 40
3.0
 40
3.0
 40
4.0
 40
4.0
 40
4.0
 40
5.0
 40
5.0
 40
5.0
 40
6.0
 40
6.0
 40
6.0
 40
7.0
 40
7.0
 40
7.0
 40
7.0
 10
928.82373046875
 20
-412.123046875
 30
0.0
 10
944.3051757812499
 20
-412.123046875
 30
0.0
 10
955.4658203124999
 20
-423.2841796875
 30
0.0
 10
955.4658203124999
 20
-437.3251953125
 30
0.0
 10
955.4658203124999
 20
-451.3662109374999
 30
0.0
 10
944.3051757812499
 20
-462.5273437499999
 30
0.0
 10
928.82373046875
 20
-462.5273437499999
 30
0.0
 10
928.82373046875
 20
-462.5273437499999
 30
0.0
 10
911.90234375
 20
-462.5273437499999
 30
0.0
 10
911.90234375
 20
-462.5273437499999
 30
0.0
 10
911.90234375
 20
-462.5273437499999
 30
0.0
 10
911.5419921875
 20
-462.16748046875
 30
0.0
 10
911.5419921875
 20
-462.16748046875
 30
0.0
 10
911.5419921875
 20
-462.16748046875
 30
0.0
 10
911.5419921875
 20
-412.4829101562499
 30
0.0
 10
911.5419921875
 20
-412.4829101562499
 30
0.0
 10
911.5419921875
 20
-412.4829101562499
 30
0.0
 10
911.90234375
 20
-412.123046875
 30
0.0
 10
911.90234375
 20
-412.123046875
 30
0.0
 10
911.90234375
 20
-412.123046875
 30
0.0
 10
928.82373046875
 20
-412.123046875
 30
0.0
 10
928.82373046875
 20
-412.123046875
 30
0.0
  0
ENDBLK
  5
A4
330
A1
100
AcDbEntity
  8
0
100
AcDbBlockEnd
  0
BLOCK
  5
B7
330
B5
100
AcDbEntity
  8
0
100
AcDbBlockBegin
  2
Block_2
 70
     0
 10
0.0
 20
0.0
 30
0.0
  3
Block_2
  1

  0
SPLINE
  5
B9
330
B5
100
AcDbEntity
  8
Layer 1
100
AcDbSpline
210
0.0
220
0.0
230
1.0
 70
     9
 71
     3
 72
    53
 73
    49
 74
     0
 42
0.0000000001
 43
0.0000000001
 40
0.0
 40
0.0
 40
0.0
 40
0.0
 40
1.0
 40
1.0
 40
1.0
 40
2.0
 40
2.0
 40
2.0
 40
3.0
 40
3.0
 40
3.0
 40
4.0
 40
4.0
 40
4.0
 40
5.0
 40
5.0
 40
5.0
 40
6.0
 40
6.0
 40
6.0
 40
7.0
 40
7.0
 40
7.0
 40
8.0
 40
8.0
 40
8.0
 40
9.0
 40
9.0
 40
9.0
 40
10.0
 40
10.0
 40
10.0
 40
11.0
 40
11.0
 40
11.0
 40
12.0
 40
12.0
 40
12.0
 40
13.0
 40
13.0
 40
13.0
 40
14.0
 40
14.0
 40
14.0
 40
15.0
 40
15.0
 40
15.0
 40
16.0
 40
16.0
 40
16.0
 40
16.0
 10
1023.56396484375
 20
-389.4501953125
 30
0.0
 10
1025.18359375
 20
-387.75830078125
 30
0.0
 10
1027.16357421875
 20
-386.390625
 30
0.0
 10
1030.04296875
 20
-386.390625
 30
0.0
 10
1034.1103515625
 20
-386.390625
 30
0.0
 10
1037.2421875
 20
-389.63037109375
 30
0.0
 10
1037.2421875
 20
-393.58984375
 30
0.0
 10
1037.2421875
 20
-396.6494140625
 30
0.0
 10
1035.80224609375
 20
-398.9892578125
 30
0.0
 10
1034.1826171875
 20
-401.68896484375
 30
0.0
 10
1034.1826171875
 20
-401.68896484375
 30
0.0
 10
1030.04296875
 20
-408.5278320312499
 30
0.0
 10
1030.04296875
 20
-408.5278320312499
 30
0.0
 10
1030.04296875
 20
-408.5278320312499
 30
0.0
 10
1038.14208984375
 20
-408.5278320312499
 30
0.0
 10
1038.14208984375
 20
-408.5278320312499
 30
0.0
 10
1038.14208984375
 20
-408.5278320312499
 30
0.0
 10
1038.32177734375
 20
-408.7080078125
 30
0.0
 10
1038.32177734375
 20
-408.7080078125
 30
0.0
 10
1038.32177734375
 20
-408.7080078125
 30
0.0
 10
1038.32177734375
 20
-411.947265625
 30
0.0
 10
1038.32177734375
 20
-411.947265625
 30
0.0
 10
1038.32177734375
 20
-411.947265625
 30
0.0
 10
1038.14208984375
 20
-412.12744140625
 30
0.0
 10
1038.14208984375
 20
-412.12744140625
 30
0.0
 10
1038.14208984375
 20
-412.12744140625
 30
0.0
 10
1024.10400390625
 20
-412.12744140625
 30
0.0
 10
1024.10400390625
 20
-412.12744140625
 30
0.0
 10
1024.10400390625
 20
-412.12744140625
 30
0.0
 10
1023.923828125
 20
-411.947265625
 30
0.0
 10
1023.923828125
 20
-411.947265625
 30
0.0
 10
1023.923828125
 20
-411.947265625
 30
0.0
 10
1030.7626953125
 20
-400.4287109375
 30
0.0
 10
1030.7626953125
 20
-400.4287109375
 30
0.0
 10
1032.3828125
 20
-397.72900390625
 30
0.0
 10
1033.46240234375
 20
-395.5693359375
 30
0.0
 10
1033.46240234375
 20
-393.58984375
 30
0.0
 10
1033.46240234375
 20
-391.43017578125
 30
0.0
 10
1032.02294921875
 20
-389.990234375
 30
0.0
 10
1030.04296875
 20
-389.990234375
 30
0.0
 10
1027.16357421875
 20
-389.990234375
 30
0.0
 10
1025.00341796875
 20
-392.330078125
 30
0.0
 10
1023.74365234375
 20
-394.3095703125
 30
0.0
 10
1023.74365234375
 20
-394.3095703125
 30
0.0
 10
1023.56396484375
 20
-394.1298828125
 30
0.0
 10
1023.56396484375
 20
-394.1298828125
 30
0.0
 10
1023.56396484375
 20
-394.1298828125
 30
0.0
 10
1023.56396484375
 20
-389.4501953125
 30
0.0
 10
1023.56396484375
 20
-389.4501953125
 30
0.0
  0
HATCH
  5
BA
330
B5
100
AcDbEntity
  8
Layer 1
 62
     1
420
 16711680
440
 33554687
100
AcDbHatch
 10
0.0
 20
0.0
 30
0.0
210
0.0
220
0.0
230
1.0
  2
SOLID
 70
     1
 71
     1
 91
        1
 92
        1
 93
        1
 72
     4
 94
        3
 73
     0
 74
     0
 95
       53
 96
       49
 40
0.0
 40
0.0
 40
0.0
 40
0.0
 40
1.0
 40
1.0
 40
1.0
 40
2.0
 40
2.0
 40
2.0
 40
3.0
 40
3.0
 40
3.0
 40
4.0
 40
4.0
 40
4.0
 40
5.0
 40
5.0
 40
5.0
 40
6.0
 40
6.0
 40
6.0
 40
7.0
 40
7.0
 40
7.0
 40
8.0
 40
8.0
 40
8.0
 40
9.0
 40
9.0
 40
9.0
 40
10.0
 40
10.0
 40
10.0
 40
11.0
 40
11.0
 40
11.0
 40
12.0
 40
12.0
 40
12.0
 40
13.0
 40
13.0
 40
13.0
 40
14.0
 40
14.0
 40
14.0
 40
15.0
 40
15.0
 40
15.0
 40
16.0
 40
16.0
 40
16.0
 40
16.0
 10
1023.56396484375
 20
-389.4501953125
 10
1025.18359375
 20
-387.75830078125
 10
1027.16357421875
 20
-386.390625
 10
1030.04296875
 20
-386.390625
 10
1034.1103515625
 20
-386.390625
 10
1037.2421875
 20
-389.63037109375
 10
1037.2421875
 20
-393.58984375
 10
1037.2421875
 20
-396.6494140625
 10
1035.80224609375
 20
-398.9892578125
 10
1034.1826171875
 20
-401.68896484375
 10
1034.1826171875
 20
-401.68896484375
 10
1030.04296875
 20
-408.5278320312499
 10
1030.04296875
 20
-408.5278320312499
 10
1030.04296875
 20
-408.5278320312499
 10
1038.14208984375
 20
-408.5278320312499
 10
1038.14208984375
 20
-408.5278320312499
 10
1038.14208984375
 20
-408.5278320312499
 10
1038.32177734375
 20
-408.7080078125
 10
1038.32177734375
 20
-408.7080078125
 10
1038.32177734375
 20
-408.7080078125
 10
1038.32177734375
 20
-411.947265625
 10
1038.32177734375
 20
-411.947265625
 10
1038.32177734375
 20
-411.947265625
 10
1038.14208984375
 20
-412.12744140625
 10
1038.14208984375
 20
-412.12744140625
 10
1038.14208984375
 20
-412.12744140625
 10
1024.10400390625
 20
-412.12744140625
 10
1024.10400390625
 20
-412.12744140625
 10
1024.10400390625
 20
-412.12744140625
 10
1023.923828125
 20
-411.947265625
 10
1023.923828125
 20
-411.947265625
 10
1023.923828125
 20
-411.947265625
 10
1030.7626953125
 20
-400.4287109375
 10
1030.7626953125
 20
-400.4287109375
 10
1032.3828125
 20
-397.72900390625
 10
1033.46240234375
 20
-395.5693359375
 10
1033.46240234375
 20
-393.58984375
 10
1033.46240234375
 20
-391.43017578125
 10
1032.02294921875
 20
-389.990234375
 10
1030.04296875
 20
-389.990234375
 10
1027.16357421875
 20
-389.990234375
 10
1025.00341796875
 20
-392.330078125
 10
1023.74365234375
 20
-394.3095703125
 10
1023.74365234375
 20
-394.3095703125
 10
1023.56396484375
 20
-394.1298828125
 10
1023.56396484375
 20
-394.1298828125
 10
1023.56396484375
 20
-394.1298828125
 10
1023.56396484375
 20
-389.4501953125
 10
1023.56396484375
 20
-389.4501953125
 97
        0
 97
        1
330
B9
 75
     2
 76
     1
 98
        1
 10
0.0
 20
0.0
450
        0
451
        0
460
0.0
461
0.0
452
        0
462
0.0
453
        0
470

  0
SPLINE
  5
BB
330
B5
100
AcDbEntity
  8
Layer 1
100
AcDbSpline
210
0.0
220
0.0
230
1.0
 70
    11
 71
     3
 72
    65
 73
    61
 74
     0
 42
0.0000000001
 43
0.0000000001
 40
0.0
 40
0.0
 40
0.0
 40
0.0
 40
1.0
 40
1.0
 40
1.0
 40
2.0
 40
2.0
 40
2.0
 40
3.0
 40
3.0
 40
3.0
 40
4.0
 40
4.0
 40
4.0
 40
5.0
 40
5.0
 40
5.0
 40
6.0
 40
6.0
 40
6.0
 40
7.0
 40
7.0
 40
7.0
 40
8.0
 40
8.0
 40
8.0
 40
9.0
 40
9.0
 40
9.0
 40
10.0
 40
10.0
 40
10.0
 40
11.0
 40
11.0
 40
11.0
 40
12.0
 40
12.0
 40
12.0
 40
13.0
 40
13.0
 40
13.0
 40
14.0
 40
14.0
 40
14.0
 40
15.0
 40
15.0
 40
15.0
 40
16.0
 40
16.0
 40
16.0
 40
17.0
 40
17.0
 40
17.0
 40
18.0
 40
18.0
 40
18.0
 40
19.0
 40
19.0
 40
19.0
 40
20.0
 40
20.0
 40
20.0
 40
20.0
 10
1055.53076171875
 20
-386.9306640625
 30
0.0
 10
1055.53076171875
 20
-386.9306640625
 30
0.0
 10
1055.71044921875
 20
-387.1103515625
 30
0.0
 10
1055.71044921875
 20
-387.1103515625
 30
0.0
 10
1055.71044921875
 20
-387.1103515625
 30
0.0
 10
1055.71044921875
 20
-396.46923828125
 30
0.0
 10
1055.71044921875
 20
-396.46923828125
 30
0.0
 10
1055.71044921875
 20
-396.46923828125
 30
0.0
 10
1069.38916015625
 20
-396.46923828125
 30
0.0
 10
1069.38916015625
 20
-396.46923828125
 30
0.0
 10
1069.38916015625
 20
-396.46923828125
 30
0.0
 10
1069.38916015625
 20
-387.1103515625
 30
0.0
 10
1069.38916015625
 20
-387.1103515625
 30
0.0
 10
1069.38916015625
 20
-387.1103515625
 30
0.0
 10
1069.56884765625
 20
-386.9306640625
 30
0.0
 10
1069.56884765625
 20
-386.9306640625
 30
0.0
 10
1069.56884765625
 20
-386.9306640625
 30
0.0
 10
1072.80859375
 20
-386.9306640625
 30
0.0
 10
1072.80859375
 20
-386.9306640625
 30
0.0
 10
1072.80859375
 20
-386.9306640625
 30
0.0
 10
1072.98828125
 20
-387.1103515625
 30
0.0
 10
1072.98828125
 20
-387.1103515625
 30
0.0
 10
1072.98828125
 20
-387.1103515625
 30
0.0
 10
1072.98828125
 20
-411.947265625
 30
0.0
 10
1072.98828125
 20
-411.947265625
 30
0.0
 10
1072.98828125
 20
-411.947265625
 30
0.0
 10
1072.80859375
 20
-412.12744140625
 30
0.0
 10
1072.80859375
 20
-412.12744140625
 30
0.0
 10
1072.80859375
 20
-412.12744140625
 30
0.0
 10
1069.56884765625
 20
-412.12744140625
 30
0.0
 10
1069.56884765625
 20
-412.12744140625
 30
0.0
 10
1069.56884765625
 20
-412.12744140625
 30
0.0
 10
1069.38916015625
 20
-411.947265625
 30
0.0
 10
1069.38916015625
 20
-411.947265625
 30
0.0
 10
1069.38916015625
 20
-411.947265625
 30
0.0
 10
1069.38916015625
 20
-400.0688476562499
 30
0.0
 10
1069.38916015625
 20
-400.0688476562499
 30
0.0
 10
1069.38916015625
 20
-400.0688476562499
 30
0.0
 10
1055.71044921875
 20
-400.0688476562499
 30
0.0
 10
1055.71044921875
 20
-400.0688476562499
 30
0.0
 10
1055.71044921875
 20
-400.0688476562499
 30
0.0
 10
1055.71044921875
 20
-411.947265625
 30
0.0
 10
1055.71044921875
 20
-411.947265625
 30
0.0
 10
1055.71044921875
 20
-411.947265625
 30
0.0
 10
1055.53076171875
 20
-412.12744140625
 30
0.0
 10
1055.53076171875
 20
-412.12744140625
 30
0.0
 10
1055.53076171875
 20
-412.12744140625
 30
0.0
 10
1052.291015625
 20
-412.12744140625
 30
0.0
 10
1052.291015625
 20
-412.12744140625
 30
0.0
 10
1052.291015625
 20
-412.12744140625
 30
0.0
 10
1052.11083984375
 20
-411.947265625
 30
0.0
 10
1052.11083984375
 20
-411.947265625
 30
0.0
 10
1052.11083984375
 20
-411.947265625
 30
0.0
 10
1052.11083984375
 20
-387.1103515625
 30
0.0
 10
1052.11083984375
 20
-387.1103515625
 30
0.0
 10
1052.11083984375
 20
-387.1103515625
 30
0.0
 10
1052.291015625
 20
-386.9306640625
 30
0.0
 10
1052.291015625
 20
-386.9306640625
 30
0.0
 10
1052.291015625
 20
-386.9306640625
 30
0.0
 10
1055.53076171875
 20
-386.9306640625
 30
0.0
 10
1055.53076171875
 20
-386.9306640625
 30
0.0
  0
HATCH
  5
BC
330
B5
100
AcDbEntity
  8
Layer 1
 62
     1
420
 16711680
440
 33554687
100
AcDbHatch
 10
0.0
 20
0.0
 30
0.0
210
0.0
220
0.0
230
1.0
  2
SOLID
 70
     1
 71
     1
 91
        1
 92
        1
 93
        1
 72
     4
 94
        3
 73
     0
 74
     0
 95
       65
 96
       61
 40
0.0
 40
0.0
 40
0.0
 40
0.0
 40
1.0
 40
1.0
 40
1.0
 40
2.0
 40
2.0
 40
2.0
 40
3.0
 40
3.0
 40
3.0
 40
4.0
 40
4.0
 40
4.0
 40
5.0
 40
5.0
 40
5.0
 40
6.0
 40
6.0
 40
6.0
 40
7.0
 40
7.0
 40
7.0
 40
8.0
 40
8.0
 40
8.0
 40
9.0
 40
9.0
 40
9.0
 40
10.0
 40
10.0
 40
10.0
 40
11.0
 40
11.0
 40
11.0
 40
12.0
 40
12.0
 40
12.0
 40
13.0
 40
13.0
 40
13.0
 40
14.0
 40
14.0
 40
14.0
 40
15.0
 40
15.0
 40
15.0
 40
16.0
 40
16.0
 40
16.0
 40
17.0
 40
17.0
 40
17.0
 40
18.0
 40
18.0
 40
18.0
 40
19.0
 40
19.0
 40
19.0
 40
20.0
 40
20.0
 40
20.0
 40
20.0
 10
1055.53076171875
 20
-386.9306640625
 10
1055.53076171875
 20
-386.9306640625
 10
1055.71044921875
 20
-387.1103515625
 10
1055.71044921875
 20
-387.1103515625
 10
1055.71044921875
 20
-387.1103515625
 10
1055.71044921875
 20
-396.46923828125
 10
1055.71044921875
 20
-396.46923828125
 10
1055.71044921875
 20
-396.46923828125
 10
1069.38916015625
 20
-396.46923828125
 10
1069.38916015625
 20
-396.46923828125
 10
1069.38916015625
 20
-396.46923828125
 10
1069.38916015625
 20
-387.1103515625
 10
1069.38916015625
 20
-387.1103515625
 10
1069.38916015625
 20
-387.1103515625
 10
1069.56884765625
 20
-386.9306640625
 10
1069.56884765625
 20
-386.9306640625
 10
1069.56884765625
 20
-386.9306640625
 10
1072.80859375
 20
-386.9306640625
 10
1072.80859375
 20
-386.9306640625
 10
1072.80859375
 20
-386.9306640625
 10
1072.98828125
 20
-387.1103515625
 10
1072.98828125
 20
-387.1103515625
 10
1072.98828125
 20
-387.1103515625
 10
1072.98828125
 20
-411.947265625
 10
1072.98828125
 20
-411.947265625
 10
1072.98828125
 20
-411.947265625
 10
1072.80859375
 20
-412.12744140625
 10
1072.80859375
 20
-412.12744140625
 10
1072.80859375
 20
-412.12744140625
 10
1069.56884765625
 20
-412.12744140625
 10
1069.56884765625
 20
-412.12744140625
 10
1069.56884765625
 20
-412.12744140625
 10
1069.38916015625
 20
-411.947265625
 10
1069.38916015625
 20
-411.947265625
 10
1069.38916015625
 20
-411.947265625
 10
1069.38916015625
 20
-400.0688476562499
 10
1069.38916015625
 20
-400.0688476562499
 10
1069.38916015625
 20
-400.0688476562499
 10
1055.71044921875
 20
-400.0688476562499
 10
1055.71044921875
 20
-400.0688476562499
 10
1055.71044921875
 20
-400.0688476562499
 10
1055.71044921875
 20
-411.947265625
 10
1055.71044921875
 20
-411.947265625
 10
1055.71044921875
 20
-411.947265625
 10
1055.53076171875
 20
-412.12744140625
 10
1055.53076171875
 20
-412.12744140625
 10
1055.53076171875
 20
-412.12744140625
 10
1052.291015625
 20
-412.12744140625
 10
1052.291015625
 20
-412.12744140625
 10
1052.291015625
 20
-412.12744140625
 10
1052.11083984375
 20
-411.947265625
 10
1052.11083984375
 20
-411.947265625
 10
1052.11083984375
 20
-411.947265625
 10
1052.11083984375
 20
-387.1103515625
 10
1052.11083984375
 20
-387.1103515625
 10
1052.11083984375
 20
-387.1103515625
 10
1052.291015625
 20
-386.9306640625
 10
1052.291015625
 20
-386.9306640625
 10
1052.291015625
 20
-386.9306640625
 10
1055.53076171875
 20
-386.9306640625
 10
1055.53076171875
 20
-386.9306640625
 97
        0
 97
        1
330
BB
 75
     2
 76
     1
 98
        1
 10
0.0
 20
0.0
450
        0
451
        0
460
0.0
461
0.0
452
        0
462
0.0
453
        0
470

  0
SPLINE
  5
BD
330
B5
100
AcDbEntity
  8
Layer 1
100
AcDbSpline
210
0.0
220
0.0
230
1.0
 70
     9
 71
     3
 72
    17
 73
    13
 74
     0
 42
0.0000000001
 43
0.0000000001
 40
0.0
 40
0.0
 40
0.0
 40
0.0
 40
1.0
 40
1.0
 40
1.0
 40
2.0
 40
2.0
 40
2.0
 40
3.0
 40
3.0
 40
3.0
 40
4.0
 40
4.0
 40
4.0
 40
4.0
 10
1081.810546875
 20
-399.52880859375
 30
0.0
 10
1081.810546875
 20
-404.71240234375
 30
0.0
 10
1085.9140625
 20
-408.8876953125
 30
0.0
 10
1090.9892578125
 20
-408.8876953125
 30
0.0
 10
1096.064453125
 20
-408.8876953125
 30
0.0
 10
1100.16796875
 20
-404.71240234375
 30
0.0
 10
1100.16796875
 20
-399.52880859375
 30
0.0
 10
1100.16796875
 20
-394.345703125
 30
0.0
 10
1096.064453125
 20
-390.17041015625
 30
0.0
 10
1090.9892578125
 20
-390.17041015625
 30
0.0
 10
1085.9140625
 20
-390.17041015625
 30
0.0
 10
1081.810546875
 20
-394.345703125
 30
0.0
 10
1081.810546875
 20
-399.52880859375
 30
0.0
  0
SPLINE
  5
BE
330
B5
100
AcDbEntity
  8
Layer 1
100
AcDbSpline
210
0.0
220
0.0
230
1.0
 70
     9
 71
     3
 72
    17
 73
    13
 74
     0
 42
0.0000000001
 43
0.0000000001
 40
0.0
 40
0.0
 40
0.0
 40
0.0
 40
1.0
 40
1.0
 40
1.0
 40
2.0
 40
2.0
 40
2.0
 40
3.0
 40
3.0
 40
3.0
 40
4.0
 40
4.0
 40
4.0
 40
4.0
 10
1104.3076171875
 20
-399.52880859375
 30
0.0
 10
1104.3076171875
 20
-406.76416015625
 30
0.0
 10
1098.33251953125
 20
-412.66748046875
 30
0.0
 10
1090.9892578125
 20
-412.66748046875
 30
0.0
 10
1083.64599609375
 20
-412.66748046875
 30
0.0
 10
1077.6708984375
 20
-406.76416015625
 30
0.0
 10
1077.6708984375
 20
-399.52880859375
 30
0.0
 10
1077.6708984375
 20
-392.2939453125
 30
0.0
 10
1083.64599609375
 20
-386.390625
 30
0.0
 10
1090.9892578125
 20
-386.390625
 30
0.0
 10
1098.33251953125
 20
-386.390625
 30
0.0
 10
1104.3076171875
 20
-392.2939453125
 30
0.0
 10
1104.3076171875
 20
-399.52880859375
 30
0.0
  0
HATCH
  5
BF
330
B5
100
AcDbEntity
  8
Layer 1
 62
     1
420
 16711680
440
 33554687
100
AcDbHatch
 10
0.0
 20
0.0
 30
0.0
210
0.0
220
0.0
230
1.0
  2
SOLID
 70
     1
 71
     1
 91
        2
 92
        1
 93
        1
 72
     4
 94
        3
 73
     0
 74
     0
 95
       17
 96
       13
 40
0.0
 40
0.0
 40
0.0
 40
0.0
 40
1.0
 40
1.0
 40
1.0
 40
2.0
 40
2.0
 40
2.0
 40
3.0
 40
3.0
 40
3.0
 40
4.0
 40
4.0
 40
4.0
 40
4.0
 10
1081.810546875
 20
-399.52880859375
 10
1081.810546875
 20
-404.71240234375
 10
1085.9140625
 20
-408.8876953125
 10
1090.9892578125
 20
-408.8876953125
 10
1096.064453125
 20
-408.8876953125
 10
1100.16796875
 20
-404.71240234375
 10
1100.16796875
 20
-399.52880859375
 10
1100.16796875
 20
-394.345703125
 10
1096.064453125
 20
-390.17041015625
 10
1090.9892578125
 20
-390.17041015625
 10
1085.9140625
 20
-390.17041015625
 10
1081.810546875
 20
-394.345703125
 10
1081.810546875
 20
-399.52880859375
 97
        0
 97
        1
330
BD
 92
        1
 93
        1
 72
     4
 94
        3
 73
     0
 74
     0
 95
       17
 96
       13
 40
0.0
 40
0.0
 40
0.0
 40
0.0
 40
1.0
 40
1.0
 40
1.0
 40
2.0
 40
2.0
 40
2.0
 40
3.0
 40
3.0
 40
3.0
 40
4.0
 40
4.0
 40
4.0
 40
4.0
 10
1104.3076171875
 20
-399.52880859375
 10
1104.3076171875
 20
-406.76416015625
 10
1098.33251953125
 20
-412.66748046875
 10
1090.9892578125
 20
-412.66748046875
 10
1083.64599609375
 20
-412.66748046875
 10
1077.6708984375
 20
-406.76416015625
 10
1077.6708984375
 20
-399.52880859375
 10
1077.6708984375
 20
-392.2939453125
 10
1083.64599609375
 20
-386.390625
 10
1090.9892578125
 20
-386.390625
 10
1098.33251953125
 20
-386.390625
 10
1104.3076171875
 20
-392.2939453125
 10
1104.3076171875
 20
-399.52880859375
 97
        0
 97
        1
330
BE
 75
     2
 76
     1
 98
        1
 10
0.0
 20
0.0
450
        0
451
        0
460
0.0
461
0.0
452
        0
462
0.0
453
        0
470

  0
SPLINE
  5
C0
330
B5
100
AcDbEntity
  8
Layer 1
100
AcDbSpline
210
0.0
220
0.0
230
1.0
 70
    11
 71
     3
 72
    47
 73
    43
 74
     0
 42
0.0000000001
 43
0.0000000001
 40
0.0
 40
0.0
 40
0.0
 40
0.0
 40
1.0
 40
1.0
 40
1.0
 40
2.0
 40
2.0
 40
2.0
 40
3.0
 40
3.0
 40
3.0
 40
4.0
 40
4.0
 40
4.0
 40
5.0
 40
5.0
 40
5.0
 40
6.0
 40
6.0
 40
6.0
 40
7.0
 40
7.0
 40
7.0
 40
8.0
 40
8.0
 40
8.0
 40
9.0
 40
9.0
 40
9.0
 40
10.0
 40
10.0
 40
10.0
 40
11.0
 40
11.0
 40
11.0
 40
12.0
 40
12.0
 40
12.0
 40
13.0
 40
13.0
 40
13.0
 40
14.0
 40
14.0
 40
14.0
 40
14.0
 10
1112.41015625
 20
-386.9306640625
 30
0.0
 10
1112.41015625
 20
-386.9306640625
 30
0.0
 10
1112.58984375
 20
-387.1103515625
 30
0.0
 10
1112.58984375
 20
-387.1103515625
 30
0.0
 10
1112.58984375
 20
-387.1103515625
 30
0.0
 10
1112.58984375
 20
-400.2490234375
 30
0.0
 10
1112.58984375
 20
-400.2490234375
 30
0.0
 10
1112.58984375
 20
-405.828125
 30
0.0
 10
1116.009765625
 20
-408.8876953125
 30
0.0
 10
1120.14892578125
 20
-408.8876953125
 30
0.0
 10
1124.28857421875
 20
-408.8876953125
 30
0.0
 10
1127.7080078125
 20
-405.828125
 30
0.0
 10
1127.7080078125
 20
-400.2490234375
 30
0.0
 10
1127.7080078125
 20
-400.2490234375
 30
0.0
 10
1127.7080078125
 20
-387.1103515625
 30
0.0
 10
1127.7080078125
 20
-387.1103515625
 30
0.0
 10
1127.7080078125
 20
-387.1103515625
 30
0.0
 10
1127.88818359375
 20
-386.9306640625
 30
0.0
 10
1127.88818359375
 20
-386.9306640625
 30
0.0
 10
1127.88818359375
 20
-386.9306640625
 30
0.0
 10
1131.1279296875
 20
-386.9306640625
 30
0.0
 10
1131.1279296875
 20
-386.9306640625
 30
0.0
 10
1131.1279296875
 20
-386.9306640625
 30
0.0
 10
1131.3076171875
 20
-387.1103515625
 30
0.0
 10
1131.3076171875
 20
-387.1103515625
 30
0.0
 10
1131.3076171875
 20
-387.1103515625
 30
0.0
 10
1131.3076171875
 20
-400.96875
 30
0.0
 10
1131.3076171875
 20
-400.96875
 30
0.0
 10
1131.3076171875
 20
-408.3481445312499
 30
0.0
 10
1126.26806640625
 20
-412.66748046875
 30
0.0
 10
1120.14892578125
 20
-412.66748046875
 30
0.0
 10
1114.02978515625
 20
-412.66748046875
 30
0.0
 10
1108.99072265625
 20
-408.3481445312499
 30
0.0
 10
1108.99072265625
 20
-400.96875
 30
0.0
 10
1108.99072265625
 20
-400.96875
 30
0.0
 10
1108.99072265625
 20
-387.1103515625
 30
0.0
 10
1108.99072265625
 20
-387.1103515625
 30
0.0
 10
1108.99072265625
 20
-387.1103515625
 30
0.0
 10
1109.17041015625
 20
-386.9306640625
 30
0.0
 10
1109.17041015625
 20
-386.9306640625
 30
0.0
 10
1109.17041015625
 20
-386.9306640625
 30
0.0
 10
1112.41015625
 20
-386.9306640625
 30
0.0
 10
1112.41015625
 20
-386.9306640625
 30
0.0
  0
HATCH
  5
C1
330
B5
100
AcDbEntity
  8
Layer 1
 62
     1
420
 16711680
440
 33554687
100
AcDbHatch
 10
0.0
 20
0.0
 30
0.0
210
0.0
220
0.0
230
1.0
  2
SOLID
 70
     1
 71
     1
 91
        1
 92
        1
 93
        1
 72
     4
 94
        3
 73
     0
 74
     0
 95
       47
 96
       43
 40
0.0
 40
0.0
 40
0.0
 40
0.0
 40
1.0
 40
1.0
 40
1.0
 40
2.0
 40
2.0
 40
2.0
 40
3.0
 40
3.0
 40
3.0
 40
4.0
 40
4.0
 40
4.0
 40
5.0
 40
5.0
 40
5.0
 40
6.0
 40
6.0
 40
6.0
 40
7.0
 40
7.0
 40
7.0
 40
8.0
 40
8.0
 40
8.0
 40
9.0
 40
9.0
 40
9.0
 40
10.0
 40
10.0
 40
10.0
 40
11.0
 40
11.0
 40
11.0
 40
12.0
 40
12.0
 40
12.0
 40
13.0
 40
13.0
 40
13.0
 40
14.0
 40
14.0
 40
14.0
 40
14.0
 10
1112.41015625
 20
-386.9306640625
 10
1112.41015625
 20
-386.9306640625
 10
1112.58984375
 20
-387.1103515625
 10
1112.58984375
 20
-387.1103515625
 10
1112.58984375
 20
-387.1103515625
 10
1112.58984375
 20
-400.2490234375
 10
1112.58984375
 20
-400.2490234375
 10
1112.58984375
 20
-405.828125
 10
1116.009765625
 20
-408.8876953125
 10
1120.14892578125
 20
-408.8876953125
 10
1124.28857421875
 20
-408.8876953125
 10
1127.7080078125
 20
-405.828125
 10
1127.7080078125
 20
-400.2490234375
 10
1127.7080078125
 20
-400.2490234375
 10
1127.7080078125
 20
-387.1103515625
 10
1127.7080078125
 20
-387.1103515625
 10
1127.7080078125
 20
-387.1103515625
 10
1127.88818359375
 20
-386.9306640625
 10
1127.88818359375
 20
-386.9306640625
 10
1127.88818359375
 20
-386.9306640625
 10
1131.1279296875
 20
-386.9306640625
 10
1131.1279296875
 20
-386.9306640625
 10
1131.1279296875
 20
-386.9306640625
 10
1131.3076171875
 20
-387.1103515625
 10
1131.3076171875
 20
-387.1103515625
 10
1131.3076171875
 20
-387.1103515625
 10
1131.3076171875
 20
-400.96875
 10
1131.3076171875
 20
-400.96875
 10
1131.3076171875
 20
-408.3481445312499
 10
1126.26806640625
 20
-412.66748046875
 10
1120.14892578125
 20
-412.66748046875
 10
1114.02978515625
 20
-412.66748046875
 10
1108.99072265625
 20
-408.3481445312499
 10
1108.99072265625
 20
-400.96875
 10
1108.99072265625
 20
-400.96875
 10
1108.99072265625
 20
-387.1103515625
 10
1108.99072265625
 20
-387.1103515625
 10
1108.99072265625
 20
-387.1103515625
 10
1109.17041015625
 20
-386.9306640625
 10
1109.17041015625
 20
-386.9306640625
 10
1109.17041015625
 20
-386.9306640625
 10
1112.41015625
 20
-386.9306640625
 10
1112.41015625
 20
-386.9306640625
 97
        0
 97
        1
330
C0
 75
     2
 76
     1
 98
        1
 10
0.0
 20
0.0
450
        0
451
        0
460
0.0
461
0.0
452
        0
462
0.0
453
        0
470

  0
SPLINE
  5
C2
330
B5
100
AcDbEntity
  8
Layer 1
100
AcDbSpline
210
0.0
220
0.0
230
1.0
 70
    11
 71
     3
 72
    20
 73
    16
 74
     0
 42
0.0000000001
 43
0.0000000001
 40
0.0
 40
0.0
 40
0.0
 40
0.0
 40
1.0
 40
1.0
 40
1.0
 40
2.0
 40
2.0
 40
2.0
 40
3.0
 40
3.0
 40
3.0
 40
4.0
 40
4.0
 40
4.0
 40
5.0
 40
5.0
 40
5.0
 40
5.0
 10
1140.669921875
 20
-397.72900390625
 30
0.0
 10
1140.669921875
 20
-397.72900390625
 30
0.0
 10
1144.26953125
 20
-397.72900390625
 30
0.0
 10
1144.26953125
 20
-397.72900390625
 30
0.0
 10
1146.96923828125
 20
-397.72900390625
 30
0.0
 10
1148.4091796875
 20
-396.28955078125
 30
0.0
 10
1148.4091796875
 20
-394.1298828125
 30
0.0
 10
1148.4091796875
 20
-391.97021484375
 30
0.0
 10
1146.96923828125
 20
-390.5302734375
 30
0.0
 10
1144.26953125
 20
-390.5302734375
 30
0.0
 10
1144.26953125
 20
-390.5302734375
 30
0.0
 10
1140.669921875
 20
-390.5302734375
 30
0.0
 10
1140.669921875
 20
-390.5302734375
 30
0.0
 10
1140.669921875
 20
-390.5302734375
 30
0.0
 10
1140.669921875
 20
-397.72900390625
 30
0.0
 10
1140.669921875
 20
-397.72900390625
 30
0.0
  0
SPLINE
  5
C3
330
B5
100
AcDbEntity
  8
Layer 1
100
AcDbSpline
210
0.0
220
0.0
230
1.0
 70
     9
 71
     3
 72
    50
 73
    46
 74
     0
 42
0.0000000001
 43
0.0000000001
 40
0.0
 40
0.0
 40
0.0
 40
0.0
 40
1.0
 40
1.0
 40
1.0
 40
2.0
 40
2.0
 40
2.0
 40
3.0
 40
3.0
 40
3.0
 40
4.0
 40
4.0
 40
4.0
 40
5.0
 40
5.0
 40
5.0
 40
6.0
 40
6.0
 40
6.0
 40
7.0
 40
7.0
 40
7.0
 40
8.0
 40
8.0
 40
8.0
 40
9.0
 40
9.0
 40
9.0
 40
10.0
 40
10.0
 40
10.0
 40
11.0
 40
11.0
 40
11.0
 40
12.0
 40
12.0
 40
12.0
 40
13.0
 40
13.0
 40
13.0
 40
14.0
 40
14.0
 40
14.0
 40
15.0
 40
15.0
 40
15.0
 40
15.0
 10
1144.26953125
 20
-386.9306640625
 30
0.0
 10
1149.30908203125
 20
-386.9306640625
 30
0.0
 10
1152.548828125
 20
-389.990234375
 30
0.0
 10
1152.548828125
 20
-394.1298828125
 30
0.0
 10
1152.548828125
 20
-397.00927734375
 30
0.0
 10
1150.9287109375
 20
-399.52880859375
 30
0.0
 10
1148.22900390625
 20
-400.6088867187499
 30
0.0
 10
1148.22900390625
 20
-400.6088867187499
 30
0.0
 10
1156.50830078125
 20
-411.947265625
 30
0.0
 10
1156.50830078125
 20
-411.947265625
 30
0.0
 10
1156.50830078125
 20
-411.947265625
 30
0.0
 10
1156.328125
 20
-412.12744140625
 30
0.0
 10
1156.328125
 20
-412.12744140625
 30
0.0
 10
1156.328125
 20
-412.12744140625
 30
0.0
 10
1152.0087890625
 20
-412.12744140625
 30
0.0
 10
1152.0087890625
 20
-412.12744140625
 30
0.0
 10
1152.0087890625
 20
-412.12744140625
 30
0.0
 10
1151.82861328125
 20
-411.947265625
 30
0.0
 10
1151.82861328125
 20
-411.947265625
 30
0.0
 10
1151.82861328125
 20
-411.947265625
 30
0.0
 10
1143.90966796875
 20
-401.32861328125
 30
0.0
 10
1143.90966796875
 20
-401.32861328125
 30
0.0
 10
1143.90966796875
 20
-401.32861328125
 30
0.0
 10
1140.669921875
 20
-401.32861328125
 30
0.0
 10
1140.669921875
 20
-401.32861328125
 30
0.0
 10
1140.669921875
 20
-401.32861328125
 30
0.0
 10
1140.669921875
 20
-411.947265625
 30
0.0
 10
1140.669921875
 20
-411.947265625
 30
0.0
 10
1140.669921875
 20
-411.947265625
 30
0.0
 10
1140.490234375
 20
-412.12744140625
 30
0.0
 10
1140.490234375
 20
-412.12744140625
 30
0.0
 10
1140.490234375
 20
-412.12744140625
 30
0.0
 10
1137.25048828125
 20
-412.12744140625
 30
0.0
 10
1137.25048828125
 20
-412.12744140625
 30
0.0
 10
1137.25048828125
 20
-412.12744140625
 30
0.0
 10
1137.07080078125
 20
-411.947265625
 30
0.0
 10
1137.07080078125
 20
-411.947265625
 30
0.0
 10
1137.07080078125
 20
-411.947265625
 30
0.0
 10
1137.07080078125
 20
-387.1103515625
 30
0.0
 10
1137.07080078125
 20
-387.1103515625
 30
0.0
 10
1137.07080078125
 20
-387.1103515625
 30
0.0
 10
1137.25048828125
 20
-386.9306640625
 30
0.0
 10
1137.25048828125
 20
-386.9306640625
 30
0.0
 10
1137.25048828125
 20
-386.9306640625
 30
0.0
 10
1144.26953125
 20
-386.9306640625
 30
0.0
 10
1144.26953125
 20
-386.9306640625
 30
0.0
  0
HATCH
  5
C4
330
B5
100
AcDbEntity
  8
Layer 1
 62
     1
420
 16711680
440
 33554687
100
AcDbHatch
 10
0.0
 20
0.0
 30
0.0
210
0.0
220
0.0
230
1.0
  2
SOLID
 70
     1
 71
     1
 91
        2
 92
        1
 93
        1
 72
     4
 94
        3
 73
     0
 74
     0
 95
       20
 96
       16
 40
0.0
 40
0.0
 40
0.0
 40
0.0
 40
1.0
 40
1.0
 40
1.0
 40
2.0
 40
2.0
 40
2.0
 40
3.0
 40
3.0
 40
3.0
 40
4.0
 40
4.0
 40
4.0
 40
5.0
 40
5.0
 40
5.0
 40
5.0
 10
1140.669921875
 20
-397.72900390625
 10
1140.669921875
 20
-397.72900390625
 10
1144.26953125
 20
-397.72900390625
 10
1144.26953125
 20
-397.72900390625
 10
1146.96923828125
 20
-397.72900390625
 10
1148.4091796875
 20
-396.28955078125
 10
1148.4091796875
 20
-394.1298828125
 10
1148.4091796875
 20
-391.97021484375
 10
1146.96923828125
 20
-390.5302734375
 10
1144.26953125
 20
-390.5302734375
 10
1144.26953125
 20
-390.5302734375
 10
1140.669921875
 20
-390.5302734375
 10
1140.669921875
 20
-390.5302734375
 10
1140.669921875
 20
-390.5302734375
 10
1140.669921875
 20
-397.72900390625
 10
1140.669921875
 20
-397.72900390625
 97
        0
 97
        1
330
C2
 92
        1
 93
        1
 72
     4
 94
        3
 73
     0
 74
     0
 95
       50
 96
       46
 40
0.0
 40
0.0
 40
0.0
 40
0.0
 40
1.0
 40
1.0
 40
1.0
 40
2.0
 40
2.0
 40
2.0
 40
3.0
 40
3.0
 40
3.0
 40
4.0
 40
4.0
 40
4.0
 40
5.0
 40
5.0
 40
5.0
 40
6.0
 40
6.0
 40
6.0
 40
7.0
 40
7.0
 40
7.0
 40
8.0
 40
8.0
 40
8.0
 40
9.0
 40
9.0
 40
9.0
 40
10.0
 40
10.0
 40
10.0
 40
11.0
 40
11.0
 40
11.0
 40
12.0
 40
12.0
 40
12.0
 40
13.0
 40
13.0
 40
13.0
 40
14.0
 40
14.0
 40
14.0
 40
15.0
 40
15.0
 40
15.0
 40
15.0
 10
1144.26953125
 20
-386.9306640625
 10
1149.30908203125
 20
-386.9306640625
 10
1152.548828125
 20
-389.990234375
 10
1152.548828125
 20
-394.1298828125
 10
1152.548828125
 20
-397.00927734375
 10
1150.9287109375
 20
-399.52880859375
 10
1148.22900390625
 20
-400.6088867187499
 10
1148.22900390625
 20
-400.6088867187499
 10
1156.50830078125
 20
-411.947265625
 10
1156.50830078125
 20
-411.947265625
 10
1156.50830078125
 20
-411.947265625
 10
1156.328125
 20
-412.12744140625
 10
1156.328125
 20
-412.12744140625
 10
1156.328125
 20
-412.12744140625
 10
1152.0087890625
 20
-412.12744140625
 10
1152.0087890625
 20
-412.12744140625
 10
1152.0087890625
 20
-412.12744140625
 10
1151.82861328125
 20
-411.947265625
 10
1151.82861328125
 20
-411.947265625
 10
1151.82861328125
 20
-411.947265625
 10
1143.90966796875
 20
-401.32861328125
 10
1143.90966796875
 20
-401.32861328125
 10
1143.90966796875
 20
-401.32861328125
 10
1140.669921875
 20
-401.32861328125
 10
1140.669921875
 20
-401.32861328125
 10
1140.669921875
 20
-401.32861328125
 10
1140.669921875
 20
-411.947265625
 10
1140.669921875
 20
-411.947265625
 10
1140.669921875
 20
-411.947265625
 10
1140.490234375
 20
-412.12744140625
 10
1140.490234375
 20
-412.12744140625
 10
1140.490234375
 20
-412.12744140625
 10
1137.25048828125
 20
-412.12744140625
 10
1137.25048828125
 20
-412.12744140625
 10
1137.25048828125
 20
-412.12744140625
 10
1137.07080078125
 20
-411.947265625
 10
1137.07080078125
 20
-411.947265625
 10
1137.07080078125
 20
-411.947265625
 10
1137.07080078125
 20
-387.1103515625
 10
1137.07080078125
 20
-387.1103515625
 10
1137.07080078125
 20
-387.1103515625
 10
1137.25048828125
 20
-386.9306640625
 10
1137.25048828125
 20
-386.9306640625
 10
1137.25048828125
 20
-386.9306640625
 10
1144.26953125
 20
-386.9306640625
 10
1144.26953125
 20
-386.9306640625
 97
        0
 97
        1
330
C3
 75
     2
 76
     1
 98
        1
 10
0.0
 20
0.0
450
        0
451
        0
460
0.0
461
0.0
452
        0
462
0.0
453
        0
470

  0
SPLINE
  5
C5
330
B5
100
AcDbEntity
  8
Layer 1
100
AcDbSpline
210
0.0
220
0.0
230
1.0
 70
     9
 71
     3
 72
    47
 73
    43
 74
     0
 42
0.0000000001
 43
0.0000000001
 40
0.0
 40
0.0
 40
0.0
 40
0.0
 40
1.0
 40
1.0
 40
1.0
 40
2.0
 40
2.0
 40
2.0
 40
3.0
 40
3.0
 40
3.0
 40
4.0
 40
4.0
 40
4.0
 40
5.0
 40
5.0
 40
5.0
 40
6.0
 40
6.0
 40
6.0
 40
7.0
 40
7.0
 40
7.0
 40
8.0
 40
8.0
 40
8.0
 40
9.0
 40
9.0
 40
9.0
 40
10.0
 40
10.0
 40
10.0
 40
11.0
 40
11.0
 40
11.0
 40
12.0
 40
12.0
 40
12.0
 40
13.0
 40
13.0
 40
13.0
 40
14.0
 40
14.0
 40
14.0
 40
14.0
 10
1167.849609375
 20
-392.14990234375
 30
0.0
 10
1166.76953125
 20
-390.89013671875
 30
0.0
 10
1166.0498046875
 20
-390.17041015625
 30
0.0
 10
1164.60986328125
 20
-390.17041015625
 30
0.0
 10
1163.169921875
 20
-390.17041015625
 30
0.0
 10
1162.09033203125
 20
-391.25
 30
0.0
 10
1162.09033203125
 20
-392.86962890625
 30
0.0
 10
1162.09033203125
 20
-396.46923828125
 30
0.0
 10
1173.06884765625
 20
-396.28955078125
 30
0.0
 10
1173.06884765625
 20
-404.5683593749999
 30
0.0
 10
1173.06884765625
 20
-409.06787109375
 30
0.0
 10
1169.46923828125
 20
-412.66748046875
 30
0.0
 10
1164.9697265625
 20
-412.66748046875
 30
0.0
 10
1161.3701171875
 20
-412.66748046875
 30
0.0
 10
1158.67041015625
 20
-410.6875
 30
0.0
 10
1157.41064453125
 20
-407.4482421875
 30
0.0
 10
1157.41064453125
 20
-407.4482421875
 30
0.0
 10
1160.1103515625
 20
-405.2880859374999
 30
0.0
 10
1160.1103515625
 20
-405.2880859374999
 30
0.0
 10
1160.1103515625
 20
-405.2880859374999
 30
0.0
 10
1160.47021484375
 20
-405.2880859374999
 30
0.0
 10
1160.47021484375
 20
-405.2880859374999
 30
0.0
 10
1161.55029296875
 20
-407.6279296874999
 30
0.0
 10
1162.81005859375
 20
-408.8876953125
 30
0.0
 10
1164.9697265625
 20
-408.8876953125
 30
0.0
 10
1167.3095703125
 20
-408.8876953125
 30
0.0
 10
1168.92919921875
 20
-407.0878906249999
 30
0.0
 10
1168.92919921875
 20
-404.5683593749999
 30
0.0
 10
1168.92919921875
 20
-399.52880859375
 30
0.0
 10
1157.95068359375
 20
-399.88916015625
 30
0.0
 10
1157.95068359375
 20
-392.86962890625
 30
0.0
 10
1157.95068359375
 20
-389.2705078125
 30
0.0
 10
1160.8662109375
 20
-386.390625
 30
0.0
 10
1164.60986328125
 20
-386.390625
 30
0.0
 10
1167.4892578125
 20
-386.390625
 30
0.0
 10
1169.6494140625
 20
-388.01025390625
 30
0.0
 10
1170.9091796875
 20
-390.17041015625
 30
0.0
 10
1170.9091796875
 20
-390.17041015625
 30
0.0
 10
1168.20947265625
 20
-392.14990234375
 30
0.0
 10
1168.20947265625
 20
-392.14990234375
 30
0.0
 10
1168.20947265625
 20
-392.14990234375
 30
0.0
 10
1167.849609375
 20
-392.14990234375
 30
0.0
 10
1167.849609375
 20
-392.14990234375
 30
0.0
  0
HATCH
  5
C6
330
B5
100
AcDbEntity
  8
Layer 1
 62
     1
420
 16711680
440
 33554687
100
AcDbHatch
 10
0.0
 20
0.0
 30
0.0
210
0.0
220
0.0
230
1.0
  2
SOLID
 70
     1
 71
     1
 91
        1
 92
        1
 93
        1
 72
     4
 94
        3
 73
     0
 74
     0
 95
       47
 96
       43
 40
0.0
 40
0.0
 40
0.0
 40
0.0
 40
1.0
 40
1.0
 40
1.0
 40
2.0
 40
2.0
 40
2.0
 40
3.0
 40
3.0
 40
3.0
 40
4.0
 40
4.0
 40
4.0
 40
5.0
 40
5.0
 40
5.0
 40
6.0
 40
6.0
 40
6.0
 40
7.0
 40
7.0
 40
7.0
 40
8.0
 40
8.0
 40
8.0
 40
9.0
 40
9.0
 40
9.0
 40
10.0
 40
10.0
 40
10.0
 40
11.0
 40
11.0
 40
11.0
 40
12.0
 40
12.0
 40
12.0
 40
13.0
 40
13.0
 40
13.0
 40
14.0
 40
14.0
 40
14.0
 40
14.0
 10
1167.849609375
 20
-392.14990234375
 10
1166.76953125
 20
-390.89013671875
 10
1166.0498046875
 20
-390.17041015625
 10
1164.60986328125
 20
-390.17041015625
 10
1163.169921875
 20
-390.17041015625
 10
1162.09033203125
 20
-391.25
 10
1162.09033203125
 20
-392.86962890625
 10
1162.09033203125
 20
-396.46923828125
 10
1173.06884765625
 20
-396.28955078125
 10
1173.06884765625
 20
-404.5683593749999
 10
1173.06884765625
 20
-409.06787109375
 10
1169.46923828125
 20
-412.66748046875
 10
1164.9697265625
 20
-412.66748046875
 10
1161.3701171875
 20
-412.66748046875
 10
1158.67041015625
 20
-410.6875
 10
1157.41064453125
 20
-407.4482421875
 10
1157.41064453125
 20
-407.4482421875
 10
1160.1103515625
 20
-405.2880859374999
 10
1160.1103515625
 20
-405.2880859374999
 10
1160.1103515625
 20
-405.2880859374999
 10
1160.47021484375
 20
-405.2880859374999
 10
1160.47021484375
 20
-405.2880859374999
 10
1161.55029296875
 20
-407.6279296874999
 10
1162.81005859375
 20
-408.8876953125
 10
1164.9697265625
 20
-408.8876953125
 10
1167.3095703125
 20
-408.8876953125
 10
1168.92919921875
 20
-407.0878906249999
 10
1168.92919921875
 20
-404.5683593749999
 10
1168.92919921875
 20
-399.52880859375
 10
1157.95068359375
 20
-399.88916015625
 10
1157.95068359375
 20
-392.86962890625
 10
1157.95068359375
 20
-389.2705078125
 10
1160.8662109375
 20
-386.390625
 10
1164.60986328125
 20
-386.390625
 10
1167.4892578125
 20
-386.390625
 10
1169.6494140625
 20
-388.01025390625
 10
1170.9091796875
 20
-390.17041015625
 10
1170.9091796875
 20
-390.17041015625
 10
1168.20947265625
 20
-392.14990234375
 10
1168.20947265625
 20
-392.14990234375
 10
1168.20947265625
 20
-392.14990234375
 10
1167.849609375
 20
-392.14990234375
 10
1167.849609375
 20
-392.14990234375
 97
        0
 97
        1
330
C5
 75
     2
 76
     1
 98
        1
 10
0.0
 20
0.0
450
        0
451
        0
460
0.0
461
0.0
452
        0
462
0.0
453
        0
470

  0
SPLINE
  5
C7
330
B5
100
AcDbEntity
  8
Layer 1
100
AcDbSpline
210
0.0
220
0.0
230
1.0
 70
     9
 71
     3
 72
    17
 73
    13
 74
     0
 42
0.0000000001
 43
0.0000000001
 40
0.0
 40
0.0
 40
0.0
 40
0.0
 40
1.0
 40
1.0
 40
1.0
 40
2.0
 40
2.0
 40
2.0
 40
3.0
 40
3.0
 40
3.0
 40
4.0
 40
4.0
 40
4.0
 40
4.0
 10
1034.00244140625
 20
-435.89013671875
 30
0.0
 10
1034.00244140625
 20
-434.05419921875
 30
0.0
 10
1032.88671875
 20
-433.1904296874999
 30
0.0
 10
1031.48291015625
 20
-433.1904296874999
 30
0.0
 10
1030.0791015625
 20
-433.1904296874999
 30
0.0
 10
1028.96337890625
 20
-434.05419921875
 30
0.0
 10
1028.96337890625
 20
-435.89013671875
 30
0.0
 10
1028.96337890625
 20
-437.4741210937499
 30
0.0
 10
1030.04296875
 20
-438.62548828125
 30
0.0
 10
1031.48291015625
 20
-439.48974609375
 30
0.0
 10
1032.9228515625
 20
-438.62548828125
 30
0.0
 10
1034.00244140625
 20
-437.4741210937499
 30
0.0
 10
1034.00244140625
 20
-435.89013671875
 30
0.0
  0
SPLINE
  5
C8
330
B5
100
AcDbEntity
  8
Layer 1
100
AcDbSpline
210
0.0
220
0.0
230
1.0
 70
     9
 71
     3
 72
    17
 73
    13
 74
     0
 42
0.0000000001
 43
0.0000000001
 40
0.0
 40
0.0
 40
0.0
 40
0.0
 40
1.0
 40
1.0
 40
1.0
 40
2.0
 40
2.0
 40
2.0
 40
3.0
 40
3.0
 40
3.0
 40
4.0
 40
4.0
 40
4.0
 40
4.0
 10
1027.703125
 20
-448.30859375
 30
0.0
 10
1027.703125
 20
-450.9721679687499
 30
0.0
 10
1029.3232421875
 20
-452.26806640625
 30
0.0
 10
1031.48291015625
 20
-452.26806640625
 30
0.0
 10
1033.642578125
 20
-452.26806640625
 30
0.0
 10
1035.26220703125
 20
-451.0083007812499
 30
0.0
 10
1035.26220703125
 20
-448.30859375
 30
0.0
 10
1035.26220703125
 20
-445.96875
 30
0.0
 10
1033.46240234375
 20
-444.34912109375
 30
0.0
 10
1031.48291015625
 20
-443.2690429687499
 30
0.0
 10
1029.5029296875
 20
-444.34912109375
 30
0.0
 10
1027.703125
 20
-445.96875
 30
0.0
 10
1027.703125
 20
-448.30859375
 30
0.0
  0
SPLINE
  5
C9
330
B5
100
AcDbEntity
  8
Layer 1
100
AcDbSpline
210
0.0
220
0.0
230
1.0
 70
     9
 71
     3
 72
    29
 73
    25
 74
     0
 42
0.0000000001
 43
0.0000000001
 40
0.0
 40
0.0
 40
0.0
 40
0.0
 40
1.0
 40
1.0
 40
1.0
 40
2.0
 40
2.0
 40
2.0
 40
3.0
 40
3.0
 40
3.0
 40
4.0
 40
4.0
 40
4.0
 40
5.0
 40
5.0
 40
5.0
 40
6.0
 40
6.0
 40
6.0
 40
7.0
 40
7.0
 40
7.0
 40
8.0
 40
8.0
 40
8.0
 40
8.0
 10
1037.7822265625
 20
-435.89013671875
 30
0.0
 10
1037.7822265625
 20
-438.22998046875
 30
0.0
 10
1036.52197265625
 20
-440.0297851562499
 30
0.0
 10
1034.3623046875
 20
-441.3974609374999
 30
0.0
 10
1037.06201171875
 20
-442.9091796875
 30
0.0
 10
1039.0419921875
 20
-445.2490234375
 30
0.0
 10
1039.0419921875
 20
-448.30859375
 30
0.0
 10
1039.0419921875
 20
-452.6279296874999
 30
0.0
 10
1035.80224609375
 20
-455.86767578125
 30
0.0
 10
1031.48291015625
 20
-455.86767578125
 30
0.0
 10
1027.16357421875
 20
-455.86767578125
 30
0.0
 10
1023.923828125
 20
-452.6279296874999
 30
0.0
 10
1023.923828125
 20
-448.30859375
 30
0.0
 10
1023.923828125
 20
-445.2490234375
 30
0.0
 10
1025.9033203125
 20
-442.9091796875
 30
0.0
 10
1028.60302734375
 20
-441.3974609374999
 30
0.0
 10
1026.443359375
 20
-440.0297851562499
 30
0.0
 10
1025.18359375
 20
-438.22998046875
 30
0.0
 10
1025.18359375
 20
-435.89013671875
 30
0.0
 10
1025.18359375
 20
-432.2905273437499
 30
0.0
 10
1027.8115234375
 20
-429.5908203125
 30
0.0
 10
1031.48291015625
 20
-429.5908203125
 30
0.0
 10
1035.154296875
 20
-429.5908203125
 30
0.0
 10
1037.7822265625
 20
-432.2905273437499
 30
0.0
 10
1037.7822265625
 20
-435.89013671875
 30
0.0
  0
HATCH
  5
CA
330
B5
100
AcDbEntity
  8
Layer 1
 62
    20
420
 15817252
440
 33554687
100
AcDbHatch
 10
0.0
 20
0.0
 30
0.0
210
0.0
220
0.0
230
1.0
  2
SOLID
 70
     1
 71
     1
 91
        3
 92
        1
 93
        1
 72
     4
 94
        3
 73
     0
 74
     0
 95
       17
 96
       13
 40
0.0
 40
0.0
 40
0.0
 40
0.0
 40
1.0
 40
1.0
 40
1.0
 40
2.0
 40
2.0
 40
2.0
 40
3.0
 40
3.0
 40
3.0
 40
4.0
 40
4.0
 40
4.0
 40
4.0
 10
1034.00244140625
 20
-435.89013671875
 10
1034.00244140625
 20
-434.05419921875
 10
1032.88671875
 20
-433.1904296874999
 10
1031.48291015625
 20
-433.1904296874999
 10
1030.0791015625
 20
-433.1904296874999
 10
1028.96337890625
 20
-434.05419921875
 10
1028.96337890625
 20
-435.89013671875
 10
1028.96337890625
 20
-437.4741210937499
 10
1030.04296875
 20
-438.62548828125
 10
1031.48291015625
 20
-439.48974609375
 10
1032.9228515625
 20
-438.62548828125
 10
1034.00244140625
 20
-437.4741210937499
 10
1034.00244140625
 20
-435.89013671875
 97
        0
 97
        1
330
C7
 92
        1
 93
        1
 72
     4
 94
        3
 73
     0
 74
     0
 95
       17
 96
       13
 40
0.0
 40
0.0
 40
0.0
 40
0.0
 40
1.0
 40
1.0
 40
1.0
 40
2.0
 40
2.0
 40
2.0
 40
3.0
 40
3.0
 40
3.0
 40
4.0
 40
4.0
 40
4.0
 40
4.0
 10
1027.703125
 20
-448.30859375
 10
1027.703125
 20
-450.9721679687499
 10
1029.3232421875
 20
-452.26806640625
 10
1031.48291015625
 20
-452.26806640625
 10
1033.642578125
 20
-452.26806640625
 10
1035.26220703125
 20
-451.0083007812499
 10
1035.26220703125
 20
-448.30859375
 10
1035.26220703125
 20
-445.96875
 10
1033.46240234375
 20
-444.34912109375
 10
1031.48291015625
 20
-443.2690429687499
 10
1029.5029296875
 20
-444.34912109375
 10
1027.703125
 20
-445.96875
 10
1027.703125
 20
-448.30859375
 97
        0
 97
        1
330
C8
 92
        1
 93
        1
 72
     4
 94
        3
 73
     0
 74
     0
 95
       29
 96
       25
 40
0.0
 40
0.0
 40
0.0
 40
0.0
 40
1.0
 40
1.0
 40
1.0
 40
2.0
 40
2.0
 40
2.0
 40
3.0
 40
3.0
 40
3.0
 40
4.0
 40
4.0
 40
4.0
 40
5.0
 40
5.0
 40
5.0
 40
6.0
 40
6.0
 40
6.0
 40
7.0
 40
7.0
 40
7.0
 40
8.0
 40
8.0
 40
8.0
 40
8.0
 10
1037.7822265625
 20
-435.89013671875
 10
1037.7822265625
 20
-438.22998046875
 10
1036.52197265625
 20
-440.0297851562499
 10
1034.3623046875
 20
-441.3974609374999
 10
1037.06201171875
 20
-442.9091796875
 10
1039.0419921875
 20
-445.2490234375
 10
1039.0419921875
 20
-448.30859375
 10
1039.0419921875
 20
-452.6279296874999
 10
1035.80224609375
 20
-455.86767578125
 10
1031.48291015625
 20
-455.86767578125
 10
1027.16357421875
 20
-455.86767578125
 10
1023.923828125
 20
-452.6279296874999
 10
1023.923828125
 20
-448.30859375
 10
1023.923828125
 20
-445.2490234375
 10
1025.9033203125
 20
-442.9091796875
 10
1028.60302734375
 20
-441.3974609374999
 10
1026.443359375
 20
-440.0297851562499
 10
1025.18359375
 20
-438.22998046875
 10
1025.18359375
 20
-435.89013671875
 10
1025.18359375
 20
-432.2905273437499
 10
1027.8115234375
 20
-429.5908203125
 10
1031.48291015625
 20
-429.5908203125
 10
1035.154296875
 20
-429.5908203125
 10
1037.7822265625
 20
-432.2905273437499
 10
1037.7822265625
 20
-435.89013671875
 97
        0
 97
        1
330
C9
 75
     2
 76
     1
 98
        1
 10
0.0
 20
0.0
450
        0
451
        0
460
0.0
461
0.0
452
        0
462
0.0
453
        0
470

  0
SPLINE
  5
CB
330
B5
100
AcDbEntity
  8
Layer 1
100
AcDbSpline
210
0.0
220
0.0
230
1.0
 70
    11
 71
     3
 72
    65
 73
    61
 74
     0
 42
0.0000000001
 43
0.0000000001
 40
0.0
 40
0.0
 40
0.0
 40
0.0
 40
1.0
 40
1.0
 40
1.0
 40
2.0
 40
2.0
 40
2.0
 40
3.0
 40
3.0
 40
3.0
 40
4.0
 40
4.0
 40
4.0
 40
5.0
 40
5.0
 40
5.0
 40
6.0
 40
6.0
 40
6.0
 40
7.0
 40
7.0
 40
7.0
 40
8.0
 40
8.0
 40
8.0
 40
9.0
 40
9.0
 40
9.0
 40
10.0
 40
10.0
 40
10.0
 40
11.0
 40
11.0
 40
11.0
 40
12.0
 40
12.0
 40
12.0
 40
13.0
 40
13.0
 40
13.0
 40
14.0
 40
14.0
 40
14.0
 40
15.0
 40
15.0
 40
15.0
 40
16.0
 40
16.0
 40
16.0
 40
17.0
 40
17.0
 40
17.0
 40
18.0
 40
18.0
 40
18.0
 40
19.0
 40
19.0
 40
19.0
 40
20.0
 40
20.0
 40
20.0
 40
20.0
 10
1056.2509765625
 20
-430.1308593749999
 30
0.0
 10
1056.2509765625
 20
-430.1308593749999
 30
0.0
 10
1056.4306640625
 20
-430.310546875
 30
0.0
 10
1056.4306640625
 20
-430.310546875
 30
0.0
 10
1056.4306640625
 20
-430.310546875
 30
0.0
 10
1056.4306640625
 20
-439.66943359375
 30
0.0
 10
1056.4306640625
 20
-439.66943359375
 30
0.0
 10
1056.4306640625
 20
-439.66943359375
 30
0.0
 10
1070.10888671875
 20
-439.66943359375
 30
0.0
 10
1070.10888671875
 20
-439.66943359375
 30
0.0
 10
1070.10888671875
 20
-439.66943359375
 30
0.0
 10
1070.10888671875
 20
-430.310546875
 30
0.0
 10
1070.10888671875
 20
-430.310546875
 30
0.0
 10
1070.10888671875
 20
-430.310546875
 30
0.0
 10
1070.2890625
 20
-430.1308593749999
 30
0.0
 10
1070.2890625
 20
-430.1308593749999
 30
0.0
 10
1070.2890625
 20
-430.1308593749999
 30
0.0
 10
1073.52880859375
 20
-430.1308593749999
 30
0.0
 10
1073.52880859375
 20
-430.1308593749999
 30
0.0
 10
1073.52880859375
 20
-430.1308593749999
 30
0.0
 10
1073.70849609375
 20
-430.310546875
 30
0.0
 10
1073.70849609375
 20
-430.310546875
 30
0.0
 10
1073.70849609375
 20
-430.310546875
 30
0.0
 10
1073.70849609375
 20
-455.1474609375
 30
0.0
 10
1073.70849609375
 20
-455.1474609375
 30
0.0
 10
1073.70849609375
 20
-455.1474609375
 30
0.0
 10
1073.52880859375
 20
-455.32763671875
 30
0.0
 10
1073.52880859375
 20
-455.32763671875
 30
0.0
 10
1073.52880859375
 20
-455.32763671875
 30
0.0
 10
1070.2890625
 20
-455.32763671875
 30
0.0
 10
1070.2890625
 20
-455.32763671875
 30
0.0
 10
1070.2890625
 20
-455.32763671875
 30
0.0
 10
1070.10888671875
 20
-455.1474609375
 30
0.0
 10
1070.10888671875
 20
-455.1474609375
 30
0.0
 10
1070.10888671875
 20
-455.1474609375
 30
0.0
 10
1070.10888671875
 20
-443.2690429687499
 30
0.0
 10
1070.10888671875
 20
-443.2690429687499
 30
0.0
 10
1070.10888671875
 20
-443.2690429687499
 30
0.0
 10
1056.4306640625
 20
-443.2690429687499
 30
0.0
 10
1056.4306640625
 20
-443.2690429687499
 30
0.0
 10
1056.4306640625
 20
-443.2690429687499
 30
0.0
 10
1056.4306640625
 20
-455.1474609375
 30
0.0
 10
1056.4306640625
 20
-455.1474609375
 30
0.0
 10
1056.4306640625
 20
-455.1474609375
 30
0.0
 10
1056.2509765625
 20
-455.32763671875
 30
0.0
 10
1056.2509765625
 20
-455.32763671875
 30
0.0
 10
1056.2509765625
 20
-455.32763671875
 30
0.0
 10
1053.01123046875
 20
-455.32763671875
 30
0.0
 10
1053.01123046875
 20
-455.32763671875
 30
0.0
 10
1053.01123046875
 20
-455.32763671875
 30
0.0
 10
1052.83154296875
 20
-455.1474609375
 30
0.0
 10
1052.83154296875
 20
-455.1474609375
 30
0.0
 10
1052.83154296875
 20
-455.1474609375
 30
0.0
 10
1052.83154296875
 20
-430.310546875
 30
0.0
 10
1052.83154296875
 20
-430.310546875
 30
0.0
 10
1052.83154296875
 20
-430.310546875
 30
0.0
 10
1053.01123046875
 20
-430.1308593749999
 30
0.0
 10
1053.01123046875
 20
-430.1308593749999
 30
0.0
 10
1053.01123046875
 20
-430.1308593749999
 30
0.0
 10
1056.2509765625
 20
-430.1308593749999
 30
0.0
 10
1056.2509765625
 20
-430.1308593749999
 30
0.0
  0
HATCH
  5
CC
330
B5
100
AcDbEntity
  8
Layer 1
 62
    20
420
 15817252
440
 33554687
100
AcDbHatch
 10
0.0
 20
0.0
 30
0.0
210
0.0
220
0.0
230
1.0
  2
SOLID
 70
     1
 71
     1
 91
        1
 92
        1
 93
        1
 72
     4
 94
        3
 73
     0
 74
     0
 95
       65
 96
       61
 40
0.0
 40
0.0
 40
0.0
 40
0.0
 40
1.0
 40
1.0
 40
1.0
 40
2.0
 40
2.0
 40
2.0
 40
3.0
 40
3.0
 40
3.0
 40
4.0
 40
4.0
 40
4.0
 40
5.0
 40
5.0
 40
5.0
 40
6.0
 40
6.0
 40
6.0
 40
7.0
 40
7.0
 40
7.0
 40
8.0
 40
8.0
 40
8.0
 40
9.0
 40
9.0
 40
9.0
 40
10.0
 40
10.0
 40
10.0
 40
11.0
 40
11.0
 40
11.0
 40
12.0
 40
12.0
 40
12.0
 40
13.0
 40
13.0
 40
13.0
 40
14.0
 40
14.0
 40
14.0
 40
15.0
 40
15.0
 40
15.0
 40
16.0
 40
16.0
 40
16.0
 40
17.0
 40
17.0
 40
17.0
 40
18.0
 40
18.0
 40
18.0
 40
19.0
 40
19.0
 40
19.0
 40
20.0
 40
20.0
 40
20.0
 40
20.0
 10
1056.2509765625
 20
-430.1308593749999
 10
1056.2509765625
 20
-430.1308593749999
 10
1056.4306640625
 20
-430.310546875
 10
1056.4306640625
 20
-430.310546875
 10
1056.4306640625
 20
-430.310546875
 10
1056.4306640625
 20
-439.66943359375
 10
1056.4306640625
 20
-439.66943359375
 10
1056.4306640625
 20
-439.66943359375
 10
1070.10888671875
 20
-439.66943359375
 10
1070.10888671875
 20
-439.66943359375
 10
1070.10888671875
 20
-439.66943359375
 10
1070.10888671875
 20
-430.310546875
 10
1070.10888671875
 20
-430.310546875
 10
1070.10888671875
 20
-430.310546875
 10
1070.2890625
 20
-430.1308593749999
 10
1070.2890625
 20
-430.1308593749999
 10
1070.2890625
 20
-430.1308593749999
 10
1073.52880859375
 20
-430.1308593749999
 10
1073.52880859375
 20
-430.1308593749999
 10
1073.52880859375
 20
-430.1308593749999
 10
1073.70849609375
 20
-430.310546875
 10
1073.70849609375
 20
-430.310546875
 10
1073.70849609375
 20
-430.310546875
 10
1073.70849609375
 20
-455.1474609375
 10
1073.70849609375
 20
-455.1474609375
 10
1073.70849609375
 20
-455.1474609375
 10
1073.52880859375
 20
-455.32763671875
 10
1073.52880859375
 20
-455.32763671875
 10
1073.52880859375
 20
-455.32763671875
 10
1070.2890625
 20
-455.32763671875
 10
1070.2890625
 20
-455.32763671875
 10
1070.2890625
 20
-455.32763671875
 10
1070.10888671875
 20
-455.1474609375
 10
1070.10888671875
 20
-455.1474609375
 10
1070.10888671875
 20
-455.1474609375
 10
1070.10888671875
 20
-443.2690429687499
 10
1070.10888671875
 20
-443.2690429687499
 10
1070.10888671875
 20
-443.2690429687499
 10
1056.4306640625
 20
-443.2690429687499
 10
1056.4306640625
 20
-443.2690429687499
 10
1056.4306640625
 20
-443.2690429687499
 10
1056.4306640625
 20
-455.1474609375
 10
1056.4306640625
 20
-455.1474609375
 10
1056.4306640625
 20
-455.1474609375
 10
1056.2509765625
 20
-455.32763671875
 10
1056.2509765625
 20
-455.32763671875
 10
1056.2509765625
 20
-455.32763671875
 10
1053.01123046875
 20
-455.32763671875
 10
1053.01123046875
 20
-455.32763671875
 10
1053.01123046875
 20
-455.32763671875
 10
1052.83154296875
 20
-455.1474609375
 10
1052.83154296875
 20
-455.1474609375
 10
1052.83154296875
 20
-455.1474609375
 10
1052.83154296875
 20
-430.310546875
 10
1052.83154296875
 20
-430.310546875
 10
1052.83154296875
 20
-430.310546875
 10
1053.01123046875
 20
-430.1308593749999
 10
1053.01123046875
 20
-430.1308593749999
 10
1053.01123046875
 20
-430.1308593749999
 10
1056.2509765625
 20
-430.1308593749999
 10
1056.2509765625
 20
-430.1308593749999
 97
        0
 97
        1
330
CB
 75
     2
 76
     1
 98
        1
 10
0.0
 20
0.0
450
        0
451
        0
460
0.0
461
0.0
452
        0
462
0.0
453
        0
470

  0
SPLINE
  5
CD
330
B5
100
AcDbEntity
  8
Layer 1
100
AcDbSpline
210
0.0
220
0.0
230
1.0
 70
     9
 71
     3
 72
    17
 73
    13
 74
     0
 42
0.0000000001
 43
0.0000000001
 40
0.0
 40
0.0
 40
0.0
 40
0.0
 40
1.0
 40
1.0
 40
1.0
 40
2.0
 40
2.0
 40
2.0
 40
3.0
 40
3.0
 40
3.0
 40
4.0
 40
4.0
 40
4.0
 40
4.0
 10
1082.53076171875
 20
-442.72900390625
 30
0.0
 10
1082.53076171875
 20
-447.91259765625
 30
0.0
 10
1086.63427734375
 20
-452.087890625
 30
0.0
 10
1091.70947265625
 20
-452.087890625
 30
0.0
 10
1096.78466796875
 20
-452.087890625
 30
0.0
 10
1100.88818359375
 20
-447.91259765625
 30
0.0
 10
1100.88818359375
 20
-442.72900390625
 30
0.0
 10
1100.88818359375
 20
-437.5458984375
 30
0.0
 10
1096.78466796875
 20
-433.37060546875
 30
0.0
 10
1091.70947265625
 20
-433.37060546875
 30
0.0
 10
1086.63427734375
 20
-433.37060546875
 30
0.0
 10
1082.53076171875
 20
-437.5458984375
 30
0.0
 10
1082.53076171875
 20
-442.72900390625
 30
0.0
  0
SPLINE
  5
CE
330
B5
100
AcDbEntity
  8
Layer 1
100
AcDbSpline
210
0.0
220
0.0
230
1.0
 70
     9
 71
     3
 72
    17
 73
    13
 74
     0
 42
0.0000000001
 43
0.0000000001
 40
0.0
 40
0.0
 40
0.0
 40
0.0
 40
1.0
 40
1.0
 40
1.0
 40
2.0
 40
2.0
 40
2.0
 40
3.0
 40
3.0
 40
3.0
 40
4.0
 40
4.0
 40
4.0
 40
4.0
 10
1105.02783203125
 20
-442.72900390625
 30
0.0
 10
1105.02783203125
 20
-449.96435546875
 30
0.0
 10
1099.05224609375
 20
-455.86767578125
 30
0.0
 10
1091.70947265625
 20
-455.86767578125
 30
0.0
 10
1084.3662109375
 20
-455.86767578125
 30
0.0
 10
1078.39111328125
 20
-449.96435546875
 30
0.0
 10
1078.39111328125
 20
-442.72900390625
 30
0.0
 10
1078.39111328125
 20
-435.494140625
 30
0.0
 10
1084.3662109375
 20
-429.5908203125
 30
0.0
 10
1091.70947265625
 20
-429.5908203125
 30
0.0
 10
1099.05224609375
 20
-429.5908203125
 30
0.0
 10
1105.02783203125
 20
-435.494140625
 30
0.0
 10
1105.02783203125
 20
-442.72900390625
 30
0.0
  0
HATCH
  5
CF
330
B5
100
AcDbEntity
  8
Layer 1
 62
    20
420
 15817252
440
 33554687
100
AcDbHatch
 10
0.0
 20
0.0
 30
0.0
210
0.0
220
0.0
230
1.0
  2
SOLID
 70
     1
 71
     1
 91
        2
 92
        1
 93
        1
 72
     4
 94
        3
 73
     0
 74
     0
 95
       17
 96
       13
 40
0.0
 40
0.0
 40
0.0
 40
0.0
 40
1.0
 40
1.0
 40
1.0
 40
2.0
 40
2.0
 40
2.0
 40
3.0
 40
3.0
 40
3.0
 40
4.0
 40
4.0
 40
4.0
 40
4.0
 10
1082.53076171875
 20
-442.72900390625
 10
1082.53076171875
 20
-447.91259765625
 10
1086.63427734375
 20
-452.087890625
 10
1091.70947265625
 20
-452.087890625
 10
1096.78466796875
 20
-452.087890625
 10
1100.88818359375
 20
-447.91259765625
 10
1100.88818359375
 20
-442.72900390625
 10
1100.88818359375
 20
-437.5458984375
 10
1096.78466796875
 20
-433.37060546875
 10
1091.70947265625
 20
-433.37060546875
 10
1086.63427734375
 20
-433.37060546875
 10
1082.53076171875
 20
-437.5458984375
 10
1082.53076171875
 20
-442.72900390625
 97
        0
 97
        1
330
CD
 92
        1
 93
        1
 72
     4
 94
        3
 73
     0
 74
     0
 95
       17
 96
       13
 40
0.0
 40
0.0
 40
0.0
 40
0.0
 40
1.0
 40
1.0
 40
1.0
 40
2.0
 40
2.0
 40
2.0
 40
3.0
 40
3.0
 40
3.0
 40
4.0
 40
4.0
 40
4.0
 40
4.0
 10
1105.02783203125
 20
-442.72900390625
 10
1105.02783203125
 20
-449.96435546875
 10
1099.05224609375
 20
-455.86767578125
 10
1091.70947265625
 20
-455.86767578125
 10
1084.3662109375
 20
-455.86767578125
 10
1078.39111328125
 20
-449.96435546875
 10
1078.39111328125
 20
-442.72900390625
 10
1078.39111328125
 20
-435.494140625
 10
1084.3662109375
 20
-429.5908203125
 10
1091.70947265625
 20
-429.5908203125
 10
1099.05224609375
 20
-429.5908203125
 10
1105.02783203125
 20
-435.494140625
 10
1105.02783203125
 20
-442.72900390625
 97
        0
 97
        1
330
CE
 75
     2
 76
     1
 98
        1
 10
0.0
 20
0.0
450
        0
451
        0
460
0.0
461
0.0
452
        0
462
0.0
453
        0
470

  0
SPLINE
  5
D0
330
B5
100
AcDbEntity
  8
Layer 1
100
AcDbSpline
210
0.0
220
0.0
230
1.0
 70
    11
 71
     3
 72
    47
 73
    43
 74
     0
 42
0.0000000001
 43
0.0000000001
 40
0.0
 40
0.0
 40
0.0
 40
0.0
 40
1.0
 40
1.0
 40
1.0
 40
2.0
 40
2.0
 40
2.0
 40
3.0
 40
3.0
 40
3.0
 40
4.0
 40
4.0
 40
4.0
 40
5.0
 40
5.0
 40
5.0
 40
6.0
 40
6.0
 40
6.0
 40
7.0
 40
7.0
 40
7.0
 40
8.0
 40
8.0
 40
8.0
 40
9.0
 40
9.0
 40
9.0
 40
10.0
 40
10.0
 40
10.0
 40
11.0
 40
11.0
 40
11.0
 40
12.0
 40
12.0
 40
12.0
 40
13.0
 40
13.0
 40
13.0
 40
14.0
 40
14.0
 40
14.0
 40
14.0
 10
1113.13037109375
 20
-430.1308593749999
 30
0.0
 10
1113.13037109375
 20
-430.1308593749999
 30
0.0
 10
1113.31005859375
 20
-430.310546875
 30
0.0
 10
1113.31005859375
 20
-430.310546875
 30
0.0
 10
1113.31005859375
 20
-430.310546875
 30
0.0
 10
1113.31005859375
 20
-443.44921875
 30
0.0
 10
1113.31005859375
 20
-443.44921875
 30
0.0
 10
1113.31005859375
 20
-449.0283203125
 30
0.0
 10
1116.72998046875
 20
-452.087890625
 30
0.0
 10
1120.869140625
 20
-452.087890625
 30
0.0
 10
1125.0087890625
 20
-452.087890625
 30
0.0
 10
1128.42822265625
 20
-449.0283203125
 30
0.0
 10
1128.42822265625
 20
-443.44921875
 30
0.0
 10
1128.42822265625
 20
-443.44921875
 30
0.0
 10
1128.42822265625
 20
-430.310546875
 30
0.0
 10
1128.42822265625
 20
-430.310546875
 30
0.0
 10
1128.42822265625
 20
-430.310546875
 30
0.0
 10
1128.6083984375
 20
-430.1308593749999
 30
0.0
 10
1128.6083984375
 20
-430.1308593749999
 30
0.0
 10
1128.6083984375
 20
-430.1308593749999
 30
0.0
 10
1131.84814453125
 20
-430.1308593749999
 30
0.0
 10
1131.84814453125
 20
-430.1308593749999
 30
0.0
 10
1131.84814453125
 20
-430.1308593749999
 30
0.0
 10
1132.02783203125
 20
-430.310546875
 30
0.0
 10
1132.02783203125
 20
-430.310546875
 30
0.0
 10
1132.02783203125
 20
-430.310546875
 30
0.0
 10
1132.02783203125
 20
-444.1689453124999
 30
0.0
 10
1132.02783203125
 20
-444.1689453124999
 30
0.0
 10
1132.02783203125
 20
-451.54833984375
 30
0.0
 10
1126.98876953125
 20
-455.86767578125
 30
0.0
 10
1120.869140625
 20
-455.86767578125
 30
0.0
 10
1114.75
 20
-455.86767578125
 30
0.0
 10
1109.71044921875
 20
-451.54833984375
 30
0.0
 10
1109.71044921875
 20
-444.1689453124999
 30
0.0
 10
1109.71044921875
 20
-444.1689453124999
 30
0.0
 10
1109.71044921875
 20
-430.310546875
 30
0.0
 10
1109.71044921875
 20
-430.310546875
 30
0.0
 10
1109.71044921875
 20
-430.310546875
 30
0.0
 10
1109.890625
 20
-430.1308593749999
 30
0.0
 10
1109.890625
 20
-430.1308593749999
 30
0.0
 10
1109.890625
 20
-430.1308593749999
 30
0.0
 10
1113.13037109375
 20
-430.1308593749999
 30
0.0
 10
1113.13037109375
 20
-430.1308593749999
 30
0.0
  0
HATCH
  5
D1
330
B5
100
AcDbEntity
  8
Layer 1
 62
    20
420
 15817252
440
 33554687
100
AcDbHatch
 10
0.0
 20
0.0
 30
0.0
210
0.0
220
0.0
230
1.0
  2
SOLID
 70
     1
 71
     1
 91
        1
 92
        1
 93
        1
 72
     4
 94
        3
 73
     0
 74
     0
 95
       47
 96
       43
 40
0.0
 40
0.0
 40
0.0
 40
0.0
 40
1.0
 40
1.0
 40
1.0
 40
2.0
 40
2.0
 40
2.0
 40
3.0
 40
3.0
 40
3.0
 40
4.0
 40
4.0
 40
4.0
 40
5.0
 40
5.0
 40
5.0
 40
6.0
 40
6.0
 40
6.0
 40
7.0
 40
7.0
 40
7.0
 40
8.0
 40
8.0
 40
8.0
 40
9.0
 40
9.0
 40
9.0
 40
10.0
 40
10.0
 40
10.0
 40
11.0
 40
11.0
 40
11.0
 40
12.0
 40
12.0
 40
12.0
 40
13.0
 40
13.0
 40
13.0
 40
14.0
 40
14.0
 40
14.0
 40
14.0
 10
1113.13037109375
 20
-430.1308593749999
 10
1113.13037109375
 20
-430.1308593749999
 10
1113.31005859375
 20
-430.310546875
 10
1113.31005859375
 20
-430.310546875
 10
1113.31005859375
 20
-430.310546875
 10
1113.31005859375
 20
-443.44921875
 10
1113.31005859375
 20
-443.44921875
 10
1113.31005859375
 20
-449.0283203125
 10
1116.72998046875
 20
-452.087890625
 10
1120.869140625
 20
-452.087890625
 10
1125.0087890625
 20
-452.087890625
 10
1128.42822265625
 20
-449.0283203125
 10
1128.42822265625
 20
-443.44921875
 10
1128.42822265625
 20
-443.44921875
 10
1128.42822265625
 20
-430.310546875
 10
1128.42822265625
 20
-430.310546875
 10
1128.42822265625
 20
-430.310546875
 10
1128.6083984375
 20
-430.1308593749999
 10
1128.6083984375
 20
-430.1308593749999
 10
1128.6083984375
 20
-430.1308593749999
 10
1131.84814453125
 20
-430.1308593749999
 10
1131.84814453125
 20
-430.1308593749999
 10
1131.84814453125
 20
-430.1308593749999
 10
1132.02783203125
 20
-430.310546875
 10
1132.02783203125
 20
-430.310546875
 10
1132.02783203125
 20
-430.310546875
 10
1132.02783203125
 20
-444.1689453124999
 10
1132.02783203125
 20
-444.1689453124999
 10
1132.02783203125
 20
-451.54833984375
 10
1126.98876953125
 20
-455.86767578125
 10
1120.869140625
 20
-455.86767578125
 10
1114.75
 20
-455.86767578125
 10
1109.71044921875
 20
-451.54833984375
 10
1109.71044921875
 20
-444.1689453124999
 10
1109.71044921875
 20
-444.1689453124999
 10
1109.71044921875
 20
-430.310546875
 10
1109.71044921875
 20
-430.310546875
 10
1109.71044921875
 20
-430.310546875
 10
1109.890625
 20
-430.1308593749999
 10
1109.890625
 20
-430.1308593749999
 10
1109.890625
 20
-430.1308593749999
 10
1113.13037109375
 20
-430.1308593749999
 10
1113.13037109375
 20
-430.1308593749999
 97
        0
 97
        1
330
D0
 75
     2
 76
     1
 98
        1
 10
0.0
 20
0.0
450
        0
451
        0
460
0.0
461
0.0
452
        0
462
0.0
453
        0
470

  0
SPLINE
  5
D2
330
B5
100
AcDbEntity
  8
Layer 1
100
AcDbSpline
210
0.0
220
0.0
230
1.0
 70
    11
 71
     3
 72
    20
 73
    16
 74
     0
 42
0.0000000001
 43
0.0000000001
 40
0.0
 40
0.0
 40
0.0
 40
0.0
 40
1.0
 40
1.0
 40
1.0
 40
2.0
 40
2.0
 40
2.0
 40
3.0
 40
3.0
 40
3.0
 40
4.0
 40
4.0
 40
4.0
 40
5.0
 40
5.0
 40
5.0
 40
5.0
 10
1141.39013671875
 20
-440.9291992187499
 30
0.0
 10
1141.39013671875
 20
-440.9291992187499
 30
0.0
 10
1144.98974609375
 20
-440.9291992187499
 30
0.0
 10
1144.98974609375
 20
-440.9291992187499
 30
0.0
 10
1147.689453125
 20
-440.9291992187499
 30
0.0
 10
1149.12939453125
 20
-439.48974609375
 30
0.0
 10
1149.12939453125
 20
-437.330078125
 30
0.0
 10
1149.12939453125
 20
-435.17041015625
 30
0.0
 10
1147.689453125
 20
-433.73046875
 30
0.0
 10
1144.98974609375
 20
-433.73046875
 30
0.0
 10
1144.98974609375
 20
-433.73046875
 30
0.0
 10
1141.39013671875
 20
-433.73046875
 30
0.0
 10
1141.39013671875
 20
-433.73046875
 30
0.0
 10
1141.39013671875
 20
-433.73046875
 30
0.0
 10
1141.39013671875
 20
-440.9291992187499
 30
0.0
 10
1141.39013671875
 20
-440.9291992187499
 30
0.0
  0
SPLINE
  5
D3
330
B5
100
AcDbEntity
  8
Layer 1
100
AcDbSpline
210
0.0
220
0.0
230
1.0
 70
     9
 71
     3
 72
    50
 73
    46
 74
     0
 42
0.0000000001
 43
0.0000000001
 40
0.0
 40
0.0
 40
0.0
 40
0.0
 40
1.0
 40
1.0
 40
1.0
 40
2.0
 40
2.0
 40
2.0
 40
3.0
 40
3.0
 40
3.0
 40
4.0
 40
4.0
 40
4.0
 40
5.0
 40
5.0
 40
5.0
 40
6.0
 40
6.0
 40
6.0
 40
7.0
 40
7.0
 40
7.0
 40
8.0
 40
8.0
 40
8.0
 40
9.0
 40
9.0
 40
9.0
 40
10.0
 40
10.0
 40
10.0
 40
11.0
 40
11.0
 40
11.0
 40
12.0
 40
12.0
 40
12.0
 40
13.0
 40
13.0
 40
13.0
 40
14.0
 40
14.0
 40
14.0
 40
15.0
 40
15.0
 40
15.0
 40
15.0
 10
1144.98974609375
 20
-430.1308593749999
 30
0.0
 10
1150.029296875
 20
-430.1308593749999
 30
0.0
 10
1153.26904296875
 20
-433.1904296874999
 30
0.0
 10
1153.26904296875
 20
-437.330078125
 30
0.0
 10
1153.26904296875
 20
-440.2094726562499
 30
0.0
 10
1151.64892578125
 20
-442.72900390625
 30
0.0
 10
1148.94921875
 20
-443.80908203125
 30
0.0
 10
1148.94921875
 20
-443.80908203125
 30
0.0
 10
1157.228515625
 20
-455.1474609375
 30
0.0
 10
1157.228515625
 20
-455.1474609375
 30
0.0
 10
1157.228515625
 20
-455.1474609375
 30
0.0
 10
1157.04833984375
 20
-455.32763671875
 30
0.0
 10
1157.04833984375
 20
-455.32763671875
 30
0.0
 10
1157.04833984375
 20
-455.32763671875
 30
0.0
 10
1152.72900390625
 20
-455.32763671875
 30
0.0
 10
1152.72900390625
 20
-455.32763671875
 30
0.0
 10
1152.72900390625
 20
-455.32763671875
 30
0.0
 10
1152.548828125
 20
-455.1474609375
 30
0.0
 10
1152.548828125
 20
-455.1474609375
 30
0.0
 10
1152.548828125
 20
-455.1474609375
 30
0.0
 10
1144.6298828125
 20
-444.52880859375
 30
0.0
 10
1144.6298828125
 20
-444.52880859375
 30
0.0
 10
1144.6298828125
 20
-444.52880859375
 30
0.0
 10
1141.39013671875
 20
-444.52880859375
 30
0.0
 10
1141.39013671875
 20
-444.52880859375
 30
0.0
 10
1141.39013671875
 20
-444.52880859375
 30
0.0
 10
1141.39013671875
 20
-455.1474609375
 30
0.0
 10
1141.39013671875
 20
-455.1474609375
 30
0.0
 10
1141.39013671875
 20
-455.1474609375
 30
0.0
 10
1141.21044921875
 20
-455.32763671875
 30
0.0
 10
1141.21044921875
 20
-455.32763671875
 30
0.0
 10
1141.21044921875
 20
-455.32763671875
 30
0.0
 10
1137.970703125
 20
-455.32763671875
 30
0.0
 10
1137.970703125
 20
-455.32763671875
 30
0.0
 10
1137.970703125
 20
-455.32763671875
 30
0.0
 10
1137.79052734375
 20
-455.1474609375
 30
0.0
 10
1137.79052734375
 20
-455.1474609375
 30
0.0
 10
1137.79052734375
 20
-455.1474609375
 30
0.0
 10
1137.79052734375
 20
-430.310546875
 30
0.0
 10
1137.79052734375
 20
-430.310546875
 30
0.0
 10
1137.79052734375
 20
-430.310546875
 30
0.0
 10
1137.970703125
 20
-430.1308593749999
 30
0.0
 10
1137.970703125
 20
-430.1308593749999
 30
0.0
 10
1137.970703125
 20
-430.1308593749999
 30
0.0
 10
1144.98974609375
 20
-430.1308593749999
 30
0.0
 10
1144.98974609375
 20
-430.1308593749999
 30
0.0
  0
HATCH
  5
D4
330
B5
100
AcDbEntity
  8
Layer 1
 62
    20
420
 15817252
440
 33554687
100
AcDbHatch
 10
0.0
 20
0.0
 30
0.0
210
0.0
220
0.0
230
1.0
  2
SOLID
 70
     1
 71
     1
 91
        2
 92
        1
 93
        1
 72
     4
 94
        3
 73
     0
 74
     0
 95
       20
 96
       16
 40
0.0
 40
0.0
 40
0.0
 40
0.0
 40
1.0
 40
1.0
 40
1.0
 40
2.0
 40
2.0
 40
2.0
 40
3.0
 40
3.0
 40
3.0
 40
4.0
 40
4.0
 40
4.0
 40
5.0
 40
5.0
 40
5.0
 40
5.0
 10
1141.39013671875
 20
-440.9291992187499
 10
1141.39013671875
 20
-440.9291992187499
 10
1144.98974609375
 20
-440.9291992187499
 10
1144.98974609375
 20
-440.9291992187499
 10
1147.689453125
 20
-440.9291992187499
 10
1149.12939453125
 20
-439.48974609375
 10
1149.12939453125
 20
-437.330078125
 10
1149.12939453125
 20
-435.17041015625
 10
1147.689453125
 20
-433.73046875
 10
1144.98974609375
 20
-433.73046875
 10
1144.98974609375
 20
-433.73046875
 10
1141.39013671875
 20
-433.73046875
 10
1141.39013671875
 20
-433.73046875
 10
1141.39013671875
 20
-433.73046875
 10
1141.39013671875
 20
-440.9291992187499
 10
1141.39013671875
 20
-440.9291992187499
 97
        0
 97
        1
330
D2
 92
        1
 93
        1
 72
     4
 94
        3
 73
     0
 74
     0
 95
       50
 96
       46
 40
0.0
 40
0.0
 40
0.0
 40
0.0
 40
1.0
 40
1.0
 40
1.0
 40
2.0
 40
2.0
 40
2.0
 40
3.0
 40
3.0
 40
3.0
 40
4.0
 40
4.0
 40
4.0
 40
5.0
 40
5.0
 40
5.0
 40
6.0
 40
6.0
 40
6.0
 40
7.0
 40
7.0
 40
7.0
 40
8.0
 40
8.0
 40
8.0
 40
9.0
 40
9.0
 40
9.0
 40
10.0
 40
10.0
 40
10.0
 40
11.0
 40
11.0
 40
11.0
 40
12.0
 40
12.0
 40
12.0
 40
13.0
 40
13.0
 40
13.0
 40
14.0
 40
14.0
 40
14.0
 40
15.0
 40
15.0
 40
15.0
 40
15.0
 10
1144.98974609375
 20
-430.1308593749999
 10
1150.029296875
 20
-430.1308593749999
 10
1153.26904296875
 20
-433.1904296874999
 10
1153.26904296875
 20
-437.330078125
 10
1153.26904296875
 20
-440.2094726562499
 10
1151.64892578125
 20
-442.72900390625
 10
1148.94921875
 20
-443.80908203125
 10
1148.94921875
 20
-443.80908203125
 10
1157.228515625
 20
-455.1474609375
 10
1157.228515625
 20
-455.1474609375
 10
1157.228515625
 20
-455.1474609375
 10
1157.04833984375
 20
-455.32763671875
 10
1157.04833984375
 20
-455.32763671875
 10
1157.04833984375
 20
-455.32763671875
 10
1152.72900390625
 20
-455.32763671875
 10
1152.72900390625
 20
-455.32763671875
 10
1152.72900390625
 20
-455.32763671875
 10
1152.548828125
 20
-455.1474609375
 10
1152.548828125
 20
-455.1474609375
 10
1152.548828125
 20
-455.1474609375
 10
1144.6298828125
 20
-444.52880859375
 10
1144.6298828125
 20
-444.52880859375
 10
1144.6298828125
 20
-444.52880859375
 10
1141.39013671875
 20
-444.52880859375
 10
1141.39013671875
 20
-444.52880859375
 10
1141.39013671875
 20
-444.52880859375
 10
1141.39013671875
 20
-455.1474609375
 10
1141.39013671875
 20
-455.1474609375
 10
1141.39013671875
 20
-455.1474609375
 10
1141.21044921875
 20
-455.32763671875
 10
1141.21044921875
 20
-455.32763671875
 10
1141.21044921875
 20
-455.32763671875
 10
1137.970703125
 20
-455.32763671875
 10
1137.970703125
 20
-455.32763671875
 10
1137.970703125
 20
-455.32763671875
 10
1137.79052734375
 20
-455.1474609375
 10
1137.79052734375
 20
-455.1474609375
 10
1137.79052734375
 20
-455.1474609375
 10
1137.79052734375
 20
-430.310546875
 10
1137.79052734375
 20
-430.310546875
 10
1137.79052734375
 20
-430.310546875
 10
1137.970703125
 20
-430.1308593749999
 10
1137.970703125
 20
-430.1308593749999
 10
1137.970703125
 20
-430.1308593749999
 10
1144.98974609375
 20
-430.1308593749999
 10
1144.98974609375
 20
-430.1308593749999
 97
        0
 97
        1
330
D3
 75
     2
 76
     1
 98
        1
 10
0.0
 20
0.0
450
        0
451
        0
460
0.0
461
0.0
452
        0
462
0.0
453
        0
470

  0
SPLINE
  5
D5
330
B5
100
AcDbEntity
  8
Layer 1
100
AcDbSpline
210
0.0
220
0.0
230
1.0
 70
     9
 71
     3
 72
    47
 73
    43
 74
     0
 42
0.0000000001
 43
0.0000000001
 40
0.0
 40
0.0
 40
0.0
 40
0.0
 40
1.0
 40
1.0
 40
1.0
 40
2.0
 40
2.0
 40
2.0
 40
3.0
 40
3.0
 40
3.0
 40
4.0
 40
4.0
 40
4.0
 40
5.0
 40
5.0
 40
5.0
 40
6.0
 40
6.0
 40
6.0
 40
7.0
 40
7.0
 40
7.0
 40
8.0
 40
8.0
 40
8.0
 40
9.0
 40
9.0
 40
9.0
 40
10.0
 40
10.0
 40
10.0
 40
11.0
 40
11.0
 40
11.0
 40
12.0
 40
12.0
 40
12.0
 40
13.0
 40
13.0
 40
13.0
 40
14.0
 40
14.0
 40
14.0
 40
14.0
 10
1168.56982421875
 20
-435.3500976562499
 30
0.0
 10
1167.48974609375
 20
-434.09033203125
 30
0.0
 10
1166.77001953125
 20
-433.37060546875
 30
0.0
 10
1165.330078125
 20
-433.37060546875
 30
0.0
 10
1163.89013671875
 20
-433.37060546875
 30
0.0
 10
1162.810546875
 20
-434.4501953125
 30
0.0
 10
1162.810546875
 20
-436.06982421875
 30
0.0
 10
1162.810546875
 20
-439.66943359375
 30
0.0
 10
1173.7890625
 20
-439.48974609375
 30
0.0
 10
1173.7890625
 20
-447.7685546875
 30
0.0
 10
1173.7890625
 20
-452.26806640625
 30
0.0
 10
1170.189453125
 20
-455.86767578125
 30
0.0
 10
1165.68994140625
 20
-455.86767578125
 30
0.0
 10
1162.09033203125
 20
-455.86767578125
 30
0.0
 10
1159.390625
 20
-453.8876953125
 30
0.0
 10
1158.130859375
 20
-450.6484375
 30
0.0
 10
1158.130859375
 20
-450.6484375
 30
0.0
 10
1160.83056640625
 20
-448.48828125
 30
0.0
 10
1160.83056640625
 20
-448.48828125
 30
0.0
 10
1160.83056640625
 20
-448.48828125
 30
0.0
 10
1161.1904296875
 20
-448.48828125
 30
0.0
 10
1161.1904296875
 20
-448.48828125
 30
0.0
 10
1162.2705078125
 20
-450.828125
 30
0.0
 10
1163.5302734375
 20
-452.087890625
 30
0.0
 10
1165.68994140625
 20
-452.087890625
 30
0.0
 10
1168.02978515625
 20
-452.087890625
 30
0.0
 10
1169.6494140625
 20
-450.2880859374999
 30
0.0
 10
1169.6494140625
 20
-447.7685546875
 30
0.0
 10
1169.6494140625
 20
-442.72900390625
 30
0.0
 10
1158.6708984375
 20
-443.0893554687499
 30
0.0
 10
1158.6708984375
 20
-436.06982421875
 30
0.0
 10
1158.6708984375
 20
-432.470703125
 30
0.0
 10
1161.58642578125
 20
-429.5908203125
 30
0.0
 10
1165.330078125
 20
-429.5908203125
 30
0.0
 10
1168.20947265625
 20
-429.5908203125
 30
0.0
 10
1170.36962890625
 20
-431.21044921875
 30
0.0
 10
1171.62939453125
 20
-433.37060546875
 30
0.0
 10
1171.62939453125
 20
-433.37060546875
 30
0.0
 10
1168.9296875
 20
-435.3500976562499
 30
0.0
 10
1168.9296875
 20
-435.3500976562499
 30
0.0
 10
1168.9296875
 20
-435.3500976562499
 30
0.0
 10
1168.56982421875
 20
-435.3500976562499
 30
0.0
 10
1168.56982421875
 20
-435.3500976562499
 30
0.0
  0
HATCH
  5
D6
330
B5
100
AcDbEntity
  8
Layer 1
 62
    20
420
 15817252
440
 33554687
100
AcDbHatch
 10
0.0
 20
0.0
 30
0.0
210
0.0
220
0.0
230
1.0
  2
SOLID
 70
     1
 71
     1
 91
        1
 92
        1
 93
        1
 72
     4
 94
        3
 73
     0
 74
     0
 95
       47
 96
       43
 40
0.0
 40
0.0
 40
0.0
 40
0.0
 40
1.0
 40
1.0
 40
1.0
 40
2.0
 40
2.0
 40
2.0
 40
3.0
 40
3.0
 40
3.0
 40
4.0
 40
4.0
 40
4.0
 40
5.0
 40
5.0
 40
5.0
 40
6.0
 40
6.0
 40
6.0
 40
7.0
 40
7.0
 40
7.0
 40
8.0
 40
8.0
 40
8.0
 40
9.0
 40
9.0
 40
9.0
 40
10.0
 40
10.0
 40
10.0
 40
11.0
 40
11.0
 40
11.0
 40
12.0
 40
12.0
 40
12.0
 40
13.0
 40
13.0
 40
13.0
 40
14.0
 40
14.0
 40
14.0
 40
14.0
 10
1168.56982421875
 20
-435.3500976562499
 10
1167.48974609375
 20
-434.09033203125
 10
1166.77001953125
 20
-433.37060546875
 10
1165.330078125
 20
-433.37060546875
 10
1163.89013671875
 20
-433.37060546875
 10
1162.810546875
 20
-434.4501953125
 10
1162.810546875
 20
-436.06982421875
 10
1162.810546875
 20
-439.66943359375
 10
1173.7890625
 20
-439.48974609375
 10
1173.7890625
 20
-447.7685546875
 10
1173.7890625
 20
-452.26806640625
 10
1170.189453125
 20
-455.86767578125
 10
1165.68994140625
 20
-455.86767578125
 10
1162.09033203125
 20
-455.86767578125
 10
1159.390625
 20
-453.8876953125
 10
1158.130859375
 20
-450.6484375
 10
1158.130859375
 20
-450.6484375
 10
1160.83056640625
 20
-448.48828125
 10
1160.83056640625
 20
-448.48828125
 10
1160.83056640625
 20
-448.48828125
 10
1161.1904296875
 20
-448.48828125
 10
1161.1904296875
 20
-448.48828125
 10
1162.2705078125
 20
-450.828125
 10
1163.5302734375
 20
-452.087890625
 10
1165.68994140625
 20
-452.087890625
 10
1168.02978515625
 20
-452.087890625
 10
1169.6494140625
 20
-450.2880859374999
 10
1169.6494140625
 20
-447.7685546875
 10
1169.6494140625
 20
-442.72900390625
 10
1158.6708984375
 20
-443.0893554687499
 10
1158.6708984375
 20
-436.06982421875
 10
1158.6708984375
 20
-432.470703125
 10
1161.58642578125
 20
-429.5908203125
 10
1165.330078125
 20
-429.5908203125
 10
1168.20947265625
 20
-429.5908203125
 10
1170.36962890625
 20
-431.21044921875
 10
1171.62939453125
 20
-433.37060546875
 10
1171.62939453125
 20
-433.37060546875
 10
1168.9296875
 20
-435.3500976562499
 10
1168.9296875
 20
-435.3500976562499
 10
1168.9296875
 20
-435.3500976562499
 10
1168.56982421875
 20
-435.3500976562499
 10
1168.56982421875
 20
-435.3500976562499
 97
        0
 97
        1
330
D5
 75
     2
 76
     1
 98
        1
 10
0.0
 20
0.0
450
        0
451
        0
460
0.0
461
0.0
452
        0
462
0.0
453
        0
470

  0
SPLINE
  5
D7
330
B5
100
AcDbEntity
  8
Layer 1
100
AcDbSpline
210
0.0
220
0.0
230
1.0
 70
    11
 71
     3
 72
    47
 73
    43
 74
     0
 42
0.0000000001
 43
0.0000000001
 40
0.0
 40
0.0
 40
0.0
 40
0.0
 40
1.0
 40
1.0
 40
1.0
 40
2.0
 40
2.0
 40
2.0
 40
3.0
 40
3.0
 40
3.0
 40
4.0
 40
4.0
 40
4.0
 40
5.0
 40
5.0
 40
5.0
 40
6.0
 40
6.0
 40
6.0
 40
7.0
 40
7.0
 40
7.0
 40
8.0
 40
8.0
 40
8.0
 40
9.0
 40
9.0
 40
9.0
 40
10.0
 40
10.0
 40
10.0
 40
11.0
 40
11.0
 40
11.0
 40
12.0
 40
12.0
 40
12.0
 40
13.0
 40
13.0
 40
13.0
 40
14.0
 40
14.0
 40
14.0
 40
14.0
 10
1043.43310546875
 20
-473.3305664062499
 30
0.0
 10
1043.43310546875
 20
-473.3305664062499
 30
0.0
 10
1043.61328125
 20
-473.5102539062499
 30
0.0
 10
1043.61328125
 20
-473.5102539062499
 30
0.0
 10
1043.61328125
 20
-473.5102539062499
 30
0.0
 10
1043.61328125
 20
-476.75
 30
0.0
 10
1043.61328125
 20
-476.75
 30
0.0
 10
1043.61328125
 20
-476.75
 30
0.0
 10
1043.43310546875
 20
-476.93017578125
 30
0.0
 10
1043.43310546875
 20
-476.93017578125
 30
0.0
 10
1043.43310546875
 20
-476.93017578125
 30
0.0
 10
1035.33447265625
 20
-476.93017578125
 30
0.0
 10
1035.33447265625
 20
-476.93017578125
 30
0.0
 10
1035.33447265625
 20
-476.93017578125
 30
0.0
 10
1035.33447265625
 20
-498.3471679687499
 30
0.0
 10
1035.33447265625
 20
-498.3471679687499
 30
0.0
 10
1035.33447265625
 20
-498.3471679687499
 30
0.0
 10
1035.154296875
 20
-498.52734375
 30
0.0
 10
1035.154296875
 20
-498.52734375
 30
0.0
 10
1035.154296875
 20
-498.52734375
 30
0.0
 10
1031.91455078125
 20
-498.52734375
 30
0.0
 10
1031.91455078125
 20
-498.52734375
 30
0.0
 10
1031.91455078125
 20
-498.52734375
 30
0.0
 10
1031.73486328125
 20
-498.3471679687499
 30
0.0
 10
1031.73486328125
 20
-498.3471679687499
 30
0.0
 10
1031.73486328125
 20
-498.3471679687499
 30
0.0
 10
1031.73486328125
 20
-476.93017578125
 30
0.0
 10
1031.73486328125
 20
-476.93017578125
 30
0.0
 10
1031.73486328125
 20
-476.93017578125
 30
0.0
 10
1023.6357421875
 20
-476.93017578125
 30
0.0
 10
1023.6357421875
 20
-476.93017578125
 30
0.0
 10
1023.6357421875
 20
-476.93017578125
 30
0.0
 10
1023.4560546875
 20
-476.75
 30
0.0
 10
1023.4560546875
 20
-476.75
 30
0.0
 10
1023.4560546875
 20
-476.75
 30
0.0
 10
1023.4560546875
 20
-473.5102539062499
 30
0.0
 10
1023.4560546875
 20
-473.5102539062499
 30
0.0
 10
1023.4560546875
 20
-473.5102539062499
 30
0.0
 10
1023.6357421875
 20
-473.3305664062499
 30
0.0
 10
1023.6357421875
 20
-473.3305664062499
 30
0.0
 10
1023.6357421875
 20
-473.3305664062499
 30
0.0
 10
1043.43310546875
 20
-473.3305664062499
 30
0.0
 10
1043.43310546875
 20
-473.3305664062499
 30
0.0
  0
HATCH
  5
D8
330
B5
100
AcDbEntity
  8
Layer 1
 62
    40
420
 16494651
440
 33554687
100
AcDbHatch
 10
0.0
 20
0.0
 30
0.0
210
0.0
220
0.0
230
1.0
  2
SOLID
 70
     1
 71
     1
 91
        1
 92
        1
 93
        1
 72
     4
 94
        3
 73
     0
 74
     0
 95
       47
 96
       43
 40
0.0
 40
0.0
 40
0.0
 40
0.0
 40
1.0
 40
1.0
 40
1.0
 40
2.0
 40
2.0
 40
2.0
 40
3.0
 40
3.0
 40
3.0
 40
4.0
 40
4.0
 40
4.0
 40
5.0
 40
5.0
 40
5.0
 40
6.0
 40
6.0
 40
6.0
 40
7.0
 40
7.0
 40
7.0
 40
8.0
 40
8.0
 40
8.0
 40
9.0
 40
9.0
 40
9.0
 40
10.0
 40
10.0
 40
10.0
 40
11.0
 40
11.0
 40
11.0
 40
12.0
 40
12.0
 40
12.0
 40
13.0
 40
13.0
 40
13.0
 40
14.0
 40
14.0
 40
14.0
 40
14.0
 10
1043.43310546875
 20
-473.3305664062499
 10
1043.43310546875
 20
-473.3305664062499
 10
1043.61328125
 20
-473.5102539062499
 10
1043.61328125
 20
-473.5102539062499
 10
1043.61328125
 20
-473.5102539062499
 10
1043.61328125
 20
-476.75
 10
1043.61328125
 20
-476.75
 10
1043.61328125
 20
-476.75
 10
1043.43310546875
 20
-476.93017578125
 10
1043.43310546875
 20
-476.93017578125
 10
1043.43310546875
 20
-476.93017578125
 10
1035.33447265625
 20
-476.93017578125
 10
1035.33447265625
 20
-476.93017578125
 10
1035.33447265625
 20
-476.93017578125
 10
1035.33447265625
 20
-498.3471679687499
 10
1035.33447265625
 20
-498.3471679687499
 10
1035.33447265625
 20
-498.3471679687499
 10
1035.154296875
 20
-498.52734375
 10
1035.154296875
 20
-498.52734375
 10
1035.154296875
 20
-498.52734375
 10
1031.91455078125
 20
-498.52734375
 10
1031.91455078125
 20
-498.52734375
 10
1031.91455078125
 20
-498.52734375
 10
1031.73486328125
 20
-498.3471679687499
 10
1031.73486328125
 20
-498.3471679687499
 10
1031.73486328125
 20
-498.3471679687499
 10
1031.73486328125
 20
-476.93017578125
 10
1031.73486328125
 20
-476.93017578125
 10
1031.73486328125
 20
-476.93017578125
 10
1023.6357421875
 20
-476.93017578125
 10
1023.6357421875
 20
-476.93017578125
 10
1023.6357421875
 20
-476.93017578125
 10
1023.4560546875
 20
-476.75
 10
1023.4560546875
 20
-476.75
 10
1023.4560546875
 20
-476.75
 10
1023.4560546875
 20
-473.5102539062499
 10
1023.4560546875
 20
-473.5102539062499
 10
1023.4560546875
 20
-473.5102539062499
 10
1023.6357421875
 20
-473.3305664062499
 10
1023.6357421875
 20
-473.3305664062499
 10
1023.6357421875
 20
-473.3305664062499
 10
1043.43310546875
 20
-473.3305664062499
 10
1043.43310546875
 20
-473.3305664062499
 97
        0
 97
        1
330
D7
 75
     2
 76
     1
 98
        1
 10
0.0
 20
0.0
450
        0
451
        0
460
0.0
461
0.0
452
        0
462
0.0
453
        0
470

  0
SPLINE
  5
D9
330
B5
100
AcDbEntity
  8
Layer 1
100
AcDbSpline
210
0.0
220
0.0
230
1.0
 70
     9
 71
     3
 72
    17
 73
    13
 74
     0
 42
0.0000000001
 43
0.0000000001
 40
0.0
 40
0.0
 40
0.0
 40
0.0
 40
1.0
 40
1.0
 40
1.0
 40
2.0
 40
2.0
 40
2.0
 40
3.0
 40
3.0
 40
3.0
 40
4.0
 40
4.0
 40
4.0
 40
4.0
 10
1047.03564453125
 20
-485.9287109374999
 30
0.0
 10
1047.03564453125
 20
-491.1123046874999
 30
0.0
 10
1051.13916015625
 20
-495.2875976562499
 30
0.0
 10
1056.21435546875
 20
-495.2875976562499
 30
0.0
 10
1061.28955078125
 20
-495.2875976562499
 30
0.0
 10
1065.39306640625
 20
-491.1123046874999
 30
0.0
 10
1065.39306640625
 20
-485.9287109374999
 30
0.0
 10
1065.39306640625
 20
-480.74560546875
 30
0.0
 10
1061.28955078125
 20
-476.5703124999999
 30
0.0
 10
1056.21435546875
 20
-476.5703124999999
 30
0.0
 10
1051.13916015625
 20
-476.5703124999999
 30
0.0
 10
1047.03564453125
 20
-480.74560546875
 30
0.0
 10
1047.03564453125
 20
-485.9287109374999
 30
0.0
  0
SPLINE
  5
DA
330
B5
100
AcDbEntity
  8
Layer 1
100
AcDbSpline
210
0.0
220
0.0
230
1.0
 70
     9
 71
     3
 72
    17
 73
    13
 74
     0
 42
0.0000000001
 43
0.0000000001
 40
0.0
 40
0.0
 40
0.0
 40
0.0
 40
1.0
 40
1.0
 40
1.0
 40
2.0
 40
2.0
 40
2.0
 40
3.0
 40
3.0
 40
3.0
 40
4.0
 40
4.0
 40
4.0
 40
4.0
 10
1069.53271484375
 20
-485.9287109374999
 30
0.0
 10
1069.53271484375
 20
-493.1640625
 30
0.0
 10
1063.55712890625
 20
-499.0673828124999
 30
0.0
 10
1056.21435546875
 20
-499.0673828124999
 30
0.0
 10
1048.87109375
 20
-499.0673828124999
 30
0.0
 10
1042.89599609375
 20
-493.1640625
 30
0.0
 10
1042.89599609375
 20
-485.9287109374999
 30
0.0
 10
1042.89599609375
 20
-478.6938476562499
 30
0.0
 10
1048.87109375
 20
-472.79052734375
 30
0.0
 10
1056.21435546875
 20
-472.79052734375
 30
0.0
 10
1063.55712890625
 20
-472.79052734375
 30
0.0
 10
1069.53271484375
 20
-478.6938476562499
 30
0.0
 10
1069.53271484375
 20
-485.9287109374999
 30
0.0
  0
HATCH
  5
DB
330
B5
100
AcDbEntity
  8
Layer 1
 62
    40
420
 16494651
440
 33554687
100
AcDbHatch
 10
0.0
 20
0.0
 30
0.0
210
0.0
220
0.0
230
1.0
  2
SOLID
 70
     1
 71
     1
 91
        2
 92
        1
 93
        1
 72
     4
 94
        3
 73
     0
 74
     0
 95
       17
 96
       13
 40
0.0
 40
0.0
 40
0.0
 40
0.0
 40
1.0
 40
1.0
 40
1.0
 40
2.0
 40
2.0
 40
2.0
 40
3.0
 40
3.0
 40
3.0
 40
4.0
 40
4.0
 40
4.0
 40
4.0
 10
1047.03564453125
 20
-485.9287109374999
 10
1047.03564453125
 20
-491.1123046874999
 10
1051.13916015625
 20
-495.2875976562499
 10
1056.21435546875
 20
-495.2875976562499
 10
1061.28955078125
 20
-495.2875976562499
 10
1065.39306640625
 20
-491.1123046874999
 10
1065.39306640625
 20
-485.9287109374999
 10
1065.39306640625
 20
-480.74560546875
 10
1061.28955078125
 20
-476.5703124999999
 10
1056.21435546875
 20
-476.5703124999999
 10
1051.13916015625
 20
-476.5703124999999
 10
1047.03564453125
 20
-480.74560546875
 10
1047.03564453125
 20
-485.9287109374999
 97
        0
 97
        1
330
D9
 92
        1
 93
        1
 72
     4
 94
        3
 73
     0
 74
     0
 95
       17
 96
       13
 40
0.0
 40
0.0
 40
0.0
 40
0.0
 40
1.0
 40
1.0
 40
1.0
 40
2.0
 40
2.0
 40
2.0
 40
3.0
 40
3.0
 40
3.0
 40
4.0
 40
4.0
 40
4.0
 40
4.0
 10
1069.53271484375
 20
-485.9287109374999
 10
1069.53271484375
 20
-493.1640625
 10
1063.55712890625
 20
-499.0673828124999
 10
1056.21435546875
 20
-499.0673828124999
 10
1048.87109375
 20
-499.0673828124999
 10
1042.89599609375
 20
-493.1640625
 10
1042.89599609375
 20
-485.9287109374999
 10
1042.89599609375
 20
-478.6938476562499
 10
1048.87109375
 20
-472.79052734375
 10
1056.21435546875
 20
-472.79052734375
 10
1063.55712890625
 20
-472.79052734375
 10
1069.53271484375
 20
-478.6938476562499
 10
1069.53271484375
 20
-485.9287109374999
 97
        0
 97
        1
330
DA
 75
     2
 76
     1
 98
        1
 10
0.0
 20
0.0
450
        0
451
        0
460
0.0
461
0.0
452
        0
462
0.0
453
        0
470

  0
SPLINE
  5
DC
330
B5
100
AcDbEntity
  8
Layer 1
100
AcDbSpline
210
0.0
220
0.0
230
1.0
 70
    11
 71
     3
 72
    68
 73
    64
 74
     0
 42
0.0000000001
 43
0.0000000001
 40
0.0
 40
0.0
 40
0.0
 40
0.0
 40
1.0
 40
1.0
 40
1.0
 40
2.0
 40
2.0
 40
2.0
 40
3.0
 40
3.0
 40
3.0
 40
4.0
 40
4.0
 40
4.0
 40
5.0
 40
5.0
 40
5.0
 40
6.0
 40
6.0
 40
6.0
 40
7.0
 40
7.0
 40
7.0
 40
8.0
 40
8.0
 40
8.0
 40
9.0
 40
9.0
 40
9.0
 40
10.0
 40
10.0
 40
10.0
 40
11.0
 40
11.0
 40
11.0
 40
12.0
 40
12.0
 40
12.0
 40
13.0
 40
13.0
 40
13.0
 40
14.0
 40
14.0
 40
14.0
 40
15.0
 40
15.0
 40
15.0
 40
16.0
 40
16.0
 40
16.0
 40
17.0
 40
17.0
 40
17.0
 40
18.0
 40
18.0
 40
18.0
 40
19.0
 40
19.0
 40
19.0
 40
20.0
 40
20.0
 40
20.0
 40
21.0
 40
21.0
 40
21.0
 40
21.0
 10
1077.455078125
 20
-473.3305664062499
 30
0.0
 10
1077.455078125
 20
-473.3305664062499
 30
0.0
 10
1077.81494140625
 20
-473.5102539062499
 30
0.0
 10
1077.81494140625
 20
-473.5102539062499
 30
0.0
 10
1077.81494140625
 20
-473.5102539062499
 30
0.0
 10
1086.81396484375
 20
-484.4892578125
 30
0.0
 10
1086.81396484375
 20
-484.4892578125
 30
0.0
 10
1086.81396484375
 20
-484.4892578125
 30
0.0
 10
1095.81298828125
 20
-473.5102539062499
 30
0.0
 10
1095.81298828125
 20
-473.5102539062499
 30
0.0
 10
1095.81298828125
 20
-473.5102539062499
 30
0.0
 10
1096.1728515625
 20
-473.3305664062499
 30
0.0
 10
1096.1728515625
 20
-473.3305664062499
 30
0.0
 10
1096.1728515625
 20
-473.3305664062499
 30
0.0
 10
1099.232421875
 20
-473.3305664062499
 30
0.0
 10
1099.232421875
 20
-473.3305664062499
 30
0.0
 10
1099.232421875
 20
-473.3305664062499
 30
0.0
 10
1099.41259765625
 20
-473.5102539062499
 30
0.0
 10
1099.41259765625
 20
-473.5102539062499
 30
0.0
 10
1099.41259765625
 20
-473.5102539062499
 30
0.0
 10
1099.41259765625
 20
-498.3471679687499
 30
0.0
 10
1099.41259765625
 20
-498.3471679687499
 30
0.0
 10
1099.41259765625
 20
-498.3471679687499
 30
0.0
 10
1099.232421875
 20
-498.52734375
 30
0.0
 10
1099.232421875
 20
-498.52734375
 30
0.0
 10
1099.232421875
 20
-498.52734375
 30
0.0
 10
1095.99267578125
 20
-498.52734375
 30
0.0
 10
1095.99267578125
 20
-498.52734375
 30
0.0
 10
1095.99267578125
 20
-498.52734375
 30
0.0
 10
1095.81298828125
 20
-498.3471679687499
 30
0.0
 10
1095.81298828125
 20
-498.3471679687499
 30
0.0
 10
1095.81298828125
 20
-498.3471679687499
 30
0.0
 10
1095.81298828125
 20
-478.7299804687499
 30
0.0
 10
1095.81298828125
 20
-478.7299804687499
 30
0.0
 10
1095.81298828125
 20
-478.7299804687499
 30
0.0
 10
1086.994140625
 20
-489.5283203125
 30
0.0
 10
1086.994140625
 20
-489.5283203125
 30
0.0
 10
1086.994140625
 20
-489.5283203125
 30
0.0
 10
1086.6337890625
 20
-489.5283203125
 30
0.0
 10
1086.6337890625
 20
-489.5283203125
 30
0.0
 10
1086.6337890625
 20
-489.5283203125
 30
0.0
 10
1077.81494140625
 20
-478.7299804687499
 30
0.0
 10
1077.81494140625
 20
-478.7299804687499
 30
0.0
 10
1077.81494140625
 20
-478.7299804687499
 30
0.0
 10
1077.81494140625
 20
-498.3471679687499
 30
0.0
 10
1077.81494140625
 20
-498.3471679687499
 30
0.0
 10
1077.81494140625
 20
-498.3471679687499
 30
0.0
 10
1077.63525390625
 20
-498.52734375
 30
0.0
 10
1077.63525390625
 20
-498.52734375
 30
0.0
 10
1077.63525390625
 20
-498.52734375
 30
0.0
 10
1074.3955078125
 20
-498.52734375
 30
0.0
 10
1074.3955078125
 20
-498.52734375
 30
0.0
 10
1074.3955078125
 20
-498.52734375
 30
0.0
 10
1074.21533203125
 20
-498.3471679687499
 30
0.0
 10
1074.21533203125
 20
-498.3471679687499
 30
0.0
 10
1074.21533203125
 20
-498.3471679687499
 30
0.0
 10
1074.21533203125
 20
-473.5102539062499
 30
0.0
 10
1074.21533203125
 20
-473.5102539062499
 30
0.0
 10
1074.21533203125
 20
-473.5102539062499
 30
0.0
 10
1074.3955078125
 20
-473.3305664062499
 30
0.0
 10
1074.3955078125
 20
-473.3305664062499
 30
0.0
 10
1074.3955078125
 20
-473.3305664062499
 30
0.0
 10
1077.455078125
 20
-473.3305664062499
 30
0.0
 10
1077.455078125
 20
-473.3305664062499
 30
0.0
  0
HATCH
  5
DD
330
B5
100
AcDbEntity
  8
Layer 1
 62
    40
420
 16494651
440
 33554687
100
AcDbHatch
 10
0.0
 20
0.0
 30
0.0
210
0.0
220
0.0
230
1.0
  2
SOLID
 70
     1
 71
     1
 91
        1
 92
        1
 93
        1
 72
     4
 94
        3
 73
     0
 74
     0
 95
       68
 96
       64
 40
0.0
 40
0.0
 40
0.0
 40
0.0
 40
1.0
 40
1.0
 40
1.0
 40
2.0
 40
2.0
 40
2.0
 40
3.0
 40
3.0
 40
3.0
 40
4.0
 40
4.0
 40
4.0
 40
5.0
 40
5.0
 40
5.0
 40
6.0
 40
6.0
 40
6.0
 40
7.0
 40
7.0
 40
7.0
 40
8.0
 40
8.0
 40
8.0
 40
9.0
 40
9.0
 40
9.0
 40
10.0
 40
10.0
 40
10.0
 40
11.0
 40
11.0
 40
11.0
 40
12.0
 40
12.0
 40
12.0
 40
13.0
 40
13.0
 40
13.0
 40
14.0
 40
14.0
 40
14.0
 40
15.0
 40
15.0
 40
15.0
 40
16.0
 40
16.0
 40
16.0
 40
17.0
 40
17.0
 40
17.0
 40
18.0
 40
18.0
 40
18.0
 40
19.0
 40
19.0
 40
19.0
 40
20.0
 40
20.0
 40
20.0
 40
21.0
 40
21.0
 40
21.0
 40
21.0
 10
1077.455078125
 20
-473.3305664062499
 10
1077.455078125
 20
-473.3305664062499
 10
1077.81494140625
 20
-473.5102539062499
 10
1077.81494140625
 20
-473.5102539062499
 10
1077.81494140625
 20
-473.5102539062499
 10
1086.81396484375
 20
-484.4892578125
 10
1086.81396484375
 20
-484.4892578125
 10
1086.81396484375
 20
-484.4892578125
 10
1095.81298828125
 20
-473.5102539062499
 10
1095.81298828125
 20
-473.5102539062499
 10
1095.81298828125
 20
-473.5102539062499
 10
1096.1728515625
 20
-473.3305664062499
 10
1096.1728515625
 20
-473.3305664062499
 10
1096.1728515625
 20
-473.3305664062499
 10
1099.232421875
 20
-473.3305664062499
 10
1099.232421875
 20
-473.3305664062499
 10
1099.232421875
 20
-473.3305664062499
 10
1099.41259765625
 20
-473.5102539062499
 10
1099.41259765625
 20
-473.5102539062499
 10
1099.41259765625
 20
-473.5102539062499
 10
1099.41259765625
 20
-498.3471679687499
 10
1099.41259765625
 20
-498.3471679687499
 10
1099.41259765625
 20
-498.3471679687499
 10
1099.232421875
 20
-498.52734375
 10
1099.232421875
 20
-498.52734375
 10
1099.232421875
 20
-498.52734375
 10
1095.99267578125
 20
-498.52734375
 10
1095.99267578125
 20
-498.52734375
 10
1095.99267578125
 20
-498.52734375
 10
1095.81298828125
 20
-498.3471679687499
 10
1095.81298828125
 20
-498.3471679687499
 10
1095.81298828125
 20
-498.3471679687499
 10
1095.81298828125
 20
-478.7299804687499
 10
1095.81298828125
 20
-478.7299804687499
 10
1095.81298828125
 20
-478.7299804687499
 10
1086.994140625
 20
-489.5283203125
 10
1086.994140625
 20
-489.5283203125
 10
1086.994140625
 20
-489.5283203125
 10
1086.6337890625
 20
-489.5283203125
 10
1086.6337890625
 20
-489.5283203125
 10
1086.6337890625
 20
-489.5283203125
 10
1077.81494140625
 20
-478.7299804687499
 10
1077.81494140625
 20
-478.7299804687499
 10
1077.81494140625
 20
-478.7299804687499
 10
1077.81494140625
 20
-498.3471679687499
 10
1077.81494140625
 20
-498.3471679687499
 10
1077.81494140625
 20
-498.3471679687499
 10
1077.63525390625
 20
-498.52734375
 10
1077.63525390625
 20
-498.52734375
 10
1077.63525390625
 20
-498.52734375
 10
1074.3955078125
 20
-498.52734375
 10
1074.3955078125
 20
-498.52734375
 10
1074.3955078125
 20
-498.52734375
 10
1074.21533203125
 20
-498.3471679687499
 10
1074.21533203125
 20
-498.3471679687499
 10
1074.21533203125
 20
-498.3471679687499
 10
1074.21533203125
 20
-473.5102539062499
 10
1074.21533203125
 20
-473.5102539062499
 10
1074.21533203125
 20
-473.5102539062499
 10
1074.3955078125
 20
-473.3305664062499
 10
1074.3955078125
 20
-473.3305664062499
 10
1074.3955078125
 20
-473.3305664062499
 10
1077.455078125
 20
-473.3305664062499
 10
1077.455078125
 20
-473.3305664062499
 97
        0
 97
        1
330
DC
 75
     2
 76
     1
 98
        1
 10
0.0
 20
0.0
450
        0
451
        0
460
0.0
461
0.0
452
        0
462
0.0
453
        0
470

  0
SPLINE
  5
DE
330
B5
100
AcDbEntity
  8
Layer 1
100
AcDbSpline
210
0.0
220
0.0
230
1.0
 70
     9
 71
     3
 72
    17
 73
    13
 74
     0
 42
0.0000000001
 43
0.0000000001
 40
0.0
 40
0.0
 40
0.0
 40
0.0
 40
1.0
 40
1.0
 40
1.0
 40
2.0
 40
2.0
 40
2.0
 40
3.0
 40
3.0
 40
3.0
 40
4.0
 40
4.0
 40
4.0
 40
4.0
 10
1108.23486328125
 20
-485.9287109374999
 30
0.0
 10
1108.23486328125
 20
-491.1123046874999
 30
0.0
 10
1112.33837890625
 20
-495.2875976562499
 30
0.0
 10
1117.41357421875
 20
-495.2875976562499
 30
0.0
 10
1122.48876953125
 20
-495.2875976562499
 30
0.0
 10
1126.59228515625
 20
-491.1123046874999
 30
0.0
 10
1126.59228515625
 20
-485.9287109374999
 30
0.0
 10
1126.59228515625
 20
-480.74560546875
 30
0.0
 10
1122.48876953125
 20
-476.5703124999999
 30
0.0
 10
1117.41357421875
 20
-476.5703124999999
 30
0.0
 10
1112.33837890625
 20
-476.5703124999999
 30
0.0
 10
1108.23486328125
 20
-480.74560546875
 30
0.0
 10
1108.23486328125
 20
-485.9287109374999
 30
0.0
  0
SPLINE
  5
DF
330
B5
100
AcDbEntity
  8
Layer 1
100
AcDbSpline
210
0.0
220
0.0
230
1.0
 70
     9
 71
     3
 72
    17
 73
    13
 74
     0
 42
0.0000000001
 43
0.0000000001
 40
0.0
 40
0.0
 40
0.0
 40
0.0
 40
1.0
 40
1.0
 40
1.0
 40
2.0
 40
2.0
 40
2.0
 40
3.0
 40
3.0
 40
3.0
 40
4.0
 40
4.0
 40
4.0
 40
4.0
 10
1130.73193359375
 20
-485.9287109374999
 30
0.0
 10
1130.73193359375
 20
-493.1640625
 30
0.0
 10
1124.75634765625
 20
-499.0673828124999
 30
0.0
 10
1117.41357421875
 20
-499.0673828124999
 30
0.0
 10
1110.0703125
 20
-499.0673828124999
 30
0.0
 10
1104.09521484375
 20
-493.1640625
 30
0.0
 10
1104.09521484375
 20
-485.9287109374999
 30
0.0
 10
1104.09521484375
 20
-478.6938476562499
 30
0.0
 10
1110.0703125
 20
-472.79052734375
 30
0.0
 10
1117.41357421875
 20
-472.79052734375
 30
0.0
 10
1124.75634765625
 20
-472.79052734375
 30
0.0
 10
1130.73193359375
 20
-478.6938476562499
 30
0.0
 10
1130.73193359375
 20
-485.9287109374999
 30
0.0
  0
HATCH
  5
E0
330
B5
100
AcDbEntity
  8
Layer 1
 62
    40
420
 16494651
440
 33554687
100
AcDbHatch
 10
0.0
 20
0.0
 30
0.0
210
0.0
220
0.0
230
1.0
  2
SOLID
 70
     1
 71
     1
 91
        2
 92
        1
 93
        1
 72
     4
 94
        3
 73
     0
 74
     0
 95
       17
 96
       13
 40
0.0
 40
0.0
 40
0.0
 40
0.0
 40
1.0
 40
1.0
 40
1.0
 40
2.0
 40
2.0
 40
2.0
 40
3.0
 40
3.0
 40
3.0
 40
4.0
 40
4.0
 40
4.0
 40
4.0
 10
1108.23486328125
 20
-485.9287109374999
 10
1108.23486328125
 20
-491.1123046874999
 10
1112.33837890625
 20
-495.2875976562499
 10
1117.41357421875
 20
-495.2875976562499
 10
1122.48876953125
 20
-495.2875976562499
 10
1126.59228515625
 20
-491.1123046874999
 10
1126.59228515625
 20
-485.9287109374999
 10
1126.59228515625
 20
-480.74560546875
 10
1122.48876953125
 20
-476.5703124999999
 10
1117.41357421875
 20
-476.5703124999999
 10
1112.33837890625
 20
-476.5703124999999
 10
1108.23486328125
 20
-480.74560546875
 10
1108.23486328125
 20
-485.9287109374999
 97
        0
 97
        1
330
DE
 92
        1
 93
        1
 72
     4
 94
        3
 73
     0
 74
     0
 95
       17
 96
       13
 40
0.0
 40
0.0
 40
0.0
 40
0.0
 40
1.0
 40
1.0
 40
1.0
 40
2.0
 40
2.0
 40
2.0
 40
3.0
 40
3.0
 40
3.0
 40
4.0
 40
4.0
 40
4.0
 40
4.0
 10
1130.73193359375
 20
-485.9287109374999
 10
1130.73193359375
 20
-493.1640625
 10
1124.75634765625
 20
-499.0673828124999
 10
1117.41357421875
 20
-499.0673828124999
 10
1110.0703125
 20
-499.0673828124999
 10
1104.09521484375
 20
-493.1640625
 10
1104.09521484375
 20
-485.9287109374999
 10
1104.09521484375
 20
-478.6938476562499
 10
1110.0703125
 20
-472.79052734375
 10
1117.41357421875
 20
-472.79052734375
 10
1124.75634765625
 20
-472.79052734375
 10
1130.73193359375
 20
-478.6938476562499
 10
1130.73193359375
 20
-485.9287109374999
 97
        0
 97
        1
330
DF
 75
     2
 76
     1
 98
        1
 10
0.0
 20
0.0
450
        0
451
        0
460
0.0
461
0.0
452
        0
462
0.0
453
        0
470

  0
SPLINE
  5
E1
330
B5
100
AcDbEntity
  8
Layer 1
100
AcDbSpline
210
0.0
220
0.0
230
1.0
 70
    11
 71
     3
 72
    20
 73
    16
 74
     0
 42
0.0000000001
 43
0.0000000001
 40
0.0
 40
0.0
 40
0.0
 40
0.0
 40
1.0
 40
1.0
 40
1.0
 40
2.0
 40
2.0
 40
2.0
 40
3.0
 40
3.0
 40
3.0
 40
4.0
 40
4.0
 40
4.0
 40
5.0
 40
5.0
 40
5.0
 40
5.0
 10
1139.01416015625
 20
-484.1293945312499
 30
0.0
 10
1139.01416015625
 20
-484.1293945312499
 30
0.0
 10
1142.61376953125
 20
-484.1293945312499
 30
0.0
 10
1142.61376953125
 20
-484.1293945312499
 30
0.0
 10
1145.3134765625
 20
-484.1293945312499
 30
0.0
 10
1146.75341796875
 20
-482.6894531249999
 30
0.0
 10
1146.75341796875
 20
-480.52978515625
 30
0.0
 10
1146.75341796875
 20
-478.36962890625
 30
0.0
 10
1145.3134765625
 20
-476.93017578125
 30
0.0
 10
1142.61376953125
 20
-476.93017578125
 30
0.0
 10
1142.61376953125
 20
-476.93017578125
 30
0.0
 10
1139.01416015625
 20
-476.93017578125
 30
0.0
 10
1139.01416015625
 20
-476.93017578125
 30
0.0
 10
1139.01416015625
 20
-476.93017578125
 30
0.0
 10
1139.01416015625
 20
-484.1293945312499
 30
0.0
 10
1139.01416015625
 20
-484.1293945312499
 30
0.0
  0
SPLINE
  5
E2
330
B5
100
AcDbEntity
  8
Layer 1
100
AcDbSpline
210
0.0
220
0.0
230
1.0
 70
     9
 71
     3
 72
    50
 73
    46
 74
     0
 42
0.0000000001
 43
0.0000000001
 40
0.0
 40
0.0
 40
0.0
 40
0.0
 40
1.0
 40
1.0
 40
1.0
 40
2.0
 40
2.0
 40
2.0
 40
3.0
 40
3.0
 40
3.0
 40
4.0
 40
4.0
 40
4.0
 40
5.0
 40
5.0
 40
5.0
 40
6.0
 40
6.0
 40
6.0
 40
7.0
 40
7.0
 40
7.0
 40
8.0
 40
8.0
 40
8.0
 40
9.0
 40
9.0
 40
9.0
 40
10.0
 40
10.0
 40
10.0
 40
11.0
 40
11.0
 40
11.0
 40
12.0
 40
12.0
 40
12.0
 40
13.0
 40
13.0
 40
13.0
 40
14.0
 40
14.0
 40
14.0
 40
15.0
 40
15.0
 40
15.0
 40
15.0
 10
1142.61376953125
 20
-473.3305664062499
 30
0.0
 10
1147.6533203125
 20
-473.3305664062499
 30
0.0
 10
1150.89306640625
 20
-476.3901367187499
 30
0.0
 10
1150.89306640625
 20
-480.52978515625
 30
0.0
 10
1150.89306640625
 20
-483.4091796874999
 30
0.0
 10
1149.27294921875
 20
-485.9287109374999
 30
0.0
 10
1146.5732421875
 20
-487.0087890625
 30
0.0
 10
1146.5732421875
 20
-487.0087890625
 30
0.0
 10
1154.8525390625
 20
-498.3471679687499
 30
0.0
 10
1154.8525390625
 20
-498.3471679687499
 30
0.0
 10
1154.8525390625
 20
-498.3471679687499
 30
0.0
 10
1154.67236328125
 20
-498.52734375
 30
0.0
 10
1154.67236328125
 20
-498.52734375
 30
0.0
 10
1154.67236328125
 20
-498.52734375
 30
0.0
 10
1150.35302734375
 20
-498.52734375
 30
0.0
 10
1150.35302734375
 20
-498.52734375
 30
0.0
 10
1150.35302734375
 20
-498.52734375
 30
0.0
 10
1150.1728515625
 20
-498.3471679687499
 30
0.0
 10
1150.1728515625
 20
-498.3471679687499
 30
0.0
 10
1150.1728515625
 20
-498.3471679687499
 30
0.0
 10
1142.25390625
 20
-487.728515625
 30
0.0
 10
1142.25390625
 20
-487.728515625
 30
0.0
 10
1142.25390625
 20
-487.728515625
 30
0.0
 10
1139.01416015625
 20
-487.728515625
 30
0.0
 10
1139.01416015625
 20
-487.728515625
 30
0.0
 10
1139.01416015625
 20
-487.728515625
 30
0.0
 10
1139.01416015625
 20
-498.3471679687499
 30
0.0
 10
1139.01416015625
 20
-498.3471679687499
 30
0.0
 10
1139.01416015625
 20
-498.3471679687499
 30
0.0
 10
1138.83447265625
 20
-498.52734375
 30
0.0
 10
1138.83447265625
 20
-498.52734375
 30
0.0
 10
1138.83447265625
 20
-498.52734375
 30
0.0
 10
1135.5947265625
 20
-498.52734375
 30
0.0
 10
1135.5947265625
 20
-498.52734375
 30
0.0
 10
1135.5947265625
 20
-498.52734375
 30
0.0
 10
1135.41455078125
 20
-498.3471679687499
 30
0.0
 10
1135.41455078125
 20
-498.3471679687499
 30
0.0
 10
1135.41455078125
 20
-498.3471679687499
 30
0.0
 10
1135.41455078125
 20
-473.5102539062499
 30
0.0
 10
1135.41455078125
 20
-473.5102539062499
 30
0.0
 10
1135.41455078125
 20
-473.5102539062499
 30
0.0
 10
1135.5947265625
 20
-473.3305664062499
 30
0.0
 10
1135.5947265625
 20
-473.3305664062499
 30
0.0
 10
1135.5947265625
 20
-473.3305664062499
 30
0.0
 10
1142.61376953125
 20
-473.3305664062499
 30
0.0
 10
1142.61376953125
 20
-473.3305664062499
 30
0.0
  0
HATCH
  5
E3
330
B5
100
AcDbEntity
  8
Layer 1
 62
    40
420
 16494651
440
 33554687
100
AcDbHatch
 10
0.0
 20
0.0
 30
0.0
210
0.0
220
0.0
230
1.0
  2
SOLID
 70
     1
 71
     1
 91
        2
 92
        1
 93
        1
 72
     4
 94
        3
 73
     0
 74
     0
 95
       20
 96
       16
 40
0.0
 40
0.0
 40
0.0
 40
0.0
 40
1.0
 40
1.0
 40
1.0
 40
2.0
 40
2.0
 40
2.0
 40
3.0
 40
3.0
 40
3.0
 40
4.0
 40
4.0
 40
4.0
 40
5.0
 40
5.0
 40
5.0
 40
5.0
 10
1139.01416015625
 20
-484.1293945312499
 10
1139.01416015625
 20
-484.1293945312499
 10
1142.61376953125
 20
-484.1293945312499
 10
1142.61376953125
 20
-484.1293945312499
 10
1145.3134765625
 20
-484.1293945312499
 10
1146.75341796875
 20
-482.6894531249999
 10
1146.75341796875
 20
-480.52978515625
 10
1146.75341796875
 20
-478.36962890625
 10
1145.3134765625
 20
-476.93017578125
 10
1142.61376953125
 20
-476.93017578125
 10
1142.61376953125
 20
-476.93017578125
 10
1139.01416015625
 20
-476.93017578125
 10
1139.01416015625
 20
-476.93017578125
 10
1139.01416015625
 20
-476.93017578125
 10
1139.01416015625
 20
-484.1293945312499
 10
1139.01416015625
 20
-484.1293945312499
 97
        0
 97
        1
330
E1
 92
        1
 93
        1
 72
     4
 94
        3
 73
     0
 74
     0
 95
       50
 96
       46
 40
0.0
 40
0.0
 40
0.0
 40
0.0
 40
1.0
 40
1.0
 40
1.0
 40
2.0
 40
2.0
 40
2.0
 40
3.0
 40
3.0
 40
3.0
 40
4.0
 40
4.0
 40
4.0
 40
5.0
 40
5.0
 40
5.0
 40
6.0
 40
6.0
 40
6.0
 40
7.0
 40
7.0
 40
7.0
 40
8.0
 40
8.0
 40
8.0
 40
9.0
 40
9.0
 40
9.0
 40
10.0
 40
10.0
 40
10.0
 40
11.0
 40
11.0
 40
11.0
 40
12.0
 40
12.0
 40
12.0
 40
13.0
 40
13.0
 40
13.0
 40
14.0
 40
14.0
 40
14.0
 40
15.0
 40
15.0
 40
15.0
 40
15.0
 10
1142.61376953125
 20
-473.3305664062499
 10
1147.6533203125
 20
-473.3305664062499
 10
1150.89306640625
 20
-476.3901367187499
 10
1150.89306640625
 20
-480.52978515625
 10
1150.89306640625
 20
-483.4091796874999
 10
1149.27294921875
 20
-485.9287109374999
 10
1146.5732421875
 20
-487.0087890625
 10
1146.5732421875
 20
-487.0087890625
 10
1154.8525390625
 20
-498.3471679687499
 10
1154.8525390625
 20
-498.3471679687499
 10
1154.8525390625
 20
-498.3471679687499
 10
1154.67236328125
 20
-498.52734375
 10
1154.67236328125
 20
-498.52734375
 10
1154.67236328125
 20
-498.52734375
 10
1150.35302734375
 20
-498.52734375
 10
1150.35302734375
 20
-498.52734375
 10
1150.35302734375
 20
-498.52734375
 10
1150.1728515625
 20
-498.3471679687499
 10
1150.1728515625
 20
-498.3471679687499
 10
1150.1728515625
 20
-498.3471679687499
 10
1142.25390625
 20
-487.728515625
 10
1142.25390625
 20
-487.728515625
 10
1142.25390625
 20
-487.728515625
 10
1139.01416015625
 20
-487.728515625
 10
1139.01416015625
 20
-487.728515625
 10
1139.01416015625
 20
-487.728515625
 10
1139.01416015625
 20
-498.3471679687499
 10
1139.01416015625
 20
-498.3471679687499
 10
1139.01416015625
 20
-498.3471679687499
 10
1138.83447265625
 20
-498.52734375
 10
1138.83447265625
 20
-498.52734375
 10
1138.83447265625
 20
-498.52734375
 10
1135.5947265625
 20
-498.52734375
 10
1135.5947265625
 20
-498.52734375
 10
1135.5947265625
 20
-498.52734375
 10
1135.41455078125
 20
-498.3471679687499
 10
1135.41455078125
 20
-498.3471679687499
 10
1135.41455078125
 20
-498.3471679687499
 10
1135.41455078125
 20
-473.5102539062499
 10
1135.41455078125
 20
-473.5102539062499
 10
1135.41455078125
 20
-473.5102539062499
 10
1135.5947265625
 20
-473.3305664062499
 10
1135.5947265625
 20
-473.3305664062499
 10
1135.5947265625
 20
-473.3305664062499
 10
1142.61376953125
 20
-473.3305664062499
 10
1142.61376953125
 20
-473.3305664062499
 97
        0
 97
        1
330
E2
 75
     2
 76
     1
 98
        1
 10
0.0
 20
0.0
450
        0
451
        0
460
0.0
461
0.0
452
        0
462
0.0
453
        0
470

  0
SPLINE
  5
E4
330
B5
100
AcDbEntity
  8
Layer 1
100
AcDbSpline
210
0.0
220
0.0
230
1.0
 70
    11
 71
     3
 72
    20
 73
    16
 74
     0
 42
0.0000000001
 43
0.0000000001
 40
0.0
 40
0.0
 40
0.0
 40
0.0
 40
1.0
 40
1.0
 40
1.0
 40
2.0
 40
2.0
 40
2.0
 40
3.0
 40
3.0
 40
3.0
 40
4.0
 40
4.0
 40
4.0
 40
5.0
 40
5.0
 40
5.0
 40
5.0
 10
1161.69384765625
 20
-484.1293945312499
 30
0.0
 10
1161.69384765625
 20
-484.1293945312499
 30
0.0
 10
1165.29345703125
 20
-484.1293945312499
 30
0.0
 10
1165.29345703125
 20
-484.1293945312499
 30
0.0
 10
1167.9931640625
 20
-484.1293945312499
 30
0.0
 10
1169.43310546875
 20
-482.6894531249999
 30
0.0
 10
1169.43310546875
 20
-480.52978515625
 30
0.0
 10
1169.43310546875
 20
-478.36962890625
 30
0.0
 10
1167.9931640625
 20
-476.93017578125
 30
0.0
 10
1165.29345703125
 20
-476.93017578125
 30
0.0
 10
1165.29345703125
 20
-476.93017578125
 30
0.0
 10
1161.69384765625
 20
-476.93017578125
 30
0.0
 10
1161.69384765625
 20
-476.93017578125
 30
0.0
 10
1161.69384765625
 20
-476.93017578125
 30
0.0
 10
1161.69384765625
 20
-484.1293945312499
 30
0.0
 10
1161.69384765625
 20
-484.1293945312499
 30
0.0
  0
SPLINE
  5
E5
330
B5
100
AcDbEntity
  8
Layer 1
100
AcDbSpline
210
0.0
220
0.0
230
1.0
 70
     9
 71
     3
 72
    50
 73
    46
 74
     0
 42
0.0000000001
 43
0.0000000001
 40
0.0
 40
0.0
 40
0.0
 40
0.0
 40
1.0
 40
1.0
 40
1.0
 40
2.0
 40
2.0
 40
2.0
 40
3.0
 40
3.0
 40
3.0
 40
4.0
 40
4.0
 40
4.0
 40
5.0
 40
5.0
 40
5.0
 40
6.0
 40
6.0
 40
6.0
 40
7.0
 40
7.0
 40
7.0
 40
8.0
 40
8.0
 40
8.0
 40
9.0
 40
9.0
 40
9.0
 40
10.0
 40
10.0
 40
10.0
 40
11.0
 40
11.0
 40
11.0
 40
12.0
 40
12.0
 40
12.0
 40
13.0
 40
13.0
 40
13.0
 40
14.0
 40
14.0
 40
14.0
 40
15.0
 40
15.0
 40
15.0
 40
15.0
 10
1165.29345703125
 20
-473.3305664062499
 30
0.0
 10
1170.3330078125
 20
-473.3305664062499
 30
0.0
 10
1173.57275390625
 20
-476.3901367187499
 30
0.0
 10
1173.57275390625
 20
-480.52978515625
 30
0.0
 10
1173.57275390625
 20
-483.4091796874999
 30
0.0
 10
1171.95263671875
 20
-485.9287109374999
 30
0.0
 10
1169.2529296875
 20
-487.0087890625
 30
0.0
 10
1169.2529296875
 20
-487.0087890625
 30
0.0
 10
1177.5322265625
 20
-498.3471679687499
 30
0.0
 10
1177.5322265625
 20
-498.3471679687499
 30
0.0
 10
1177.5322265625
 20
-498.3471679687499
 30
0.0
 10
1177.35205078125
 20
-498.52734375
 30
0.0
 10
1177.35205078125
 20
-498.52734375
 30
0.0
 10
1177.35205078125
 20
-498.52734375
 30
0.0
 10
1173.03271484375
 20
-498.52734375
 30
0.0
 10
1173.03271484375
 20
-498.52734375
 30
0.0
 10
1173.03271484375
 20
-498.52734375
 30
0.0
 10
1172.8525390625
 20
-498.3471679687499
 30
0.0
 10
1172.8525390625
 20
-498.3471679687499
 30
0.0
 10
1172.8525390625
 20
-498.3471679687499
 30
0.0
 10
1164.93359375
 20
-487.728515625
 30
0.0
 10
1164.93359375
 20
-487.728515625
 30
0.0
 10
1164.93359375
 20
-487.728515625
 30
0.0
 10
1161.69384765625
 20
-487.728515625
 30
0.0
 10
1161.69384765625
 20
-487.728515625
 30
0.0
 10
1161.69384765625
 20
-487.728515625
 30
0.0
 10
1161.69384765625
 20
-498.3471679687499
 30
0.0
 10
1161.69384765625
 20
-498.3471679687499
 30
0.0
 10
1161.69384765625
 20
-498.3471679687499
 30
0.0
 10
1161.51416015625
 20
-498.52734375
 30
0.0
 10
1161.51416015625
 20
-498.52734375
 30
0.0
 10
1161.51416015625
 20
-498.52734375
 30
0.0
 10
1158.2744140625
 20
-498.52734375
 30
0.0
 10
1158.2744140625
 20
-498.52734375
 30
0.0
 10
1158.2744140625
 20
-498.52734375
 30
0.0
 10
1158.09423828125
 20
-498.3471679687499
 30
0.0
 10
1158.09423828125
 20
-498.3471679687499
 30
0.0
 10
1158.09423828125
 20
-498.3471679687499
 30
0.0
 10
1158.09423828125
 20
-473.5102539062499
 30
0.0
 10
1158.09423828125
 20
-473.5102539062499
 30
0.0
 10
1158.09423828125
 20
-473.5102539062499
 30
0.0
 10
1158.2744140625
 20
-473.3305664062499
 30
0.0
 10
1158.2744140625
 20
-473.3305664062499
 30
0.0
 10
1158.2744140625
 20
-473.3305664062499
 30
0.0
 10
1165.29345703125
 20
-473.3305664062499
 30
0.0
 10
1165.29345703125
 20
-473.3305664062499
 30
0.0
  0
HATCH
  5
E6
330
B5
100
AcDbEntity
  8
Layer 1
 62
    40
420
 16494651
440
 33554687
100
AcDbHatch
 10
0.0
 20
0.0
 30
0.0
210
0.0
220
0.0
230
1.0
  2
SOLID
 70
     1
 71
     1
 91
        2
 92
        1
 93
        1
 72
     4
 94
        3
 73
     0
 74
     0
 95
       20
 96
       16
 40
0.0
 40
0.0
 40
0.0
 40
0.0
 40
1.0
 40
1.0
 40
1.0
 40
2.0
 40
2.0
 40
2.0
 40
3.0
 40
3.0
 40
3.0
 40
4.0
 40
4.0
 40
4.0
 40
5.0
 40
5.0
 40
5.0
 40
5.0
 10
1161.69384765625
 20
-484.1293945312499
 10
1161.69384765625
 20
-484.1293945312499
 10
1165.29345703125
 20
-484.1293945312499
 10
1165.29345703125
 20
-484.1293945312499
 10
1167.9931640625
 20
-484.1293945312499
 10
1169.43310546875
 20
-482.6894531249999
 10
1169.43310546875
 20
-480.52978515625
 10
1169.43310546875
 20
-478.36962890625
 10
1167.9931640625
 20
-476.93017578125
 10
1165.29345703125
 20
-476.93017578125
 10
1165.29345703125
 20
-476.93017578125
 10
1161.69384765625
 20
-476.93017578125
 10
1161.69384765625
 20
-476.93017578125
 10
1161.69384765625
 20
-476.93017578125
 10
1161.69384765625
 20
-484.1293945312499
 10
1161.69384765625
 20
-484.1293945312499
 97
        0
 97
        1
330
E4
 92
        1
 93
        1
 72
     4
 94
        3
 73
     0
 74
     0
 95
       50
 96
       46
 40
0.0
 40
0.0
 40
0.0
 40
0.0
 40
1.0
 40
1.0
 40
1.0
 40
2.0
 40
2.0
 40
2.0
 40
3.0
 40
3.0
 40
3.0
 40
4.0
 40
4.0
 40
4.0
 40
5.0
 40
5.0
 40
5.0
 40
6.0
 40
6.0
 40
6.0
 40
7.0
 40
7.0
 40
7.0
 40
8.0
 40
8.0
 40
8.0
 40
9.0
 40
9.0
 40
9.0
 40
10.0
 40
10.0
 40
10.0
 40
11.0
 40
11.0
 40
11.0
 40
12.0
 40
12.0
 40
12.0
 40
13.0
 40
13.0
 40
13.0
 40
14.0
 40
14.0
 40
14.0
 40
15.0
 40
15.0
 40
15.0
 40
15.0
 10
1165.29345703125
 20
-473.3305664062499
 10
1170.3330078125
 20
-473.3305664062499
 10
1173.57275390625
 20
-476.3901367187499
 10
1173.57275390625
 20
-480.52978515625
 10
1173.57275390625
 20
-483.4091796874999
 10
1171.95263671875
 20
-485.9287109374999
 10
1169.2529296875
 20
-487.0087890625
 10
1169.2529296875
 20
-487.0087890625
 10
1177.5322265625
 20
-498.3471679687499
 10
1177.5322265625
 20
-498.3471679687499
 10
1177.5322265625
 20
-498.3471679687499
 10
1177.35205078125
 20
-498.52734375
 10
1177.35205078125
 20
-498.52734375
 10
1177.35205078125
 20
-498.52734375
 10
1173.03271484375
 20
-498.52734375
 10
1173.03271484375
 20
-498.52734375
 10
1173.03271484375
 20
-498.52734375
 10
1172.8525390625
 20
-498.3471679687499
 10
1172.8525390625
 20
-498.3471679687499
 10
1172.8525390625
 20
-498.3471679687499
 10
1164.93359375
 20
-487.728515625
 10
1164.93359375
 20
-487.728515625
 10
1164.93359375
 20
-487.728515625
 10
1161.69384765625
 20
-487.728515625
 10
1161.69384765625
 20
-487.728515625
 10
1161.69384765625
 20
-487.728515625
 10
1161.69384765625
 20
-498.3471679687499
 10
1161.69384765625
 20
-498.3471679687499
 10
1161.69384765625
 20
-498.3471679687499
 10
1161.51416015625
 20
-498.52734375
 10
1161.51416015625
 20
-498.52734375
 10
1161.51416015625
 20
-498.52734375
 10
1158.2744140625
 20
-498.52734375
 10
1158.2744140625
 20
-498.52734375
 10
1158.2744140625
 20
-498.52734375
 10
1158.09423828125
 20
-498.3471679687499
 10
1158.09423828125
 20
-498.3471679687499
 10
1158.09423828125
 20
-498.3471679687499
 10
1158.09423828125
 20
-473.5102539062499
 10
1158.09423828125
 20
-473.5102539062499
 10
1158.09423828125
 20
-473.5102539062499
 10
1158.2744140625
 20
-473.3305664062499
 10
1158.2744140625
 20
-473.3305664062499
 10
1158.2744140625
 20
-473.3305664062499
 10
1165.29345703125
 20
-473.3305664062499
 10
1165.29345703125
 20
-473.3305664062499
 97
        0
 97
        1
330
E5
 75
     2
 76
     1
 98
        1
 10
0.0
 20
0.0
450
        0
451
        0
460
0.0
461
0.0
452
        0
462
0.0
453
        0
470

  0
SPLINE
  5
E7
330
B5
100
AcDbEntity
  8
Layer 1
100
AcDbSpline
210
0.0
220
0.0
230
1.0
 70
     9
 71
     3
 72
    17
 73
    13
 74
     0
 42
0.0000000001
 43
0.0000000001
 40
0.0
 40
0.0
 40
0.0
 40
0.0
 40
1.0
 40
1.0
 40
1.0
 40
2.0
 40
2.0
 40
2.0
 40
3.0
 40
3.0
 40
3.0
 40
4.0
 40
4.0
 40
4.0
 40
4.0
 10
1182.03466796875
 20
-485.9287109374999
 30
0.0
 10
1182.03466796875
 20
-491.1123046874999
 30
0.0
 10
1186.13818359375
 20
-495.2875976562499
 30
0.0
 10
1191.21337890625
 20
-495.2875976562499
 30
0.0
 10
1196.28857421875
 20
-495.2875976562499
 30
0.0
 10
1200.39208984375
 20
-491.1123046874999
 30
0.0
 10
1200.39208984375
 20
-485.9287109374999
 30
0.0
 10
1200.39208984375
 20
-480.74560546875
 30
0.0
 10
1196.28857421875
 20
-476.5703124999999
 30
0.0
 10
1191.21337890625
 20
-476.5703124999999
 30
0.0
 10
1186.13818359375
 20
-476.5703124999999
 30
0.0
 10
1182.03466796875
 20
-480.74560546875
 30
0.0
 10
1182.03466796875
 20
-485.9287109374999
 30
0.0
  0
SPLINE
  5
E8
330
B5
100
AcDbEntity
  8
Layer 1
100
AcDbSpline
210
0.0
220
0.0
230
1.0
 70
     9
 71
     3
 72
    17
 73
    13
 74
     0
 42
0.0000000001
 43
0.0000000001
 40
0.0
 40
0.0
 40
0.0
 40
0.0
 40
1.0
 40
1.0
 40
1.0
 40
2.0
 40
2.0
 40
2.0
 40
3.0
 40
3.0
 40
3.0
 40
4.0
 40
4.0
 40
4.0
 40
4.0
 10
1204.53173828125
 20
-485.9287109374999
 30
0.0
 10
1204.53173828125
 20
-493.1640625
 30
0.0
 10
1198.55615234375
 20
-499.0673828124999
 30
0.0
 10
1191.21337890625
 20
-499.0673828124999
 30
0.0
 10
1183.8701171875
 20
-499.0673828124999
 30
0.0
 10
1177.89501953125
 20
-493.1640625
 30
0.0
 10
1177.89501953125
 20
-485.9287109374999
 30
0.0
 10
1177.89501953125
 20
-478.6938476562499
 30
0.0
 10
1183.8701171875
 20
-472.79052734375
 30
0.0
 10
1191.21337890625
 20
-472.79052734375
 30
0.0
 10
1198.55615234375
 20
-472.79052734375
 30
0.0
 10
1204.53173828125
 20
-478.6938476562499
 30
0.0
 10
1204.53173828125
 20
-485.9287109374999
 30
0.0
  0
HATCH
  5
E9
330
B5
100
AcDbEntity
  8
Layer 1
 62
    40
420
 16494651
440
 33554687
100
AcDbHatch
 10
0.0
 20
0.0
 30
0.0
210
0.0
220
0.0
230
1.0
  2
SOLID
 70
     1
 71
     1
 91
        2
 92
        1
 93
        1
 72
     4
 94
        3
 73
     0
 74
     0
 95
       17
 96
       13
 40
0.0
 40
0.0
 40
0.0
 40
0.0
 40
1.0
 40
1.0
 40
1.0
 40
2.0
 40
2.0
 40
2.0
 40
3.0
 40
3.0
 40
3.0
 40
4.0
 40
4.0
 40
4.0
 40
4.0
 10
1182.03466796875
 20
-485.9287109374999
 10
1182.03466796875
 20
-491.1123046874999
 10
1186.13818359375
 20
-495.2875976562499
 10
1191.21337890625
 20
-495.2875976562499
 10
1196.28857421875
 20
-495.2875976562499
 10
1200.39208984375
 20
-491.1123046874999
 10
1200.39208984375
 20
-485.9287109374999
 10
1200.39208984375
 20
-480.74560546875
 10
1196.28857421875
 20
-476.5703124999999
 10
1191.21337890625
 20
-476.5703124999999
 10
1186.13818359375
 20
-476.5703124999999
 10
1182.03466796875
 20
-480.74560546875
 10
1182.03466796875
 20
-485.9287109374999
 97
        0
 97
        1
330
E7
 92
        1
 93
        1
 72
     4
 94
        3
 73
     0
 74
     0
 95
       17
 96
       13
 40
0.0
 40
0.0
 40
0.0
 40
0.0
 40
1.0
 40
1.0
 40
1.0
 40
2.0
 40
2.0
 40
2.0
 40
3.0
 40
3.0
 40
3.0
 40
4.0
 40
4.0
 40
4.0
 40
4.0
 10
1204.53173828125
 20
-485.9287109374999
 10
1204.53173828125
 20
-493.1640625
 10
1198.55615234375
 20
-499.0673828124999
 10
1191.21337890625
 20
-499.0673828124999
 10
1183.8701171875
 20
-499.0673828124999
 10
1177.89501953125
 20
-493.1640625
 10
1177.89501953125
 20
-485.9287109374999
 10
1177.89501953125
 20
-478.6938476562499
 10
1183.8701171875
 20
-472.79052734375
 10
1191.21337890625
 20
-472.79052734375
 10
1198.55615234375
 20
-472.79052734375
 10
1204.53173828125
 20
-478.6938476562499
 10
1204.53173828125
 20
-485.9287109374999
 97
        0
 97
        1
330
E8
 75
     2
 76
     1
 98
        1
 10
0.0
 20
0.0
450
        0
451
        0
460
0.0
461
0.0
452
        0
462
0.0
453
        0
470

  0
SPLINE
  5
EA
330
B5
100
AcDbEntity
  8
Layer 1
100
AcDbSpline
210
0.0
220
0.0
230
1.0
 70
    11
 71
     3
 72
    74
 73
    70
 74
     0
 42
0.0000000001
 43
0.0000000001
 40
0.0
 40
0.0
 40
0.0
 40
0.0
 40
1.0
 40
1.0
 40
1.0
 40
2.0
 40
2.0
 40
2.0
 40
3.0
 40
3.0
 40
3.0
 40
4.0
 40
4.0
 40
4.0
 40
5.0
 40
5.0
 40
5.0
 40
6.0
 40
6.0
 40
6.0
 40
7.0
 40
7.0
 40
7.0
 40
8.0
 40
8.0
 40
8.0
 40
9.0
 40
9.0
 40
9.0
 40
10.0
 40
10.0
 40
10.0
 40
11.0
 40
11.0
 40
11.0
 40
12.0
 40
12.0
 40
12.0
 40
13.0
 40
13.0
 40
13.0
 40
14.0
 40
14.0
 40
14.0
 40
15.0
 40
15.0
 40
15.0
 40
16.0
 40
16.0
 40
16.0
 40
17.0
 40
17.0
 40
17.0
 40
18.0
 40
18.0
 40
18.0
 40
19.0
 40
19.0
 40
19.0
 40
20.0
 40
20.0
 40
20.0
 40
21.0
 40
21.0
 40
21.0
 40
22.0
 40
22.0
 40
22.0
 40
23.0
 40
23.0
 40
23.0
 40
23.0
 10
1209.7548828125
 20
-473.3305664062499
 30
0.0
 10
1209.7548828125
 20
-473.3305664062499
 30
0.0
 10
1209.9345703125
 20
-473.5102539062499
 30
0.0
 10
1209.9345703125
 20
-473.5102539062499
 30
0.0
 10
1209.9345703125
 20
-473.5102539062499
 30
0.0
 10
1215.69384765625
 20
-492.587890625
 30
0.0
 10
1215.69384765625
 20
-492.587890625
 30
0.0
 10
1215.69384765625
 20
-492.587890625
 30
0.0
 10
1221.2734375
 20
-473.87060546875
 30
0.0
 10
1221.2734375
 20
-473.87060546875
 30
0.0
 10
1221.2734375
 20
-473.87060546875
 30
0.0
 10
1221.453125
 20
-473.6904296875
 30
0.0
 10
1221.453125
 20
-473.6904296875
 30
0.0
 10
1221.453125
 20
-473.6904296875
 30
0.0
 10
1225.052734375
 20
-473.6904296875
 30
0.0
 10
1225.052734375
 20
-473.6904296875
 30
0.0
 10
1225.052734375
 20
-473.6904296875
 30
0.0
 10
1225.23291015625
 20
-473.87060546875
 30
0.0
 10
1225.23291015625
 20
-473.87060546875
 30
0.0
 10
1225.23291015625
 20
-473.87060546875
 30
0.0
 10
1230.81201171875
 20
-492.587890625
 30
0.0
 10
1230.81201171875
 20
-492.587890625
 30
0.0
 10
1230.81201171875
 20
-492.587890625
 30
0.0
 10
1236.5712890625
 20
-473.5102539062499
 30
0.0
 10
1236.5712890625
 20
-473.5102539062499
 30
0.0
 10
1236.5712890625
 20
-473.5102539062499
 30
0.0
 10
1236.75146484375
 20
-473.3305664062499
 30
0.0
 10
1236.75146484375
 20
-473.3305664062499
 30
0.0
 10
1236.75146484375
 20
-473.3305664062499
 30
0.0
 10
1240.35107421875
 20
-473.3305664062499
 30
0.0
 10
1240.35107421875
 20
-473.3305664062499
 30
0.0
 10
1240.35107421875
 20
-473.3305664062499
 30
0.0
 10
1240.53076171875
 20
-473.5102539062499
 30
0.0
 10
1240.53076171875
 20
-473.5102539062499
 30
0.0
 10
1240.53076171875
 20
-473.5102539062499
 30
0.0
 10
1232.7919921875
 20
-498.3471679687499
 30
0.0
 10
1232.7919921875
 20
-498.3471679687499
 30
0.0
 10
1232.7919921875
 20
-498.3471679687499
 30
0.0
 10
1232.61181640625
 20
-498.52734375
 30
0.0
 10
1232.61181640625
 20
-498.52734375
 30
0.0
 10
1232.61181640625
 20
-498.52734375
 30
0.0
 10
1229.1923828125
 20
-498.52734375
 30
0.0
 10
1229.1923828125
 20
-498.52734375
 30
0.0
 10
1229.1923828125
 20
-498.52734375
 30
0.0
 10
1229.01220703125
 20
-498.3471679687499
 30
0.0
 10
1229.01220703125
 20
-498.3471679687499
 30
0.0
 10
1229.01220703125
 20
-498.3471679687499
 30
0.0
 10
1223.2529296875
 20
-479.8095703125
 30
0.0
 10
1223.2529296875
 20
-479.8095703125
 30
0.0
 10
1223.2529296875
 20
-479.8095703125
 30
0.0
 10
1217.49365234375
 20
-498.3471679687499
 30
0.0
 10
1217.49365234375
 20
-498.3471679687499
 30
0.0
 10
1217.49365234375
 20
-498.3471679687499
 30
0.0
 10
1217.31396484375
 20
-498.52734375
 30
0.0
 10
1217.31396484375
 20
-498.52734375
 30
0.0
 10
1217.31396484375
 20
-498.52734375
 30
0.0
 10
1213.89404296875
 20
-498.52734375
 30
0.0
 10
1213.89404296875
 20
-498.52734375
 30
0.0
 10
1213.89404296875
 20
-498.52734375
 30
0.0
 10
1213.71435546875
 20
-498.3471679687499
 30
0.0
 10
1213.71435546875
 20
-498.3471679687499
 30
0.0
 10
1213.71435546875
 20
-498.3471679687499
 30
0.0
 10
1205.97509765625
 20
-473.5102539062499
 30
0.0
 10
1205.97509765625
 20
-473.5102539062499
 30
0.0
 10
1205.97509765625
 20
-473.5102539062499
 30
0.0
 10
1206.1552734375
 20
-473.3305664062499
 30
0.0
 10
1206.1552734375
 20
-473.3305664062499
 30
0.0
 10
1206.1552734375
 20
-473.3305664062499
 30
0.0
 10
1209.7548828125
 20
-473.3305664062499
 30
0.0
 10
1209.7548828125
 20
-473.3305664062499
 30
0.0
  0
HATCH
  5
EB
330
B5
100
AcDbEntity
  8
Layer 1
 62
    40
420
 16494651
440
 33554687
100
AcDbHatch
 10
0.0
 20
0.0
 30
0.0
210
0.0
220
0.0
230
1.0
  2
SOLID
 70
     1
 71
     1
 91
        1
 92
        1
 93
        1
 72
     4
 94
        3
 73
     0
 74
     0
 95
       74
 96
       70
 40
0.0
 40
0.0
 40
0.0
 40
0.0
 40
1.0
 40
1.0
 40
1.0
 40
2.0
 40
2.0
 40
2.0
 40
3.0
 40
3.0
 40
3.0
 40
4.0
 40
4.0
 40
4.0
 40
5.0
 40
5.0
 40
5.0
 40
6.0
 40
6.0
 40
6.0
 40
7.0
 40
7.0
 40
7.0
 40
8.0
 40
8.0
 40
8.0
 40
9.0
 40
9.0
 40
9.0
 40
10.0
 40
10.0
 40
10.0
 40
11.0
 40
11.0
 40
11.0
 40
12.0
 40
12.0
 40
12.0
 40
13.0
 40
13.0
 40
13.0
 40
14.0
 40
14.0
 40
14.0
 40
15.0
 40
15.0
 40
15.0
 40
16.0
 40
16.0
 40
16.0
 40
17.0
 40
17.0
 40
17.0
 40
18.0
 40
18.0
 40
18.0
 40
19.0
 40
19.0
 40
19.0
 40
20.0
 40
20.0
 40
20.0
 40
21.0
 40
21.0
 40
21.0
 40
22.0
 40
22.0
 40
22.0
 40
23.0
 40
23.0
 40
23.0
 40
23.0
 10
1209.7548828125
 20
-473.3305664062499
 10
1209.7548828125
 20
-473.3305664062499
 10
1209.9345703125
 20
-473.5102539062499
 10
1209.9345703125
 20
-473.5102539062499
 10
1209.9345703125
 20
-473.5102539062499
 10
1215.69384765625
 20
-492.587890625
 10
1215.69384765625
 20
-492.587890625
 10
1215.69384765625
 20
-492.587890625
 10
1221.2734375
 20
-473.87060546875
 10
1221.2734375
 20
-473.87060546875
 10
1221.2734375
 20
-473.87060546875
 10
1221.453125
 20
-473.6904296875
 10
1221.453125
 20
-473.6904296875
 10
1221.453125
 20
-473.6904296875
 10
1225.052734375
 20
-473.6904296875
 10
1225.052734375
 20
-473.6904296875
 10
1225.052734375
 20
-473.6904296875
 10
1225.23291015625
 20
-473.87060546875
 10
1225.23291015625
 20
-473.87060546875
 10
1225.23291015625
 20
-473.87060546875
 10
1230.81201171875
 20
-492.587890625
 10
1230.81201171875
 20
-492.587890625
 10
1230.81201171875
 20
-492.587890625
 10
1236.5712890625
 20
-473.5102539062499
 10
1236.5712890625
 20
-473.5102539062499
 10
1236.5712890625
 20
-473.5102539062499
 10
1236.75146484375
 20
-473.3305664062499
 10
1236.75146484375
 20
-473.3305664062499
 10
1236.75146484375
 20
-473.3305664062499
 10
1240.35107421875
 20
-473.3305664062499
 10
1240.35107421875
 20
-473.3305664062499
 10
1240.35107421875
 20
-473.3305664062499
 10
1240.53076171875
 20
-473.5102539062499
 10
1240.53076171875
 20
-473.5102539062499
 10
1240.53076171875
 20
-473.5102539062499
 10
1232.7919921875
 20
-498.3471679687499
 10
1232.7919921875
 20
-498.3471679687499
 10
1232.7919921875
 20
-498.3471679687499
 10
1232.61181640625
 20
-498.52734375
 10
1232.61181640625
 20
-498.52734375
 10
1232.61181640625
 20
-498.52734375
 10
1229.1923828125
 20
-498.52734375
 10
1229.1923828125
 20
-498.52734375
 10
1229.1923828125
 20
-498.52734375
 10
1229.01220703125
 20
-498.3471679687499
 10
1229.01220703125
 20
-498.3471679687499
 10
1229.01220703125
 20
-498.3471679687499
 10
1223.2529296875
 20
-479.8095703125
 10
1223.2529296875
 20
-479.8095703125
 10
1223.2529296875
 20
-479.8095703125
 10
1217.49365234375
 20
-498.3471679687499
 10
1217.49365234375
 20
-498.3471679687499
 10
1217.49365234375
 20
-498.3471679687499
 10
1217.31396484375
 20
-498.52734375
 10
1217.31396484375
 20
-498.52734375
 10
1217.31396484375
 20
-498.52734375
 10
1213.89404296875
 20
-498.52734375
 10
1213.89404296875
 20
-498.52734375
 10
1213.89404296875
 20
-498.52734375
 10
1213.71435546875
 20
-498.3471679687499
 10
1213.71435546875
 20
-498.3471679687499
 10
1213.71435546875
 20
-498.3471679687499
 10
1205.97509765625
 20
-473.5102539062499
 10
1205.97509765625
 20
-473.5102539062499
 10
1205.97509765625
 20
-473.5102539062499
 10
1206.1552734375
 20
-473.3305664062499
 10
1206.1552734375
 20
-473.3305664062499
 10
1206.1552734375
 20
-473.3305664062499
 10
1209.7548828125
 20
-473.3305664062499
 10
1209.7548828125
 20
-473.3305664062499
 97
        0
 97
        1
330
EA
 75
     2
 76
     1
 98
        1
 10
0.0
 20
0.0
450
        0
451
        0
460
0.0
461
0.0
452
        0
462
0.0
453
        0
470

  0
ENDBLK
  5
B8
330
B5
100
AcDbEntity
  8
0
100
AcDbBlockEnd
  0
ENDSEC
  0
SECTION
  2
ENTITIES
  0
LWPOLYLINE
  5
79
330
70
100
AcDbEntity
  8
Layer 1
100
AcDbPolyline
 90
        4
 70
     1
 43
0.0
 10
1311.285714285714
 20
-551.428571428566
 10
131.2857142857146
 20
-551.428571428566
 10
131.2857142857146
 20
-331.4285714285716
 10
1311.285714285714
 20
-331.4285714285716
  0
HATCH
  5
7A
330
70
100
AcDbEntity
  8
Layer 1
 62
    18
420
        0
440
 33554687
100
AcDbHatch
 10
0.0
 20
0.0
 30
0.0
210
0.0
220
0.0
230
1.0
  2
SOLID
 70
     1
 71
     1
 91
        1
 92
        1
 93
        4
 72
     1
 10
1311.285714285714
 20
-551.428571428566
 11
131.2857142857146
 21
-551.428571428566
 72
     1
 10
131.2857142857146
 20
-551.428571428566
 11
131.2857142857146
 21
-331.4285714285716
 72
     1
 10
131.2857142857146
 20
-331.4285714285716
 11
1311.285714285714
 21
-331.4285714285716
 72
     1
 10
1311.285714285714
 20
-331.4285714285716
 11
1311.285714285714
 21
-551.428571428566
 97
        1
330
79
 75
     2
 76
     1
 98
        1
 10
0.0
 20
0.0
450
        0
451
        0
460
0.0
461
0.0
452
        0
462
0.0
453
        0
470

  0
INSERT
  5
7C
330
70
100
AcDbEntity
  8
Layer 1
100
AcDbBlockReference
  2
Block_0
 10
0.0
 20
0.0
 30
0.0
  0
INSERT
  5
A2
330
70
100
AcDbEntity
  8
Layer 1
100
AcDbBlockReference
  2
Block_1
 10
0.0
 20
0.0
 30
0.0
  0
INSERT
  5
B6
330
70
100
AcDbEntity
  8
Layer 1
100
AcDbBlockReference
  2
Block_2
 10
0.0
 20
0.0
 30
0.0
  0
ENDSEC
  0
SECTION
  2
OBJECTS
  0
DICTIONARY
  5
C
330
0
100
AcDbDictionary
281
     1
  3
ACAD_COLOR
350
63
  3
ACAD_DETAILVIEWSTYLE
350
6A
  3
ACAD_GROUP
350
D
  3
ACAD_LAYOUT
350
62
  3
ACAD_MATERIAL
350
10
  3
ACAD_MLEADERSTYLE
350
66
  3
ACAD_MLINESTYLE
350
5F
  3
ACAD_PLOTSETTINGS
350
61
  3
ACAD_PLOTSTYLENAME
350
E
  3
ACAD_SCALELIST
350
42
  3
ACAD_SECTIONVIEWSTYLE
350
68
  3
ACAD_TABLESTYLE
350
64
  3
ACAD_VISUALSTYLE
350
29
  3
ACDB_RECOMPOSE_DATA
350
F4
  3
AcDbVariableDictionary
350
EC
  0
DICTIONARY
  5
63
102
{ACAD_REACTORS
330
C
102
}
330
C
100
AcDbDictionary
281
     1
  0
DICTIONARY
  5
6A
102
{ACAD_REACTORS
330
C
102
}
330
C
100
AcDbDictionary
281
     1
  3
Imperial24
350
6B
  0
DICTIONARY
  5
D
102
{ACAD_REACTORS
330
C
102
}
330
C
100
AcDbDictionary
281
     1
  0
DICTIONARY
  5
62
102
{ACAD_REACTORS
330
C
102
}
330
C
100
AcDbDictionary
281
     1
  3
Layout1
350
6F
  3
Layout2
350
77
  3
Model
350
73
  0
DICTIONARY
  5
10
102
{ACAD_REACTORS
330
C
102
}
330
C
100
AcDbDictionary
281
     1
  3
ByBlock
350
19
  3
ByLayer
350
11
  3
Global
350
21
  0
DICTIONARY
  5
66
102
{ACAD_REACTORS
330
C
102
}
330
C
100
AcDbDictionary
281
     1
  3
Standard
350
67
  0
DICTIONARY
  5
5F
102
{ACAD_REACTORS
330
C
102
}
330
C
100
AcDbDictionary
281
     1
  3
Standard
350
60
  0
DICTIONARY
  5
61
102
{ACAD_REACTORS
330
C
102
}
330
C
100
AcDbDictionary
281
     1
  0
ACDBDICTIONARYWDFLT
  5
E
102
{ACAD_REACTORS
330
C
102
}
330
C
100
AcDbDictionary
281
     1
  3
Normal
350
F
100
AcDbDictionaryWithDefault
340
F
  0
DICTIONARY
  5
42
102
{ACAD_REACTORS
330
C
102
}
330
C
100
AcDbDictionary
281
     1
  3
A0
350
43
  3
A1
350
44
  3
A2
350
45
  3
A3
350
46
  3
A4
350
47
  3
A5
350
48
  3
A6
350
49
  3
A7
350
4A
  3
A8
350
4B
  3
A9
350
4C
  3
B0
350
4D
  3
B1
350
4E
  3
B2
350
4F
  3
B3
350
50
  3
B4
350
51
  3
B5
350
52
  3
B6
350
53
  0
DICTIONARY
  5
68
102
{ACAD_REACTORS
330
C
102
}
330
C
100
AcDbDictionary
281
     1
  3
Imperial24
350
69
  0
DICTIONARY
  5
64
102
{ACAD_REACTORS
330
C
102
}
330
C
100
AcDbDictionary
281
     1
  3
Standard
350
65
  0
DICTIONARY
  5
29
102
{ACAD_REACTORS
330
C
102
}
330
C
100
AcDbDictionary
281
     1
  3
2dWireframe
350
2F
  3
Basic
350
2E
  3
Brighten
350
35
  3
ColorChange
350
39
  3
Conceptual
350
32
  3
Dim
350
34
  3
EdgeColorOff
350
41
  3
Facepattern
350
38
  3
Flat
350
2A
  3
FlatWithEdges
350
2B
  3
Gouraud
350
2C
  3
GouraudWithEdges
350
2D
  3
Hidden
350
31
  3
JitterOff
350
3F
  3
Linepattern
350
37
  3
OverhangOff
350
40
  3
Realistic
350
33
  3
Shaded
350
3E
  3
Shaded with edges
350
3D
  3
Shades of Gray
350
3A
  3
Sketchy
350
3B
  3
Thicken
350
36
  3
Wireframe
350
30
  3
X-Ray
350
3C
  0
XRECORD
  5
F4
102
{ACAD_REACTORS
330
C
102
}
330
C
100
AcDbXrecord
280
     1
 90
        1
330
65
  0
DICTIONARY
  5
EC
102
{ACAD_REACTORS
330
C
102
}
330
C
100
AcDbDictionary
281
     1
  3
CANNOSCALE
350
F1
  3
CMLEADERSTYLE
350
EE
  3
CTABLESTYLE
350
ED
  3
CVIEWDETAILSTYLE
350
EF
  3
CVIEWSECTIONSTYLE
350
F0
  0
ACDBDETAILVIEWSTYLE
  5
6B
102
{ACAD_REACTORS
330
6A
102
}
330
6A
100
AcDbModelDocViewStyle
 70
     0
  3
Imperial24
290
     1
300
Imperial24
 90
        0
100
AcDbDetailViewStyle
 70
     0
 71
     0
 90
        3
 71
     1
340
55
 62
   256
 40
0.24
340
0
 62
   256
 40
0.24
300

 40
0.36
280
     3
 71
     2
340
5D
 90
       25
 62
   256
 71
     3
340
55
 62
   256
 40
0.24
 90
        1
 40
0.75
 90
        1
300
%<\AcVar ViewType \f "%tc1">% %<\AcVar ViewDetailId>%\PSCALE %<\AcVar ViewScale \f "%sn">%
 71
     4
340
5D
 90
       25
 62
   256
340
5D
 90
       25
 62
   256
280
     0
  0
LAYOUT
  5
6F
102
{ACAD_REACTORS
330
62
102
}
330
62
100
AcDbPlotSettings
  1

  2

  4

  6

 40
0.0
 41
0.0
 42
0.0
 43
0.0
 44
0.0
 45
0.0
 46
0.0
 47
0.0
 48
0.0
 49
0.0
140
0.0
141
0.0
142
1.0
143
1.0
 70
   688
 72
     0
 73
     0
 74
     5
  7

 75
    16
147
1.0
 76
     0
 77
     2
 78
   300
148
0.0
149
0.0
100
AcDbLayout
  1
Layout1
 70
     1
 71
     1
 10
0.0
 20
0.0
 11
12.0
 21
9.0
 12
0.0
 22
0.0
 32
0.0
 14
0.0
 24
0.0
 34
0.0
 15
0.0
 25
0.0
 35
0.0
146
0.0
 13
0.0
 23
0.0
 33
0.0
 16
1.0
 26
0.0
 36
0.0
 17
0.0
 27
1.0
 37
0.0
 76
     0
330
6C
  0
LAYOUT
  5
77
102
{ACAD_REACTORS
330
62
102
}
330
62
100
AcDbPlotSettings
  1

  2

  4

  6

 40
0.0
 41
0.0
 42
0.0
 43
0.0
 44
0.0
 45
0.0
 46
0.0
 47
0.0
 48
0.0
 49
0.0
140
0.0
141
0.0
142
1.0
143
1.0
 70
   688
 72
     0
 73
     0
 74
     5
  7

 75
    16
147
1.0
 76
     0
 77
     2
 78
   300
148
0.0
149
0.0
100
AcDbLayout
  1
Layout2
 70
     1
 71
     2
 10
0.0
 20
0.0
 11
12.0
 21
9.0
 12
0.0
 22
0.0
 32
0.0
 14
0.0
 24
0.0
 34
0.0
 15
0.0
 25
0.0
 35
0.0
146
0.0
 13
0.0
 23
0.0
 33
0.0
 16
1.0
 26
0.0
 36
0.0
 17
0.0
 27
1.0
 37
0.0
 76
     0
330
74
  0
LAYOUT
  5
73
102
{ACAD_REACTORS
330
62
102
}
330
62
100
AcDbPlotSettings
  1

  2

  4

  6

 40
0.0
 41
0.0
 42
0.0
 43
0.0
 44
0.0
 45
0.0
 46
0.0
 47
0.0
 48
0.0
 49
0.0
140
0.0
141
0.0
142
1.0
143
1.0
 70
  1712
 72
     0
 73
     0
 74
     0
  7

 75
     0
147
1.0
 76
     0
 77
     2
 78
   300
148
0.0
149
0.0
100
AcDbLayout
  1
Model
 70
     1
 71
     0
 10
0.0
 20
0.0
 11
12.0
 21
9.0
 12
0.0
 22
0.0
 32
0.0
 14
0.0
 24
0.0
 34
0.0
 15
0.0
 25
0.0
 35
0.0
146
0.0
 13
0.0
 23
0.0
 33
0.0
 16
1.0
 26
0.0
 36
0.0
 17
0.0
 27
1.0
 37
0.0
 76
     0
330
70
  0
MATERIAL
  5
19
102
{ACAD_XDICTIONARY
360
1A
102
}
102
{ACAD_REACTORS
330
10
102
}
330
10
100
AcDbMaterial
  1
ByBlock
 72
     0
 43
0.0208333333333333
 43
0.0
 43
0.0
 43
0.0
 43
0.0
 43
0.0208333333333333
 43
0.0
 43
0.0
 43
0.0
 43
0.0
 43
1.0
 43
0.0
 43
0.0
 43
0.0
 43
0.0
 43
1.0
 77
     0
 47
0.0208333333333333
 47
0.0
 47
0.0
 47
0.0
 47
0.0
 47
0.0208333333333333
 47
0.0
 47
0.0
 47
0.0
 47
0.0
 47
1.0
 47
0.0
 47
0.0
 47
0.0
 47
0.0
 47
1.0
171
     0
 49
0.0208333333333333
 49
0.0
 49
0.0
 49
0.0
 49
0.0
 49
0.0208333333333333
 49
0.0
 49
0.0
 49
0.0
 49
0.0
 49
1.0
 49
0.0
 49
0.0
 49
0.0
 49
0.0
 49
1.0
175
     0
142
0.0208333333333333
142
0.0
142
0.0
142
0.0
142
0.0
142
0.0208333333333333
142
0.0
142
0.0
142
0.0
142
0.0
142
1.0
142
0.0
142
0.0
142
0.0
142
0.0
142
1.0
179
     0
144
0.0208333333333333
144
0.0
144
0.0
144
0.0
144
0.0
144
0.0208333333333333
144
0.0
144
0.0
144
0.0
144
0.0
144
1.0
144
0.0
144
0.0
144
0.0
144
0.0
144
1.0
147
0.0208333333333333
147
0.0
147
0.0
147
0.0
147
0.0
147
0.0208333333333333
147
0.0
147
0.0
147
0.0
147
0.0
147
1.0
147
0.0
147
0.0
147
0.0
147
0.0
147
1.0
  0
MATERIAL
  5
11
102
{ACAD_XDICTIONARY
360
12
102
}
102
{ACAD_REACTORS
330
10
102
}
330
10
100
AcDbMaterial
  1
ByLayer
 72
     0
 43
0.0208333333333333
 43
0.0
 43
0.0
 43
0.0
 43
0.0
 43
0.0208333333333333
 43
0.0
 43
0.0
 43
0.0
 43
0.0
 43
1.0
 43
0.0
 43
0.0
 43
0.0
 43
0.0
 43
1.0
 77
     0
 47
0.0208333333333333
 47
0.0
 47
0.0
 47
0.0
 47
0.0
 47
0.0208333333333333
 47
0.0
 47
0.0
 47
0.0
 47
0.0
 47
1.0
 47
0.0
 47
0.0
 47
0.0
 47
0.0
 47
1.0
171
     0
 49
0.0208333333333333
 49
0.0
 49
0.0
 49
0.0
 49
0.0
 49
0.0208333333333333
 49
0.0
 49
0.0
 49
0.0
 49
0.0
 49
1.0
 49
0.0
 49
0.0
 49
0.0
 49
0.0
 49
1.0
175
     0
142
0.0208333333333333
142
0.0
142
0.0
142
0.0
142
0.0
142
0.0208333333333333
142
0.0
142
0.0
142
0.0
142
0.0
142
1.0
142
0.0
142
0.0
142
0.0
142
0.0
142
1.0
179
     0
144
0.0208333333333333
144
0.0
144
0.0
144
0.0
144
0.0
144
0.0208333333333333
144
0.0
144
0.0
144
0.0
144
0.0
144
1.0
144
0.0
144
0.0
144
0.0
144
0.0
144
1.0
147
0.0208333333333333
147
0.0
147
0.0
147
0.0
147
0.0
147
0.0208333333333333
147
0.0
147
0.0
147
0.0
147
0.0
147
1.0
147
0.0
147
0.0
147
0.0
147
0.0
147
1.0
  0
MATERIAL
  5
21
102
{ACAD_XDICTIONARY
360
22
102
}
102
{ACAD_REACTORS
330
10
102
}
330
10
100
AcDbMaterial
  1
Global
 72
     0
 43
0.0208333333333333
 43
0.0
 43
0.0
 43
0.0
 43
0.0
 43
0.0208333333333333
 43
0.0
 43
0.0
 43
0.0
 43
0.0
 43
1.0
 43
0.0
 43
0.0
 43
0.0
 43
0.0
 43
1.0
 77
     0
 47
0.0208333333333333
 47
0.0
 47
0.0
 47
0.0
 47
0.0
 47
0.0208333333333333
 47
0.0
 47
0.0
 47
0.0
 47
0.0
 47
1.0
 47
0.0
 47
0.0
 47
0.0
 47
0.0
 47
1.0
171
     0
 49
0.0208333333333333
 49
0.0
 49
0.0
 49
0.0
 49
0.0
 49
0.0208333333333333
 49
0.0
 49
0.0
 49
0.0
 49
0.0
 49
1.0
 49
0.0
 49
0.0
 49
0.0
 49
0.0
 49
1.0
175
     0
142
0.0208333333333333
142
0.0
142
0.0
142
0.0
142
0.0
142
0.0208333333333333
142
0.0
142
0.0
142
0.0
142
0.0
142
1.0
142
0.0
142
0.0
142
0.0
142
0.0
142
1.0
179
     0
144
0.0208333333333333
144
0.0
144
0.0
144
0.0
144
0.0
144
0.0208333333333333
144
0.0
144
0.0
144
0.0
144
0.0
144
1.0
144
0.0
144
0.0
144
0.0
144
0.0
144
1.0
147
0.0208333333333333
147
0.0
147
0.0
147
0.0
147
0.0
147
0.0208333333333333
147
0.0
147
0.0
147
0.0
147
0.0
147
1.0
147
0.0
147
0.0
147
0.0
147
0.0
147
1.0
  0
MLEADERSTYLE
  5
67
102
{ACAD_REACTORS
330
66
102
}
330
66
100
AcDbMLeaderStyle
179
     2
170
     2
171
     1
172
     0
 90
        2
 40
0.0
 41
0.0
173
     1
 91
-1056964608
340
5B
 92
       -2
290
     1
 42
0.09
291
     1
 43
0.36
  3
Standard
 44
0.18
300

342
55
174
     1
178
     6
175
     1
176
     0
 93
-1056964608
 45
0.18
292
     0
297
     0
 46
0.18
 94
-1056964608
 47
1.0
 49
1.0
140
1.0
293
     1
141
0.0
294
     1
177
     0
142
1.0
295
     1
296
     0
143
0.125
271
     0
272
     9
273
     9
298
     1
  0
MLINESTYLE
  5
60
102
{ACAD_REACTORS
330
5F
102
}
330
5F
100
AcDbMlineStyle
  2
STANDARD
 70
     0
  3

 62
   256
 51
90.0
 52
90.0
 71
     2
 49
0.5
 62
   256
  6
BYLAYER
 49
-0.5
 62
   256
  6
BYLAYER
  0
ACDBPLACEHOLDER
  5
F
102
{ACAD_REACTORS
330
E
102
}
330
E
  0
SCALE
  5
43
102
{ACAD_REACTORS
330
42
102
}
330
42
100
AcDbScale
 70
     0
300
1:1
140
1.0
141
1.0
290
     1
  0
SCALE
  5
44
102
{ACAD_REACTORS
330
42
102
}
330
42
100
AcDbScale
 70
     0
300
1/128" = 1'-0"
140
0.0078125
141
12.0
290
     0
  0
SCALE
  5
45
102
{ACAD_REACTORS
330
42
102
}
330
42
100
AcDbScale
 70
     0
300
1/64" = 1'-0"
140
0.015625
141
12.0
290
     0
  0
SCALE
  5
46
102
{ACAD_REACTORS
330
42
102
}
330
42
100
AcDbScale
 70
     0
300
1/32" = 1'-0"
140
0.03125
141
12.0
290
     0
  0
SCALE
  5
47
102
{ACAD_REACTORS
330
42
102
}
330
42
100
AcDbScale
 70
     0
300
1/16" = 1'-0"
140
0.0625
141
12.0
290
     0
  0
SCALE
  5
48
102
{ACAD_REACTORS
330
42
102
}
330
42
100
AcDbScale
 70
     0
300
3/32" = 1'-0"
140
0.09375
141
12.0
290
     0
  0
SCALE
  5
49
102
{ACAD_REACTORS
330
42
102
}
330
42
100
AcDbScale
 70
     0
300
1/8" = 1'-0"
140
0.125
141
12.0
290
     0
  0
SCALE
  5
4A
102
{ACAD_REACTORS
330
42
102
}
330
42
100
AcDbScale
 70
     0
300
3/16" = 1'-0"
140
0.1875
141
12.0
290
     0
  0
SCALE
  5
4B
102
{ACAD_REACTORS
330
42
102
}
330
42
100
AcDbScale
 70
     0
300
1/4" = 1'-0"
140
0.25
141
12.0
290
     0
  0
SCALE
  5
4C
102
{ACAD_REACTORS
330
42
102
}
330
42
100
AcDbScale
 70
     0
300
3/8" = 1'-0"
140
0.375
141
12.0
290
     0
  0
SCALE
  5
4D
102
{ACAD_REACTORS
330
42
102
}
330
42
100
AcDbScale
 70
     0
300
1/2" = 1'-0"
140
0.5
141
12.0
290
     0
  0
SCALE
  5
4E
102
{ACAD_REACTORS
330
42
102
}
330
42
100
AcDbScale
 70
     0
300
3/4" = 1'-0"
140
0.75
141
12.0
290
     0
  0
SCALE
  5
4F
102
{ACAD_REACTORS
330
42
102
}
330
42
100
AcDbScale
 70
     0
300
1" = 1'-0"
140
1.0
141
12.0
290
     0
  0
SCALE
  5
50
102
{ACAD_REACTORS
330
42
102
}
330
42
100
AcDbScale
 70
     0
300
1-1/2" = 1'-0"
140
1.5
141
12.0
290
     0
  0
SCALE
  5
51
102
{ACAD_REACTORS
330
42
102
}
330
42
100
AcDbScale
 70
     0
300
3" = 1'-0"
140
3.0
141
12.0
290
     0
  0
SCALE
  5
52
102
{ACAD_REACTORS
330
42
102
}
330
42
100
AcDbScale
 70
     0
300
6" = 1'-0"
140
6.0
141
12.0
290
     0
  0
SCALE
  5
53
102
{ACAD_REACTORS
330
42
102
}
330
42
100
AcDbScale
 70
     0
300
1'-0" = 1'-0"
140
12.0
141
12.0
290
     0
  0
ACDBSECTIONVIEWSTYLE
  5
69
102
{ACAD_REACTORS
330
68
102
}
330
68
100
AcDbModelDocViewStyle
 70
     0
  3
Imperial24
290
     1
300
Imperial24
 90
        0
100
AcDbSectionViewStyle
 70
     0
 71
     0
 90
       78
 71
     1
340
55
 62
   256
 40
0.24
340
0
340
0
 62
   256
 40
0.24
300
I, O, Q, S, X, Z
 40
0.48
 90
        3
 40
0.18
 90
        1
 71
     2
340
5D
 90
       25
 62
   256
340
5D
 90
       50
 62
   256
 40
0.24
 40
0.0
 40
0.24
 71
     3
340
55
 62
   256
 40
0.24
 90
        1
 40
0.75
 90
        1
300
%<\AcVar ViewType \f "%tc1">% %<\AcVar ViewSectionStartId>%-%<\AcVar ViewSectionEndId>%\PSCALE %<\AcVar ViewScale \f "%sn">%
 71
     4
 62
   256
 62
   257
300
ANSI31
 40
1.0
 90
        0
290
     0
290
     0
 90
        6
 40
0.0
 40
1.570796326794896
 40
0.2617993877991494
 40
1.308996938995747
 40
-0.2617993877991494
 40
1.832595714594046
  0
TABLESTYLE
  5
65
102
{ACAD_XDICTIONARY
360
F2
102
}
102
{ACAD_REACTORS
330
64
102
}
330
64
100
AcDbTableStyle
280
     0
  3
Standard
 70
     0
 71
     0
 40
0.06
 41
0.06
280
     0
281
     0
  7
Standard
140
0.18
170
     2
 62
     0
 63
     7
283
     0
 90
      512
 91
        0
  1

274
    -2
284
     1
 64
     0
275
    -2
285
     1
 65
     0
276
    -2
286
     1
 66
     0
277
    -2
287
     1
 67
     0
278
    -2
288
     1
 68
     0
279
    -2
289
     1
 69
     0
  7
Standard
140
0.25
170
     5
 62
     0
 63
     7
283
     0
 90
      512
 91
        0
  1

274
    -2
284
     1
 64
     0
275
    -2
285
     1
 65
     0
276
    -2
286
     1
 66
     0
277
    -2
287
     1
 67
     0
278
    -2
288
     1
 68
     0
279
    -2
289
     1
 69
     0
  7
Standard
140
0.18
170
     5
 62
     0
 63
     7
283
     0
 90
      512
 91
        0
  1

274
    -2
284
     1
 64
     0
275
    -2
285
     1
 65
     0
276
    -2
286
     1
 66
     0
277
    -2
287
     1
 67
     0
278
    -2
288
     1
 68
     0
279
    -2
289
     1
 69
     0
  0
VISUALSTYLE
  5
2F
102
{ACAD_REACTORS
330
29
102
}
330
29
100
AcDbVisualStyle
  2
2dWireframe
 70
     4
177
     3
291
     0
 70
    58
 90
        0
176
     1
 90
        2
176
     1
 90
        0
176
     1
 90
        0
176
     1
 40
0.6
176
     1
 40
30.0
176
     1
 62
     7
420
 16777215
176
     1
 90
        1
176
     1
 90
        4
176
     1
 62
     7
176
     1
 62
   257
176
     1
 90
        1
176
     1
 90
        1
176
     1
 40
1.0
176
     1
 90
        0
176
     1
 62
   257
176
     1
 40
1.0
176
     1
 90
        1
176
     1
 90
        6
176
     1
 90
        2
176
     1
 62
     7
176
     1
 90
        5
176
     1
 90
        0
176
     1
 90
        0
176
     1
290
     0
176
     1
 90
        1
176
     1
 40
0.0
176
     1
 90
        0
176
     1
290
     1
176
     1
290
     1
176
     1
290
     0
176
     1
290
     0
176
     1
290
     0
176
     1
290
     0
176
     1
290
     0
176
     1
290
     0
176
     1
290
     0
176
     1
 90
       50
176
     1
 40
0.0
176
     1
 40
1.0
176
     1
 90
        0
176
     1
 62
    18
420
        0
176
     1
 90
       50
176
     1
 90
        3
176
     1
 62
     5
420
      255
176
     1
290
     0
176
     1
 90
       50
176
     1
 90
       50
176
     1
 90
       50
176
     1
290
     0
176
     1
 90
       50
176
     1
 62
   256
176
     0
 40
1.0
176
     0
 90
        2
176
     1
  1
strokes_ogs.tif
176
     1
290
     0
176
     1
 40
1.0
176
     1
 40
1.0
176
     1
  0
VISUALSTYLE
  5
2E
102
{ACAD_REACTORS
330
29
102
}
330
29
100
AcDbVisualStyle
  2
Basic
 70
     7
177
     3
291
     1
 70
    58
 90
        1
176
     1
 90
        0
176
     1
 90
        1
176
     1
 90
        0
176
     1
 40
0.6
176
     1
 40
30.0
176
     1
 62
     7
420
 16777215
176
     1
 90
        0
176
     1
 90
        4
176
     1
 62
     7
176
     1
 62
   257
176
     1
 90
        1
176
     1
 90
        1
176
     1
 40
1.0
176
     1
 90
        8
176
     1
 62
     7
176
     1
 40
1.0
176
     1
 90
        1
176
     1
 90
        6
176
     1
 90
        2
176
     1
 62
     7
176
     1
 90
        5
176
     1
 90
        0
176
     1
 90
        0
176
     1
290
     0
176
     1
 90
        1
176
     1
 40
0.0
176
     1
 90
        0
176
     1
290
     0
176
     1
290
     1
176
     1
290
     1
176
     1
290
     0
176
     1
290
     0
176
     1
290
     0
176
     1
290
     0
176
     1
290
     0
176
     1
290
     0
176
     1
 90
       50
176
     1
 40
0.0
176
     1
 40
1.0
176
     1
 90
        0
176
     1
 62
    18
420
        0
176
     1
 90
       50
176
     1
 90
        3
176
     1
 62
     5
420
      255
176
     1
290
     0
176
     1
 90
       50
176
     1
 90
       50
176
     1
 90
       50
176
     1
290
     0
176
     1
 90
       50
176
     1
 62
   256
176
     0
 40
1.0
176
     0
 90
        2
176
     1
  1
strokes_ogs.tif
176
     1
290
     0
176
     1
 40
1.0
176
     1
 40
1.0
176
     1
  0
VISUALSTYLE
  5
35
102
{ACAD_REACTORS
330
29
102
}
330
29
100
AcDbVisualStyle
  2
Brighten
 70
    12
177
     3
291
     1
 70
    58
 90
        2
176
     1
 90
        2
176
     1
 90
        0
176
     1
 90
        0
176
     1
 40
0.6
176
     1
 40
30.0
176
     1
 62
     7
420
 16777215
176
     1
 90
        1
176
     1
 90
        4
176
     1
 62
     7
176
     1
 62
   257
176
     1
 90
        1
176
     1
 90
        1
176
     1
 40
1.0
176
     1
 90
        8
176
     1
 62
     7
176
     1
 40
1.0
176
     1
 90
        1
176
     1
 90
        6
176
     1
 90
        2
176
     1
 62
     7
176
     1
 90
        5
176
     1
 90
        0
176
     1
 90
        0
176
     1
290
     0
176
     1
 90
        1
176
     1
 40
50.0
176
     1
 90
        0
176
     1
290
     0
176
     1
290
     1
176
     1
290
     1
176
     1
290
     0
176
     1
290
     0
176
     1
290
     0
176
     1
290
     0
176
     1
290
     0
176
     1
290
     0
176
     1
 90
       50
176
     1
 40
0.0
176
     1
 40
1.0
176
     1
 90
        0
176
     1
 62
    18
420
        0
176
     1
 90
       50
176
     1
 90
        3
176
     1
 62
     5
420
      255
176
     1
290
     0
176
     1
 90
       50
176
     1
 90
       50
176
     1
 90
       50
176
     1
290
     0
176
     1
 90
       50
176
     1
 62
   256
176
     0
 40
1.0
176
     0
 90
        2
176
     1
  1
strokes_ogs.tif
176
     1
290
     0
176
     1
 40
1.0
176
     1
 40
1.0
176
     1
  0
VISUALSTYLE
  5
39
102
{ACAD_REACTORS
330
29
102
}
330
29
100
AcDbVisualStyle
  2
ColorChange
 70
    16
177
     3
291
     1
 70
    58
 90
        2
176
     1
 90
        2
176
     1
 90
        3
176
     1
 90
        0
176
     1
 40
0.6
176
     1
 40
30.0
176
     1
 62
     8
420
  8421504
176
     1
 90
        1
176
     1
 90
        4
176
     1
 62
     7
176
     1
 62
   257
176
     1
 90
        1
176
     1
 90
        1
176
     1
 40
1.0
176
     1
 90
        8
176
     1
 62
     8
420
  8421504
176
     1
 40
1.0
176
     1
 90
        1
176
     1
 90
        6
176
     1
 90
        2
176
     1
 62
     7
176
     1
 90
        5
176
     1
 90
        0
176
     1
 90
        0
176
     1
290
     0
176
     1
 90
        1
176
     1
 40
0.0
176
     1
 90
        0
176
     1
290
     0
176
     1
290
     1
176
     1
290
     1
176
     1
290
     0
176
     1
290
     0
176
     1
290
     0
176
     1
290
     0
176
     1
290
     0
176
     1
290
     0
176
     1
 90
       50
176
     1
 40
0.0
176
     1
 40
1.0
176
     1
 90
        0
176
     1
 62
    18
420
        0
176
     1
 90
       50
176
     1
 90
        3
176
     1
 62
     5
420
      255
176
     1
290
     0
176
     1
 90
       50
176
     1
 90
       50
176
     1
 90
       50
176
     1
290
     0
176
     1
 90
       50
176
     1
 62
   256
176
     0
 40
1.0
176
     0
 90
        2
176
     1
  1
strokes_ogs.tif
176
     1
290
     0
176
     1
 40
1.0
176
     1
 40
1.0
176
     1
  0
VISUALSTYLE
  5
32
102
{ACAD_REACTORS
330
29
102
}
330
29
100
AcDbVisualStyle
  2
Conceptual
 70
     9
177
     3
291
     0
 70
    58
 90
        3
176
     1
 90
        2
176
     1
 90
        0
176
     1
 90
        0
176
     1
 40
0.6
176
     1
 40
30.0
176
     1
 62
     7
420
 16777215
176
     1
 90
        2
176
     1
 90
        2
176
     1
 62
     7
176
     1
 62
   257
176
     1
 90
        1
176
     1
 90
        1
176
     1
 40
179.0
176
     1
 90
        8
176
     1
 62
     7
176
     1
 40
1.0
176
     1
 90
        1
176
     1
 90
        6
176
     1
 90
        2
176
     1
 62
     7
176
     1
 90
        3
176
     1
 90
        0
176
     1
 90
        0
176
     1
290
     0
176
     1
 90
        1
176
     1
 40
0.0
176
     1
 90
        0
176
     1
290
     0
176
     1
290
     1
176
     1
290
     1
176
     1
290
     0
176
     1
290
     0
176
     1
290
     0
176
     1
290
     0
176
     1
290
     0
176
     1
290
     0
176
     1
 90
       50
176
     1
 40
0.0
176
     1
 40
1.0
176
     1
 90
        0
176
     1
 62
    18
420
        0
176
     1
 90
       50
176
     1
 90
        3
176
     1
 62
     5
420
      255
176
     1
290
     0
176
     1
 90
       50
176
     1
 90
       50
176
     1
 90
       50
176
     1
290
     0
176
     1
 90
       50
176
     1
 62
   256
176
     0
 40
1.0
176
     0
 90
        2
176
     1
  1
strokes_ogs.tif
176
     1
290
     0
176
     1
 40
1.0
176
     1
 40
1.0
176
     1
  0
VISUALSTYLE
  5
34
102
{ACAD_REACTORS
330
29
102
}
330
29
100
AcDbVisualStyle
  2
Dim
 70
    11
177
     3
291
     1
 70
    58
 90
        2
176
     1
 90
        2
176
     1
 90
        0
176
     1
 90
        0
176
     1
 40
0.6
176
     1
 40
30.0
176
     1
 62
     7
420
 16777215
176
     1
 90
        1
176
     1
 90
        4
176
     1
 62
     7
176
     1
 62
   257
176
     1
 90
        1
176
     1
 90
        1
176
     1
 40
1.0
176
     1
 90
        8
176
     1
 62
     7
176
     1
 40
1.0
176
     1
 90
        1
176
     1
 90
        6
176
     1
 90
        2
176
     1
 62
     7
176
     1
 90
        5
176
     1
 90
        0
176
     1
 90
        0
176
     1
290
     0
176
     1
 90
        1
176
     1
 40
-50.0
176
     1
 90
        0
176
     1
290
     0
176
     1
290
     1
176
     1
290
     1
176
     1
290
     0
176
     1
290
     0
176
     1
290
     0
176
     1
290
     0
176
     1
290
     0
176
     1
290
     0
176
     1
 90
       50
176
     1
 40
0.0
176
     1
 40
1.0
176
     1
 90
        0
176
     1
 62
    18
420
        0
176
     1
 90
       50
176
     1
 90
        3
176
     1
 62
     5
420
      255
176
     1
290
     0
176
     1
 90
       50
176
     1
 90
       50
176
     1
 90
       50
176
     1
290
     0
176
     1
 90
       50
176
     1
 62
   256
176
     0
 40
1.0
176
     0
 90
        2
176
     1
  1
strokes_ogs.tif
176
     1
290
     0
176
     1
 40
1.0
176
     1
 40
1.0
176
     1
  0
VISUALSTYLE
  5
41
102
{ACAD_REACTORS
330
29
102
}
330
29
100
AcDbVisualStyle
  2
EdgeColorOff
 70
    22
177
     3
291
     1
 70
    58
 90
        2
176
     0
 90
        2
176
     0
 90
        0
176
     0
 90
        0
176
     0
 40
0.6
176
     0
 40
30.0
176
     0
 62
     7
420
 16777215
176
     0
 90
        1
176
     0
 90
        4
176
     0
 62
     7
176
     0
 62
   257
176
     0
 90
        1
176
     0
 90
        1
176
     0
 40
1.0
176
     0
 90
        8
176
     2
 62
     7
176
     0
 40
1.0
176
     0
 90
        1
176
     0
 90
        6
176
     0
 90
        2
176
     0
 62
     7
176
     0
 90
        5
176
     0
 90
        0
176
     0
 90
        0
176
     0
290
     0
176
     0
 90
        1
176
     0
 40
0.0
176
     0
 90
        0
176
     0
290
     0
176
     0
290
     1
176
     0
290
     1
176
     0
290
     0
176
     0
290
     0
176
     0
290
     0
176
     0
290
     0
176
     0
290
     0
176
     0
290
     0
176
     0
 90
       50
176
     0
 40
0.0
176
     0
 40
1.0
176
     0
 90
        0
176
     0
 62
    18
420
        0
176
     0
 90
       50
176
     0
 90
        3
176
     0
 62
     5
420
      255
176
     0
290
     0
176
     0
 90
       50
176
     0
 90
       50
176
     0
 90
       50
176
     0
290
     0
176
     0
 90
       50
176
     0
 62
   256
176
     0
 40
1.0
176
     0
 90
        2
176
     0
  1
strokes_ogs.tif
176
     0
290
     0
176
     0
 40
1.0
176
     0
 40
1.0
176
     0
  0
VISUALSTYLE
  5
38
102
{ACAD_REACTORS
330
29
102
}
330
29
100
AcDbVisualStyle
  2
Facepattern
 70
    15
177
     3
291
     1
 70
    58
 90
        2
176
     1
 90
        2
176
     1
 90
        0
176
     1
 90
        0
176
     1
 40
0.6
176
     1
 40
30.0
176
     1
 62
     7
420
 16777215
176
     1
 90
        1
176
     1
 90
        4
176
     1
 62
     7
176
     1
 62
   257
176
     1
 90
        1
176
     1
 90
        1
176
     1
 40
1.0
176
     1
 90
        8
176
     1
 62
     7
176
     1
 40
1.0
176
     1
 90
        1
176
     1
 90
        6
176
     1
 90
        2
176
     1
 62
     7
176
     1
 90
        5
176
     1
 90
        0
176
     1
 90
        0
176
     1
290
     0
176
     1
 90
        1
176
     1
 40
0.0
176
     1
 90
        0
176
     1
290
     0
176
     1
290
     1
176
     1
290
     1
176
     1
290
     0
176
     1
290
     0
176
     1
290
     0
176
     1
290
     0
176
     1
290
     0
176
     1
290
     0
176
     1
 90
       50
176
     1
 40
0.0
176
     1
 40
1.0
176
     1
 90
        0
176
     1
 62
    18
420
        0
176
     1
 90
       50
176
     1
 90
        3
176
     1
 62
     5
420
      255
176
     1
290
     0
176
     1
 90
       50
176
     1
 90
       50
176
     1
 90
       50
176
     1
290
     0
176
     1
 90
       50
176
     1
 62
   256
176
     0
 40
1.0
176
     0
 90
        2
176
     1
  1
strokes_ogs.tif
176
     1
290
     0
176
     1
 40
1.0
176
     1
 40
1.0
176
     1
  0
VISUALSTYLE
  5
2A
102
{ACAD_REACTORS
330
29
102
}
330
29
100
AcDbVisualStyle
  2
Flat
 70
     0
177
     3
291
     1
 70
    58
 90
        2
176
     1
 90
        1
176
     1
 90
        1
176
     1
 90
        2
176
     1
 40
0.6
176
     1
 40
30.0
176
     1
 62
     7
420
 16777215
176
     1
 90
        0
176
     1
 90
        0
176
     1
 62
     7
176
     1
 62
   257
176
     1
 90
        1
176
     1
 90
        1
176
     1
 40
1.0
176
     1
 90
        8
176
     1
 62
     7
176
     1
 40
1.0
176
     1
 90
        1
176
     1
 90
        6
176
     1
 90
        2
176
     1
 62
     7
176
     1
 90
        5
176
     1
 90
        0
176
     1
 90
        0
176
     1
290
     0
176
     1
 90
       13
176
     1
 40
0.0
176
     1
 90
        0
176
     1
290
     0
176
     1
290
     1
176
     1
290
     1
176
     1
290
     0
176
     1
290
     0
176
     1
290
     0
176
     1
290
     0
176
     1
290
     0
176
     1
290
     0
176
     1
 90
       50
176
     1
 40
0.0
176
     1
 40
1.0
176
     1
 90
        0
176
     1
 62
    18
420
        0
176
     1
 90
       50
176
     1
 90
        3
176
     1
 62
     5
420
      255
176
     1
290
     0
176
     1
 90
       50
176
     1
 90
       50
176
     1
 90
       50
176
     1
290
     0
176
     1
 90
       50
176
     1
 62
   256
176
     0
 40
1.0
176
     0
 90
        2
176
     1
  1
strokes_ogs.tif
176
     1
290
     0
176
     1
 40
1.0
176
     1
 40
1.0
176
     1
  0
VISUALSTYLE
  5
2B
102
{ACAD_REACTORS
330
29
102
}
330
29
100
AcDbVisualStyle
  2
FlatWithEdges
 70
     1
177
     3
291
     1
 70
    58
 90
        2
176
     1
 90
        1
176
     1
 90
        1
176
     1
 90
        2
176
     1
 40
0.6
176
     1
 40
30.0
176
     1
 62
     7
420
 16777215
176
     1
 90
        1
176
     1
 90
        0
176
     1
 62
     7
176
     1
 62
   257
176
     1
 90
        1
176
     1
 90
        1
176
     1
 40
1.0
176
     1
 90
        0
176
     1
 62
   257
176
     1
 40
1.0
176
     1
 90
        1
176
     1
 90
        6
176
     1
 90
        2
176
     1
 62
     7
176
     1
 90
        5
176
     1
 90
        0
176
     1
 90
        0
176
     1
290
     0
176
     1
 90
       13
176
     1
 40
0.0
176
     1
 90
        0
176
     1
290
     0
176
     1
290
     1
176
     1
290
     1
176
     1
290
     0
176
     1
290
     0
176
     1
290
     0
176
     1
290
     0
176
     1
290
     0
176
     1
290
     0
176
     1
 90
       50
176
     1
 40
0.0
176
     1
 40
1.0
176
     1
 90
        0
176
     1
 62
    18
420
        0
176
     1
 90
       50
176
     1
 90
        3
176
     1
 62
     5
420
      255
176
     1
290
     0
176
     1
 90
       50
176
     1
 90
       50
176
     1
 90
       50
176
     1
290
     0
176
     1
 90
       50
176
     1
 62
   256
176
     0
 40
1.0
176
     0
 90
        2
176
     1
  1
strokes_ogs.tif
176
     1
290
     0
176
     1
 40
1.0
176
     1
 40
1.0
176
     1
  0
VISUALSTYLE
  5
2C
102
{ACAD_REACTORS
330
29
102
}
330
29
100
AcDbVisualStyle
  2
Gouraud
 70
     2
177
     3
291
     1
 70
    58
 90
        2
176
     1
 90
        2
176
     1
 90
        1
176
     1
 90
        2
176
     1
 40
0.6
176
     1
 40
30.0
176
     1
 62
     7
420
 16777215
176
     1
 90
        0
176
     1
 90
        0
176
     1
 62
     7
176
     1
 62
   257
176
     1
 90
        1
176
     1
 90
        1
176
     1
 40
1.0
176
     1
 90
        0
176
     1
 62
     7
176
     1
 40
1.0
176
     1
 90
        1
176
     1
 90
        6
176
     1
 90
        2
176
     1
 62
     7
176
     1
 90
        5
176
     1
 90
        0
176
     1
 90
        0
176
     1
290
     0
176
     1
 90
       13
176
     1
 40
0.0
176
     1
 90
        0
176
     1
290
     0
176
     1
290
     1
176
     1
290
     1
176
     1
290
     0
176
     1
290
     0
176
     1
290
     0
176
     1
290
     0
176
     1
290
     0
176
     1
290
     0
176
     1
 90
       50
176
     1
 40
0.0
176
     1
 40
1.0
176
     1
 90
        0
176
     1
 62
    18
420
        0
176
     1
 90
       50
176
     1
 90
        3
176
     1
 62
     5
420
      255
176
     1
290
     0
176
     1
 90
       50
176
     1
 90
       50
176
     1
 90
       50
176
     1
290
     0
176
     1
 90
       50
176
     1
 62
   256
176
     0
 40
1.0
176
     0
 90
        2
176
     1
  1
strokes_ogs.tif
176
     1
290
     0
176
     1
 40
1.0
176
     1
 40
1.0
176
     1
  0
VISUALSTYLE
  5
2D
102
{ACAD_REACTORS
330
29
102
}
330
29
100
AcDbVisualStyle
  2
GouraudWithEdges
 70
     3
177
     3
291
     1
 70
    58
 90
        2
176
     1
 90
        2
176
     1
 90
        1
176
     1
 90
        2
176
     1
 40
0.6
176
     1
 40
30.0
176
     1
 62
     7
420
 16777215
176
     1
 90
        1
176
     1
 90
        0
176
     1
 62
     7
176
     1
 62
   257
176
     1
 90
        1
176
     1
 90
        1
176
     1
 40
1.0
176
     1
 90
        0
176
     1
 62
   257
176
     1
 40
1.0
176
     1
 90
        1
176
     1
 90
        6
176
     1
 90
        2
176
     1
 62
     7
176
     1
 90
        5
176
     1
 90
        0
176
     1
 90
        0
176
     1
290
     0
176
     1
 90
       13
176
     1
 40
0.0
176
     1
 90
        0
176
     1
290
     0
176
     1
290
     1
176
     1
290
     1
176
     1
290
     0
176
     1
290
     0
176
     1
290
     0
176
     1
290
     0
176
     1
290
     0
176
     1
290
     0
176
     1
 90
       50
176
     1
 40
0.0
176
     1
 40
1.0
176
     1
 90
        0
176
     1
 62
    18
420
        0
176
     1
 90
       50
176
     1
 90
        3
176
     1
 62
     5
420
      255
176
     1
290
     0
176
     1
 90
       50
176
     1
 90
       50
176
     1
 90
       50
176
     1
290
     0
176
     1
 90
       50
176
     1
 62
   256
176
     0
 40
1.0
176
     0
 90
        2
176
     1
  1
strokes_ogs.tif
176
     1
290
     0
176
     1
 40
1.0
176
     1
 40
1.0
176
     1
  0
VISUALSTYLE
  5
31
102
{ACAD_REACTORS
330
29
102
}
330
29
100
AcDbVisualStyle
  2
Hidden
 70
     6
177
     3
291
     0
 70
    58
 90
        1
176
     1
 90
        2
176
     1
 90
        2
176
     1
 90
        0
176
     1
 40
0.6
176
     1
 40
30.0
176
     1
 62
     7
420
 16777215
176
     1
 90
        2
176
     1
 90
        2
176
     1
 62
     7
176
     1
 62
   257
176
     1
 90
        2
176
     1
 90
        1
176
     1
 40
40.0
176
     1
 90
        0
176
     1
 62
   257
176
     1
 40
1.0
176
     1
 90
        1
176
     1
 90
        6
176
     1
 90
        2
176
     1
 62
     7
176
     1
 90
        3
176
     1
 90
        0
176
     1
 90
        0
176
     1
290
     0
176
     1
 90
        1
176
     1
 40
0.0
176
     1
 90
        0
176
     1
290
     0
176
     1
290
     1
176
     1
290
     1
176
     1
290
     0
176
     1
290
     0
176
     1
290
     0
176
     1
290
     0
176
     1
290
     0
176
     1
290
     0
176
     1
 90
       50
176
     1
 40
0.0
176
     1
 40
1.0
176
     1
 90
        0
176
     1
 62
    18
420
        0
176
     1
 90
       50
176
     1
 90
        3
176
     1
 62
     5
420
      255
176
     1
290
     0
176
     1
 90
       50
176
     1
 90
       50
176
     1
 90
       50
176
     1
290
     0
176
     1
 90
       50
176
     1
 62
   256
176
     0
 40
1.0
176
     0
 90
        2
176
     1
  1
strokes_ogs.tif
176
     1
290
     0
176
     1
 40
1.0
176
     1
 40
1.0
176
     1
  0
VISUALSTYLE
  5
3F
102
{ACAD_REACTORS
330
29
102
}
330
29
100
AcDbVisualStyle
  2
JitterOff
 70
    20
177
     3
291
     1
 70
    58
 90
        2
176
     0
 90
        2
176
     0
 90
        0
176
     0
 90
        0
176
     0
 40
0.6
176
     0
 40
30.0
176
     0
 62
     7
420
 16777215
176
     0
 90
        1
176
     0
 90
        4
176
     0
 62
     7
176
     0
 62
   257
176
     0
 90
        1
176
     0
 90
        1
176
     0
 40
1.0
176
     0
 90
       10
176
     2
 62
     7
176
     0
 40
1.0
176
     0
 90
        1
176
     0
 90
        6
176
     0
 90
        2
176
     0
 62
     7
176
     0
 90
        5
176
     0
 90
        0
176
     0
 90
        0
176
     0
290
     0
176
     0
 90
        1
176
     0
 40
0.0
176
     0
 90
        0
176
     0
290
     0
176
     0
290
     1
176
     0
290
     1
176
     0
290
     0
176
     0
290
     0
176
     0
290
     0
176
     0
290
     0
176
     0
290
     0
176
     0
290
     0
176
     0
 90
       50
176
     0
 40
0.0
176
     0
 40
1.0
176
     0
 90
        0
176
     0
 62
    18
420
        0
176
     0
 90
       50
176
     0
 90
        3
176
     0
 62
     5
420
      255
176
     0
290
     0
176
     0
 90
       50
176
     0
 90
       50
176
     0
 90
       50
176
     0
290
     0
176
     0
 90
       50
176
     0
 62
   256
176
     0
 40
1.0
176
     0
 90
        2
176
     0
  1
strokes_ogs.tif
176
     0
290
     0
176
     0
 40
1.0
176
     0
 40
1.0
176
     0
  0
VISUALSTYLE
  5
37
102
{ACAD_REACTORS
330
29
102
}
330
29
100
AcDbVisualStyle
  2
Linepattern
 70
    14
177
     3
291
     1
 70
    58
 90
        2
176
     1
 90
        2
176
     1
 90
        0
176
     1
 90
        0
176
     1
 40
0.6
176
     1
 40
30.0
176
     1
 62
     7
420
 16777215
176
     1
 90
        1
176
     1
 90
        4
176
     1
 62
     7
176
     1
 62
   257
176
     1
 90
        7
176
     1
 90
        7
176
     1
 40
1.0
176
     1
 90
        8
176
     1
 62
     7
176
     1
 40
1.0
176
     1
 90
        1
176
     1
 90
        6
176
     1
 90
        2
176
     1
 62
     7
176
     1
 90
        5
176
     1
 90
        0
176
     1
 90
        0
176
     1
290
     0
176
     1
 90
        1
176
     1
 40
0.0
176
     1
 90
        0
176
     1
290
     0
176
     1
290
     1
176
     1
290
     1
176
     1
290
     0
176
     1
290
     0
176
     1
290
     0
176
     1
290
     0
176
     1
290
     0
176
     1
290
     0
176
     1
 90
       50
176
     1
 40
0.0
176
     1
 40
1.0
176
     1
 90
        0
176
     1
 62
    18
420
        0
176
     1
 90
       50
176
     1
 90
        3
176
     1
 62
     5
420
      255
176
     1
290
     0
176
     1
 90
       50
176
     1
 90
       50
176
     1
 90
       50
176
     1
290
     0
176
     1
 90
       50
176
     1
 62
   256
176
     0
 40
1.0
176
     0
 90
        2
176
     1
  1
strokes_ogs.tif
176
     1
290
     0
176
     1
 40
1.0
176
     1
 40
1.0
176
     1
  0
VISUALSTYLE
  5
40
102
{ACAD_REACTORS
330
29
102
}
330
29
100
AcDbVisualStyle
  2
OverhangOff
 70
    21
177
     3
291
     1
 70
    58
 90
        2
176
     0
 90
        2
176
     0
 90
        0
176
     0
 90
        0
176
     0
 40
0.6
176
     0
 40
30.0
176
     0
 62
     7
420
 16777215
176
     0
 90
        1
176
     0
 90
        4
176
     0
 62
     7
176
     0
 62
   257
176
     0
 90
        1
176
     0
 90
        1
176
     0
 40
1.0
176
     0
 90
        9
176
     2
 62
     7
176
     0
 40
1.0
176
     0
 90
        1
176
     0
 90
        6
176
     0
 90
        2
176
     0
 62
     7
176
     0
 90
        5
176
     0
 90
        0
176
     0
 90
        0
176
     0
290
     0
176
     0
 90
        1
176
     0
 40
0.0
176
     0
 90
        0
176
     0
290
     0
176
     0
290
     1
176
     0
290
     1
176
     0
290
     0
176
     0
290
     0
176
     0
290
     0
176
     0
290
     0
176
     0
290
     0
176
     0
290
     0
176
     0
 90
       50
176
     0
 40
0.0
176
     0
 40
1.0
176
     0
 90
        0
176
     0
 62
    18
420
        0
176
     0
 90
       50
176
     0
 90
        3
176
     0
 62
     5
420
      255
176
     0
290
     0
176
     0
 90
       50
176
     0
 90
       50
176
     0
 90
       50
176
     0
290
     0
176
     0
 90
       50
176
     0
 62
   256
176
     0
 40
1.0
176
     0
 90
        2
176
     0
  1
strokes_ogs.tif
176
     0
290
     0
176
     0
 40
1.0
176
     0
 40
1.0
176
     0
  0
VISUALSTYLE
  5
33
102
{ACAD_REACTORS
330
29
102
}
330
29
100
AcDbVisualStyle
  2
Realistic
 70
     8
177
     3
291
     0
 70
    58
 90
        2
176
     1
 90
        3
176
     1
 90
        0
176
     1
 90
        2
176
     1
 40
0.6
176
     1
 40
30.0
176
     1
 62
     7
420
 16777215
176
     1
 90
        0
176
     1
 90
        0
176
     1
 62
     7
176
     1
 62
   257
176
     1
 90
        1
176
     1
 90
        1
176
     1
 40
1.0
176
     1
 90
        8
176
     1
 62
   257
176
     1
 40
1.0
176
     1
 90
        1
176
     1
 90
        6
176
     1
 90
        2
176
     1
 62
     7
176
     1
 90
        3
176
     1
 90
        0
176
     1
 90
        0
176
     1
290
     0
176
     1
 90
       13
176
     1
 40
0.0
176
     1
 90
        0
176
     1
290
     0
176
     1
290
     1
176
     1
290
     1
176
     1
290
     0
176
     1
290
     0
176
     1
290
     0
176
     1
290
     0
176
     1
290
     0
176
     1
290
     0
176
     1
 90
       50
176
     1
 40
0.0
176
     1
 40
1.0
176
     1
 90
        0
176
     1
 62
    18
420
        0
176
     1
 90
       50
176
     1
 90
        3
176
     1
 62
     5
420
      255
176
     1
290
     0
176
     1
 90
       50
176
     1
 90
       50
176
     1
 90
       50
176
     1
290
     0
176
     1
 90
       50
176
     1
 62
   256
176
     0
 40
1.0
176
     0
 90
        2
176
     1
  1
strokes_ogs.tif
176
     1
290
     0
176
     1
 40
1.0
176
     1
 40
1.0
176
     1
  0
VISUALSTYLE
  5
3E
102
{ACAD_REACTORS
330
29
102
}
330
29
100
AcDbVisualStyle
  2
Shaded
 70
    27
177
     3
291
     0
 70
    58
 90
        2
176
     1
 90
        2
176
     1
 90
        1
176
     1
 90
        2
176
     1
 40
0.6
176
     1
 40
30.0
176
     1
 62
     7
420
 16777215
176
     1
 90
        0
176
     1
 90
        4
176
     1
 62
     7
176
     1
 62
   257
176
     1
 90
        1
176
     1
 90
        1
176
     1
 40
1.0
176
     1
 90
        8
176
     1
 62
   257
176
     1
 40
1.0
176
     1
 90
        1
176
     1
 90
        6
176
     1
 90
        2
176
     1
 62
     8
420
  7895160
176
     1
 90
        3
176
     1
 90
        0
176
     1
 90
        0
176
     1
290
     0
176
     1
 90
        5
176
     1
 40
0.0
176
     1
 90
        0
176
     1
290
     0
176
     1
290
     1
176
     1
290
     1
176
     1
290
     0
176
     1
290
     0
176
     1
290
     0
176
     1
290
     0
176
     1
290
     0
176
     1
290
     0
176
     1
 90
       50
176
     1
 40
0.0
176
     1
 40
1.0
176
     1
 90
        0
176
     1
 62
    18
420
        0
176
     1
 90
       50
176
     1
 90
        3
176
     1
 62
     5
420
      255
176
     1
290
     0
176
     1
 90
       50
176
     1
 90
       50
176
     1
 90
       50
176
     1
290
     0
176
     1
 90
       50
176
     1
 62
   256
176
     0
 40
1.0
176
     0
 90
        2
176
     1
  1
strokes_ogs.tif
176
     1
290
     0
176
     1
 40
1.0
176
     1
 40
1.0
176
     1
  0
VISUALSTYLE
  5
3D
102
{ACAD_REACTORS
330
29
102
}
330
29
100
AcDbVisualStyle
  2
Shaded with edges
 70
    26
177
     3
291
     0
 70
    58
 90
        2
176
     1
 90
        2
176
     1
 90
        1
176
     1
 90
        2
176
     1
 40
0.6
176
     1
 40
30.0
176
     1
 62
     7
420
 16777215
176
     1
 90
        1
176
     1
 90
        2
176
     1
 62
     7
176
     1
 62
   257
176
     1
 90
        2
176
     1
 90
        1
176
     1
 40
1.0
176
     1
 90
        8
176
     1
 62
   257
176
     1
 40
1.0
176
     1
 90
        1
176
     1
 90
        6
176
     1
 90
        2
176
     1
 62
     7
176
     1
 90
        3
176
     1
 90
        0
176
     1
 90
        0
176
     1
290
     0
176
     1
 90
        5
176
     1
 40
0.0
176
     1
 90
        0
176
     1
290
     0
176
     1
290
     1
176
     1
290
     1
176
     1
290
     0
176
     1
290
     0
176
     1
290
     0
176
     1
290
     0
176
     1
290
     0
176
     1
290
     0
176
     1
 90
       50
176
     1
 40
0.0
176
     1
 40
1.0
176
     1
 90
        0
176
     1
 62
    18
420
        0
176
     1
 90
       50
176
     1
 90
        3
176
     1
 62
     5
420
      255
176
     1
290
     0
176
     1
 90
       50
176
     1
 90
       50
176
     1
 90
       50
176
     1
290
     0
176
     1
 90
       50
176
     1
 62
   256
176
     0
 40
1.0
176
     0
 90
        2
176
     1
  1
strokes_ogs.tif
176
     1
290
     0
176
     1
 40
1.0
176
     1
 40
1.0
176
     1
  0
VISUALSTYLE
  5
3A
102
{ACAD_REACTORS
330
29
102
}
330
29
100
AcDbVisualStyle
  2
Shades of Gray
 70
    23
177
     3
291
     0
 70
    58
 90
        2
176
     1
 90
        2
176
     1
 90
        3
176
     1
 90
        0
176
     1
 40
0.6
176
     1
 40
30.0
176
     1
 62
     7
420
 16777215
176
     1
 90
        2
176
     1
 90
        2
176
     1
 62
     7
176
     1
 62
     7
176
     1
 90
        1
176
     1
 90
        1
176
     1
 40
40.0
176
     1
 90
        8
176
     1
 62
     7
176
     1
 40
1.0
176
     1
 90
        1
176
     1
 90
        6
176
     1
 90
        2
176
     1
 62
     7
176
     1
 90
        3
176
     1
 90
        0
176
     1
 90
        0
176
     1
290
     0
176
     1
 90
        1
176
     1
 40
0.0
176
     1
 90
        0
176
     1
290
     0
176
     1
290
     1
176
     1
290
     1
176
     1
290
     0
176
     1
290
     0
176
     1
290
     0
176
     1
290
     0
176
     1
290
     0
176
     1
290
     0
176
     1
 90
       50
176
     1
 40
0.0
176
     1
 40
1.0
176
     1
 90
        0
176
     1
 62
    18
420
        0
176
     1
 90
       50
176
     1
 90
        3
176
     1
 62
     5
420
      255
176
     1
290
     0
176
     1
 90
       50
176
     1
 90
       50
176
     1
 90
       50
176
     1
290
     0
176
     1
 90
       50
176
     1
 62
   256
176
     0
 40
1.0
176
     0
 90
        2
176
     1
  1
strokes_ogs.tif
176
     1
290
     0
176
     1
 40
1.0
176
     1
 40
1.0
176
     1
  0
VISUALSTYLE
  5
3B
102
{ACAD_REACTORS
330
29
102
}
330
29
100
AcDbVisualStyle
  2
Sketchy
 70
    24
177
     3
291
     0
 70
    58
 90
        1
176
     1
 90
        2
176
     1
 90
        2
176
     1
 90
        0
176
     1
 40
0.6
176
     1
 40
30.0
176
     1
 62
     7
420
 16777215
176
     1
 90
        2
176
     1
 90
        2
176
     1
 62
     7
176
     1
 62
     7
176
     1
 90
        1
176
     1
 90
        1
176
     1
 40
40.0
176
     1
 90
       11
176
     1
 62
     7
176
     1
 40
1.0
176
     1
 90
        1
176
     1
 90
        6
176
     1
 90
        2
176
     1
 62
     7
176
     1
 90
        6
176
     1
 90
        0
176
     1
 90
        0
176
     1
290
     0
176
     1
 90
        1
176
     1
 40
0.0
176
     1
 90
        0
176
     1
290
     0
176
     1
290
     1
176
     1
290
     1
176
     1
290
     0
176
     1
290
     0
176
     1
290
     0
176
     1
290
     0
176
     1
290
     0
176
     1
290
     0
176
     1
 90
       50
176
     1
 40
0.0
176
     1
 40
1.0
176
     1
 90
        0
176
     1
 62
    18
420
        0
176
     1
 90
       50
176
     1
 90
        3
176
     1
 62
     5
420
      255
176
     1
290
     0
176
     1
 90
       50
176
     1
 90
       50
176
     1
 90
       50
176
     1
290
     0
176
     1
 90
       50
176
     1
 62
   256
176
     0
 40
1.0
176
     0
 90
        2
176
     1
  1
strokes_ogs.tif
176
     1
290
     0
176
     1
 40
1.0
176
     1
 40
1.0
176
     1
  0
VISUALSTYLE
  5
36
102
{ACAD_REACTORS
330
29
102
}
330
29
100
AcDbVisualStyle
  2
Thicken
 70
    13
177
     3
291
     1
 70
    58
 90
        2
176
     1
 90
        2
176
     1
 90
        0
176
     1
 90
        0
176
     1
 40
0.6
176
     1
 40
30.0
176
     1
 62
     7
420
 16777215
176
     1
 90
        1
176
     1
 90
        4
176
     1
 62
     7
176
     1
 62
   257
176
     1
 90
        1
176
     1
 90
        1
176
     1
 40
1.0
176
     1
 90
       12
176
     1
 62
     7
176
     1
 40
1.0
176
     1
 90
        1
176
     1
 90
        6
176
     1
 90
        2
176
     1
 62
     7
176
     1
 90
        5
176
     1
 90
        0
176
     1
 90
        0
176
     1
290
     0
176
     1
 90
        1
176
     1
 40
0.0
176
     1
 90
        0
176
     1
290
     0
176
     1
290
     1
176
     1
290
     1
176
     1
290
     0
176
     1
290
     0
176
     1
290
     0
176
     1
290
     0
176
     1
290
     0
176
     1
290
     0
176
     1
 90
       50
176
     1
 40
0.0
176
     1
 40
1.0
176
     1
 90
        0
176
     1
 62
    18
420
        0
176
     1
 90
       50
176
     1
 90
        3
176
     1
 62
     5
420
      255
176
     1
290
     0
176
     1
 90
       50
176
     1
 90
       50
176
     1
 90
       50
176
     1
290
     0
176
     1
 90
       50
176
     1
 62
   256
176
     0
 40
1.0
176
     0
 90
        2
176
     1
  1
strokes_ogs.tif
176
     1
290
     0
176
     1
 40
1.0
176
     1
 40
1.0
176
     1
  0
VISUALSTYLE
  5
30
102
{ACAD_REACTORS
330
29
102
}
330
29
100
AcDbVisualStyle
  2
Wireframe
 70
     5
177
     3
291
     0
 70
    58
 90
        0
176
     1
 90
        2
176
     1
 90
        0
176
     1
 90
        0
176
     1
 40
0.6
176
     1
 40
30.0
176
     1
 62
     7
420
 16777215
176
     1
 90
        1
176
     1
 90
        4
176
     1
 62
     7
176
     1
 62
   257
176
     1
 90
        1
176
     1
 90
        1
176
     1
 40
1.0
176
     1
 90
        0
176
     1
 62
   257
176
     1
 40
1.0
176
     1
 90
        1
176
     1
 90
        6
176
     1
 90
        2
176
     1
 62
     7
176
     1
 90
        3
176
     1
 90
        0
176
     1
 90
        0
176
     1
290
     0
176
     1
 90
        1
176
     1
 40
0.0
176
     1
 90
        0
176
     1
290
     0
176
     1
290
     1
176
     1
290
     1
176
     1
290
     0
176
     1
290
     0
176
     1
290
     0
176
     1
290
     0
176
     1
290
     0
176
     1
290
     0
176
     1
 90
       50
176
     1
 40
0.0
176
     1
 40
1.0
176
     1
 90
        0
176
     1
 62
    18
420
        0
176
     1
 90
       50
176
     1
 90
        3
176
     1
 62
     5
420
      255
176
     1
290
     0
176
     1
 90
       50
176
     1
 90
       50
176
     1
 90
       50
176
     1
290
     0
176
     1
 90
       50
176
     1
 62
   256
176
     0
 40
1.0
176
     0
 90
        2
176
     1
  1
strokes_ogs.tif
176
     1
290
     0
176
     1
 40
1.0
176
     1
 40
1.0
176
     1
  0
VISUALSTYLE
  5
3C
102
{ACAD_REACTORS
330
29
102
}
330
29
100
AcDbVisualStyle
  2
X-Ray
 70
    25
177
     3
291
     0
 70
    58
 90
        2
176
     1
 90
        2
176
     1
 90
        1
176
     1
 90
        1
176
     1
 40
0.5
176
     1
 40
30.0
176
     1
 62
     7
420
 16777215
176
     1
 90
        1
176
     1
 90
        0
176
     1
 62
     7
176
     1
 62
   257
176
     1
 90
        1
176
     1
 90
        1
176
     1
 40
1.0
176
     1
 90
        8
176
     1
 62
     7
176
     1
 40
1.0
176
     1
 90
        1
176
     1
 90
        6
176
     1
 90
        2
176
     1
 62
     7
176
     1
 90
        3
176
     1
 90
        0
176
     1
 90
        0
176
     1
290
     0
176
     1
 90
       13
176
     1
 40
0.0
176
     1
 90
        0
176
     1
290
     0
176
     1
290
     1
176
     1
290
     1
176
     1
290
     0
176
     1
290
     0
176
     1
290
     0
176
     1
290
     0
176
     1
290
     0
176
     1
290
     0
176
     1
 90
       50
176
     1
 40
0.0
176
     1
 40
1.0
176
     1
 90
        0
176
     1
 62
    18
420
        0
176
     1
 90
       50
176
     1
 90
        3
176
     1
 62
     5
420
      255
176
     1
290
     0
176
     1
 90
       50
176
     1
 90
       50
176
     1
 90
       50
176
     1
290
     0
176
     1
 90
       50
176
     1
 62
   256
176
     0
 40
1.0
176
     0
 90
        2
176
     1
  1
strokes_ogs.tif
176
     1
290
     0
176
     1
 40
1.0
176
     1
 40
1.0
176
     1
  0
DICTIONARYVAR
  5
F1
102
{ACAD_REACTORS
330
EC
102
}
330
EC
100
DictionaryVariables
280
     0
  1
1:1
  0
DICTIONARYVAR
  5
EE
102
{ACAD_REACTORS
330
EC
102
}
330
EC
100
DictionaryVariables
280
     0
  1
STANDARD
  0
DICTIONARYVAR
  5
ED
102
{ACAD_REACTORS
330
EC
102
}
330
EC
100
DictionaryVariables
280
     0
  1
STANDARD
  0
DICTIONARYVAR
  5
EF
102
{ACAD_REACTORS
330
EC
102
}
330
EC
100
DictionaryVariables
280
     0
  1
Imperial24
  0
DICTIONARYVAR
  5
F0
102
{ACAD_REACTORS
330
EC
102
}
330
EC
100
DictionaryVariables
280
     0
  1
Imperial24
  0
DICTIONARY
  5
1A
330
19
100
AcDbDictionary
280
     1
281
     1
  3
BUMPTILE
360
1C
  3
DIFFUSETILE
360
1B
  3
OPACITYTILE
360
1F
  3
REFLECTIONTILE
360
1E
  3
REFRACTIONTILE
360
20
  3
SPECULARTILE
360
1D
  0
DICTIONARY
  5
12
330
11
100
AcDbDictionary
280
     1
281
     1
  3
BUMPTILE
360
14
  3
DIFFUSETILE
360
13
  3
OPACITYTILE
360
17
  3
REFLECTIONTILE
360
16
  3
REFRACTIONTILE
360
18
  3
SPECULARTILE
360
15
  0
DICTIONARY
  5
22
330
21
100
AcDbDictionary
280
     1
281
     1
  3
BUMPTILE
360
24
  3
DIFFUSETILE
360
23
  3
OPACITYTILE
360
27
  3
REFLECTIONTILE
360
26
  3
REFRACTIONTILE
360
28
  3
SPECULARTILE
360
25
  0
DICTIONARY
  5
F2
330
65
100
AcDbDictionary
280
     1
281
     1
  3
ACAD_ROUNDTRIP_2008_TABLESTYLE_CELLSTYLEMAP
360
F3
  0
XRECORD
  5
1C
102
{ACAD_REACTORS
330
1A
102
}
330
1A
100
AcDbXrecord
280
     1
270
     1
271
     1
  0
XRECORD
  5
1B
102
{ACAD_REACTORS
330
1A
102
}
330
1A
100
AcDbXrecord
280
     1
270
     1
271
     1
  0
XRECORD
  5
1F
102
{ACAD_REACTORS
330
1A
102
}
330
1A
100
AcDbXrecord
280
     1
270
     1
271
     1
  0
XRECORD
  5
1E
102
{ACAD_REACTORS
330
1A
102
}
330
1A
100
AcDbXrecord
280
     1
270
     1
271
     1
  0
XRECORD
  5
20
102
{ACAD_REACTORS
330
1A
102
}
330
1A
100
AcDbXrecord
280
     1
270
     1
271
     1
  0
XRECORD
  5
1D
102
{ACAD_REACTORS
330
1A
102
}
330
1A
100
AcDbXrecord
280
     1
270
     1
271
     1
  0
XRECORD
  5
14
102
{ACAD_REACTORS
330
12
102
}
330
12
100
AcDbXrecord
280
     1
270
     1
271
     1
  0
XRECORD
  5
13
102
{ACAD_REACTORS
330
12
102
}
330
12
100
AcDbXrecord
280
     1
270
     1
271
     1
  0
XRECORD
  5
17
102
{ACAD_REACTORS
330
12
102
}
330
12
100
AcDbXrecord
280
     1
270
     1
271
     1
  0
XRECORD
  5
16
102
{ACAD_REACTORS
330
12
102
}
330
12
100
AcDbXrecord
280
     1
270
     1
271
     1
  0
XRECORD
  5
18
102
{ACAD_REACTORS
330
12
102
}
330
12
100
AcDbXrecord
280
     1
270
     1
271
     1
  0
XRECORD
  5
15
102
{ACAD_REACTORS
330
12
102
}
330
12
100
AcDbXrecord
280
     1
270
     1
271
     1
  0
XRECORD
  5
24
102
{ACAD_REACTORS
330
22
102
}
330
22
100
AcDbXrecord
280
     1
270
     1
271
     1
  0
XRECORD
  5
23
102
{ACAD_REACTORS
330
22
102
}
330
22
100
AcDbXrecord
280
     1
270
     1
271
     1
  0
XRECORD
  5
27
102
{ACAD_REACTORS
330
22
102
}
330
22
100
AcDbXrecord
280
     1
270
     1
271
     1
  0
XRECORD
  5
26
102
{ACAD_REACTORS
330
22
102
}
330
22
100
AcDbXrecord
280
     1
270
     1
271
     1
  0
XRECORD
  5
28
102
{ACAD_REACTORS
330
22
102
}
330
22
100
AcDbXrecord
280
     1
270
     1
271
     1
  0
XRECORD
  5
25
102
{ACAD_REACTORS
330
22
102
}
330
22
100
AcDbXrecord
280
     1
270
     1
271
     1
  0
CELLSTYLEMAP
  5
F3
102
{ACAD_REACTORS
330
F2
102
}
330
F2
100
AcDbCellStyleMap
 90
        3
300
CELLSTYLE
  1
TABLEFORMAT_BEGIN
 90
        5
170
     1
 91
        0
 92
    32768
 62
   257
 93
        1
300
CONTENTFORMAT
  1
CONTENTFORMAT_BEGIN
 90
        0
 91
        0
 92
      512
 93
        0
300

 40
0.0
140
1.0
 94
        5
 62
     0
340
55
144
0.25
309
CONTENTFORMAT_END
171
     0
 94
        0
309
TABLEFORMAT_END
  1
CELLSTYLE_BEGIN
 90
        1
 91
        1
300
_TITLE
309
CELLSTYLE_END
300
CELLSTYLE
  1
TABLEFORMAT_BEGIN
 90
        5
170
     1
 91
        0
 92
        0
 62
   257
 93
        1
300
CONTENTFORMAT
  1
CONTENTFORMAT_BEGIN
 90
        0
 91
        0
 92
      512
 93
        0
300

 40
0.0
140
1.0
 94
        5
 62
     0
340
55
144
0.18
309
CONTENTFORMAT_END
171
     0
 94
        0
309
TABLEFORMAT_END
  1
CELLSTYLE_BEGIN
 90
        2
 91
        1
300
_HEADER
309
CELLSTYLE_END
300
CELLSTYLE
  1
TABLEFORMAT_BEGIN
 90
        5
170
     1
 91
        0
 92
        0
 62
   257
 93
        1
300
CONTENTFORMAT
  1
CONTENTFORMAT_BEGIN
 90
        0
 91
        0
 92
      512
 93
        0
300

 40
0.0
140
1.0
 94
        2
 62
     0
340
55
144
0.18
309
CONTENTFORMAT_END
171
     0
 94
        0
309
TABLEFORMAT_END
  1
CELLSTYLE_BEGIN
 90
        3
 91
        2
300
_DATA
309
CELLSTYLE_END
  0
ENDSEC
  0
EOF
